fecha,P_piscop_v3_mm_d
1981-01-01,0.24
1981-01-02,0.607
1981-01-03,1.236
1981-01-04,0.416
1981-01-05,0.564
1981-01-06,0.713
1981-01-07,2.703
1981-01-08,5.796
1981-01-09,6.818
1981-01-10,4.457
1981-01-11,5.383
1981-01-12,3.559
1981-01-13,1.606
1981-01-14,0.373
1981-01-15,0.242
1981-01-16,1.64
1981-01-17,0.11
1981-01-18,0.539
1981-01-19,1.127
1981-01-20,2.705
1981-01-21,0.988
1981-01-22,0.116
1981-01-23,0.0
1981-01-24,0.013
1981-01-25,0.0
1981-01-26,0.444
1981-01-27,2.024
1981-01-28,2.59
1981-01-29,4.083
1981-01-30,3.698
1981-01-31,3.281
1981-02-01,4.568
1981-02-02,4.727
1981-02-03,10.258
1981-02-04,9.112
1981-02-05,8.502
1981-02-06,8.466
1981-02-07,11.056
1981-02-08,8.911
1981-02-09,7.636
1981-02-10,5.032
1981-02-11,5.609
1981-02-12,8.069
1981-02-13,7.659
1981-02-14,2.992
1981-02-15,3.44
1981-02-16,4.883
1981-02-17,3.816
1981-02-18,5.768
1981-02-19,10.915
1981-02-20,9.103
1981-02-21,12.812
1981-02-22,6.764
1981-02-23,8.934
1981-02-24,6.717
1981-02-25,4.582
1981-02-26,0.96
1981-02-27,0.858
1981-02-28,2.341
1981-03-01,5.27
1981-03-02,1.196
1981-03-03,1.857
1981-03-04,3.218
1981-03-05,9.041
1981-03-06,6.915
1981-03-07,13.48
1981-03-08,12.642
1981-03-09,8.255
1981-03-10,4.961
1981-03-11,14.716
1981-03-12,13.068
1981-03-13,3.9
1981-03-14,2.445
1981-03-15,3.334
1981-03-16,1.11
1981-03-17,1.054
1981-03-18,5.986
1981-03-19,1.574
1981-03-20,1.103
1981-03-21,3.601
1981-03-22,1.365
1981-03-23,0.914
1981-03-24,2.696
1981-03-25,1.018
1981-03-26,0.726
1981-03-27,0.73
1981-03-28,1.605
1981-03-29,1.105
1981-03-30,0.79
1981-03-31,1.303
1981-04-01,0.625
1981-04-02,1.29
1981-04-03,0.927
1981-04-04,2.504
1981-04-05,2.248
1981-04-06,0.872
1981-04-07,1.309
1981-04-08,1.779
1981-04-09,0.898
1981-04-10,1.126
1981-04-11,1.347
1981-04-12,3.404
1981-04-13,1.527
1981-04-14,0.13
1981-04-15,0.038
1981-04-16,0.069
1981-04-17,0.22
1981-04-18,0.636
1981-04-19,0.216
1981-04-20,0.198
1981-04-21,0.117
1981-04-22,0.178
1981-04-23,0.13
1981-04-24,0.149
1981-04-25,0.375
1981-04-26,0.308
1981-04-27,0.314
1981-04-28,0.284
1981-04-29,0.214
1981-04-30,0.0
1981-05-01,0.077
1981-05-02,0.292
1981-05-03,0.698
1981-05-04,0.003
1981-05-05,0.182
1981-05-06,0.054
1981-05-07,1.493
1981-05-08,0.848
1981-05-09,0.006
1981-05-10,0.107
1981-05-11,0.038
1981-05-12,0.137
1981-05-13,0.3
1981-05-14,0.495
1981-05-15,0.125
1981-05-16,1.601
1981-05-17,1.356
1981-05-18,1.738
1981-05-19,0.204
1981-05-20,2.596
1981-05-21,1.297
1981-05-22,0.261
1981-05-23,0.43
1981-05-24,0.196
1981-05-25,0.166
1981-05-26,0.008
1981-05-27,0.164
1981-05-28,0.04
1981-05-29,0.474
1981-05-30,0.803
1981-05-31,0.0
1981-06-01,0.297
1981-06-02,0.015
1981-06-03,0.011
1981-06-04,0.038
1981-06-05,0.043
1981-06-06,0.015
1981-06-07,0.225
1981-06-08,0.546
1981-06-09,0.248
1981-06-10,0.227
1981-06-11,0.352
1981-06-12,1.068
1981-06-13,0.351
1981-06-14,0.12
1981-06-15,0.101
1981-06-16,0.048
1981-06-17,0.192
1981-06-18,0.439
1981-06-19,0.235
1981-06-20,0.006
1981-06-21,0.016
1981-06-22,0.007
1981-06-23,0.001
1981-06-24,0.0
1981-06-25,0.003
1981-06-26,0.066
1981-06-27,0.049
1981-06-28,0.025
1981-06-29,0.277
1981-06-30,0.121
1981-07-01,0.0
1981-07-02,0.104
1981-07-03,0.085
1981-07-04,0.125
1981-07-05,0.02
1981-07-06,0.003
1981-07-07,0.0
1981-07-08,0.0
1981-07-09,0.002
1981-07-10,0.004
1981-07-11,0.0
1981-07-12,0.0
1981-07-13,0.0
1981-07-14,0.008
1981-07-15,0.001
1981-07-16,0.0
1981-07-17,0.001
1981-07-18,0.03
1981-07-19,0.031
1981-07-20,0.0
1981-07-21,0.006
1981-07-22,0.002
1981-07-23,0.001
1981-07-24,0.0
1981-07-25,0.0
1981-07-26,0.0
1981-07-27,0.001
1981-07-28,0.005
1981-07-29,0.017
1981-07-30,0.0
1981-07-31,0.0
1981-08-01,0.002
1981-08-02,0.0
1981-08-03,0.001
1981-08-04,0.0
1981-08-05,0.002
1981-08-06,0.0
1981-08-07,0.011
1981-08-08,0.013
1981-08-09,0.059
1981-08-10,0.322
1981-08-11,0.651
1981-08-12,0.418
1981-08-13,0.03
1981-08-14,0.219
1981-08-15,0.035
1981-08-16,0.0
1981-08-17,0.121
1981-08-18,0.224
1981-08-19,0.125
1981-08-20,0.001
1981-08-21,0.002
1981-08-22,0.019
1981-08-23,0.011
1981-08-24,0.004
1981-08-25,0.001
1981-08-26,0.079
1981-08-27,0.006
1981-08-28,0.487
1981-08-29,0.571
1981-08-30,0.529
1981-08-31,0.278
1981-09-01,0.178
1981-09-02,0.137
1981-09-03,0.497
1981-09-04,0.524
1981-09-05,0.905
1981-09-06,0.275
1981-09-07,0.018
1981-09-08,0.02
1981-09-09,0.12
1981-09-10,0.331
1981-09-11,0.052
1981-09-12,0.068
1981-09-13,0.14
1981-09-14,0.0
1981-09-15,0.417
1981-09-16,0.064
1981-09-17,0.006
1981-09-18,0.0
1981-09-19,0.035
1981-09-20,0.168
1981-09-21,0.464
1981-09-22,0.39
1981-09-23,0.007
1981-09-24,0.005
1981-09-25,0.011
1981-09-26,0.006
1981-09-27,0.006
1981-09-28,0.025
1981-09-29,0.151
1981-09-30,0.037
1981-10-01,1.077
1981-10-02,0.044
1981-10-03,0.013
1981-10-04,0.066
1981-10-05,0.016
1981-10-06,0.003
1981-10-07,0.206
1981-10-08,1.232
1981-10-09,2.048
1981-10-10,0.372
1981-10-11,2.634
1981-10-12,2.855
1981-10-13,2.765
1981-10-14,1.246
1981-10-15,3.446
1981-10-16,1.718
1981-10-17,3.732
1981-10-18,1.794
1981-10-19,1.397
1981-10-20,1.969
1981-10-21,2.678
1981-10-22,2.125
1981-10-23,2.462
1981-10-24,4.871
1981-10-25,2.397
1981-10-26,2.249
1981-10-27,1.251
1981-10-28,1.706
1981-10-29,1.899
1981-10-30,0.797
1981-10-31,2.665
1981-11-01,1.413
1981-11-02,3.775
1981-11-03,0.578
1981-11-04,1.697
1981-11-05,2.696
1981-11-06,2.775
1981-11-07,2.826
1981-11-08,2.518
1981-11-09,4.351
1981-11-10,0.84
1981-11-11,1.07
1981-11-12,0.665
1981-11-13,1.097
1981-11-14,0.065
1981-11-15,0.042
1981-11-16,0.251
1981-11-17,0.35
1981-11-18,0.506
1981-11-19,0.722
1981-11-20,0.708
1981-11-21,0.105
1981-11-22,0.056
1981-11-23,0.528
1981-11-24,0.281
1981-11-25,3.088
1981-11-26,3.376
1981-11-27,3.796
1981-11-28,0.825
1981-11-29,0.001
1981-11-30,0.0
1981-12-01,0.303
1981-12-02,1.573
1981-12-03,2.483
1981-12-04,1.771
1981-12-05,2.571
1981-12-06,4.239
1981-12-07,1.688
1981-12-08,0.738
1981-12-09,2.133
1981-12-10,6.285
1981-12-11,2.601
1981-12-12,1.084
1981-12-13,2.369
1981-12-14,1.671
1981-12-15,1.936
1981-12-16,6.797
1981-12-17,1.429
1981-12-18,1.402
1981-12-19,1.681
1981-12-20,2.709
1981-12-21,4.068
1981-12-22,2.055
1981-12-23,0.629
1981-12-24,3.596
1981-12-25,5.678
1981-12-26,2.206
1981-12-27,2.623
1981-12-28,4.293
1981-12-29,0.239
1981-12-30,0.182
1981-12-31,0.046
1982-01-01,0.436
1982-01-02,0.391
1982-01-03,0.369
1982-01-04,0.471
1982-01-05,0.396
1982-01-06,1.616
1982-01-07,0.328
1982-01-08,0.257
1982-01-09,0.265
1982-01-10,2.146
1982-01-11,1.828
1982-01-12,0.42
1982-01-13,0.135
1982-01-14,0.414
1982-01-15,0.0
1982-01-16,0.325
1982-01-17,1.151
1982-01-18,0.573
1982-01-19,0.618
1982-01-20,1.484
1982-01-21,2.466
1982-01-22,1.62
1982-01-23,0.773
1982-01-24,0.906
1982-01-25,3.715
1982-01-26,4.748
1982-01-27,5.042
1982-01-28,4.49
1982-01-29,2.928
1982-01-30,2.241
1982-01-31,5.361
1982-02-01,18.116
1982-02-02,8.192
1982-02-03,5.44
1982-02-04,4.946
1982-02-05,15.161
1982-02-06,12.403
1982-02-07,9.831
1982-02-08,8.263
1982-02-09,7.9
1982-02-10,8.525
1982-02-11,1.425
1982-02-12,0.61
1982-02-13,0.637
1982-02-14,0.683
1982-02-15,14.24
1982-02-16,5.802
1982-02-17,0.538
1982-02-18,0.575
1982-02-19,1.694
1982-02-20,1.303
1982-02-21,0.053
1982-02-22,1.313
1982-02-23,1.2
1982-02-24,3.275
1982-02-25,0.277
1982-02-26,3.221
1982-02-27,21.786
1982-02-28,12.257
1982-03-01,0.636
1982-03-02,0.722
1982-03-03,1.354
1982-03-04,3.404
1982-03-05,1.13
1982-03-06,0.0
1982-03-07,0.006
1982-03-08,0.0
1982-03-09,0.0
1982-03-10,0.054
1982-03-11,0.49
1982-03-12,0.91
1982-03-13,1.512
1982-03-14,8.339
1982-03-15,5.581
1982-03-16,3.877
1982-03-17,1.864
1982-03-18,3.782
1982-03-19,2.948
1982-03-20,1.723
1982-03-21,0.992
1982-03-22,2.211
1982-03-23,5.458
1982-03-24,4.375
1982-03-25,2.57
1982-03-26,0.206
1982-03-27,0.496
1982-03-28,0.741
1982-03-29,3.194
1982-03-30,3.081
1982-03-31,0.707
1982-04-01,1.139
1982-04-02,1.454
1982-04-03,4.366
1982-04-04,2.781
1982-04-05,5.044
1982-04-06,4.542
1982-04-07,2.031
1982-04-08,4.85
1982-04-09,7.791
1982-04-10,7.681
1982-04-11,1.393
1982-04-12,0.174
1982-04-13,0.132
1982-04-14,0.468
1982-04-15,0.923
1982-04-16,0.619
1982-04-17,0.333
1982-04-18,0.326
1982-04-19,0.053
1982-04-20,0.544
1982-04-21,1.104
1982-04-22,1.625
1982-04-23,2.642
1982-04-24,1.38
1982-04-25,8.325
1982-04-26,2.471
1982-04-27,2.199
1982-04-28,3.175
1982-04-29,2.408
1982-04-30,1.669
1982-05-01,0.062
1982-05-02,0.004
1982-05-03,0.063
1982-05-04,0.261
1982-05-05,0.295
1982-05-06,0.464
1982-05-07,0.12
1982-05-08,0.439
1982-05-09,0.39
1982-05-10,0.2
1982-05-11,0.243
1982-05-12,0.019
1982-05-13,0.343
1982-05-14,0.691
1982-05-15,1.622
1982-05-16,0.675
1982-05-17,0.215
1982-05-18,0.341
1982-05-19,1.429
1982-05-20,0.373
1982-05-21,0.571
1982-05-22,0.001
1982-05-23,0.024
1982-05-24,0.013
1982-05-25,0.302
1982-05-26,0.913
1982-05-27,0.224
1982-05-28,0.173
1982-05-29,0.003
1982-05-30,0.004
1982-05-31,0.01
1982-06-01,0.008
1982-06-02,0.009
1982-06-03,0.163
1982-06-04,0.173
1982-06-05,0.335
1982-06-06,0.12
1982-06-07,0.023
1982-06-08,0.014
1982-06-09,0.146
1982-06-10,0.098
1982-06-11,0.046
1982-06-12,0.0
1982-06-13,0.0
1982-06-14,0.006
1982-06-15,0.0
1982-06-16,0.013
1982-06-17,0.053
1982-06-18,0.071
1982-06-19,0.083
1982-06-20,0.264
1982-06-21,0.009
1982-06-22,0.076
1982-06-23,0.012
1982-06-24,0.072
1982-06-25,0.085
1982-06-26,0.047
1982-06-27,0.08
1982-06-28,0.009
1982-06-29,0.005
1982-06-30,0.049
1982-07-01,0.0
1982-07-02,0.0
1982-07-03,0.0
1982-07-04,0.0
1982-07-05,0.0
1982-07-06,0.002
1982-07-07,0.002
1982-07-08,0.014
1982-07-09,0.051
1982-07-10,0.0
1982-07-11,0.175
1982-07-12,0.085
1982-07-13,0.027
1982-07-14,0.002
1982-07-15,0.0
1982-07-16,0.001
1982-07-17,0.001
1982-07-18,0.083
1982-07-19,0.0
1982-07-20,0.0
1982-07-21,0.0
1982-07-22,0.0
1982-07-23,0.002
1982-07-24,0.001
1982-07-25,0.017
1982-07-26,0.048
1982-07-27,0.008
1982-07-28,0.001
1982-07-29,0.089
1982-07-30,0.016
1982-07-31,0.006
1982-08-01,0.002
1982-08-02,0.0
1982-08-03,0.063
1982-08-04,0.0
1982-08-05,0.003
1982-08-06,0.508
1982-08-07,0.036
1982-08-08,0.0
1982-08-09,0.01
1982-08-10,0.01
1982-08-11,0.0
1982-08-12,0.0
1982-08-13,0.0
1982-08-14,0.023
1982-08-15,0.0
1982-08-16,0.017
1982-08-17,0.006
1982-08-18,0.006
1982-08-19,0.0
1982-08-20,0.0
1982-08-21,0.001
1982-08-22,0.001
1982-08-23,0.05
1982-08-24,0.001
1982-08-25,0.005
1982-08-26,0.076
1982-08-27,0.0
1982-08-28,0.002
1982-08-29,0.007
1982-08-30,0.003
1982-08-31,0.205
1982-09-01,0.029
1982-09-02,0.123
1982-09-03,0.024
1982-09-04,0.107
1982-09-05,0.01
1982-09-06,0.0
1982-09-07,0.036
1982-09-08,0.042
1982-09-09,0.057
1982-09-10,0.076
1982-09-11,0.026
1982-09-12,0.009
1982-09-13,0.042
1982-09-14,0.008
1982-09-15,0.033
1982-09-16,0.019
1982-09-17,0.141
1982-09-18,0.199
1982-09-19,0.784
1982-09-20,0.518
1982-09-21,0.58
1982-09-22,0.874
1982-09-23,0.998
1982-09-24,1.246
1982-09-25,1.158
1982-09-26,0.881
1982-09-27,0.458
1982-09-28,0.964
1982-09-29,0.405
1982-09-30,0.175
1982-10-01,0.652
1982-10-02,0.84
1982-10-03,1.539
1982-10-04,0.207
1982-10-05,0.494
1982-10-06,0.127
1982-10-07,0.331
1982-10-08,0.14
1982-10-09,0.418
1982-10-10,0.688
1982-10-11,2.177
1982-10-12,2.214
1982-10-13,1.08
1982-10-14,1.578
1982-10-15,2.892
1982-10-16,1.669
1982-10-17,3.257
1982-10-18,2.012
1982-10-19,1.824
1982-10-20,2.153
1982-10-21,1.685
1982-10-22,2.221
1982-10-23,5.842
1982-10-24,2.146
1982-10-25,2.744
1982-10-26,3.794
1982-10-27,4.447
1982-10-28,1.885
1982-10-29,0.49
1982-10-30,1.099
1982-10-31,2.725
1982-11-01,1.705
1982-11-02,0.967
1982-11-03,0.686
1982-11-04,0.68
1982-11-05,0.622
1982-11-06,0.075
1982-11-07,0.088
1982-11-08,0.015
1982-11-09,0.14
1982-11-10,0.912
1982-11-11,0.948
1982-11-12,0.841
1982-11-13,1.756
1982-11-14,1.11
1982-11-15,2.243
1982-11-16,4.182
1982-11-17,3.885
1982-11-18,6.032
1982-11-19,3.058
1982-11-20,2.837
1982-11-21,1.411
1982-11-22,0.278
1982-11-23,0.574
1982-11-24,0.754
1982-11-25,0.589
1982-11-26,0.091
1982-11-27,0.365
1982-11-28,0.979
1982-11-29,0.739
1982-11-30,0.637
1982-12-01,0.7
1982-12-02,0.374
1982-12-03,1.718
1982-12-04,1.461
1982-12-05,2.861
1982-12-06,4.901
1982-12-07,3.511
1982-12-08,6.323
1982-12-09,0.817
1982-12-10,0.744
1982-12-11,0.229
1982-12-12,1.225
1982-12-13,0.192
1982-12-14,0.017
1982-12-15,0.17
1982-12-16,3.071
1982-12-17,2.564
1982-12-18,0.472
1982-12-19,6.137
1982-12-20,19.063
1982-12-21,7.015
1982-12-22,3.169
1982-12-23,3.636
1982-12-24,0.0
1982-12-25,4.243
1982-12-26,1.044
1982-12-27,1.656
1982-12-28,0.505
1982-12-29,0.667
1982-12-30,0.042
1982-12-31,0.015
1983-01-01,1.542
1983-01-02,2.192
1983-01-03,3.146
1983-01-04,4.063
1983-01-05,5.301
1983-01-06,7.06
1983-01-07,5.586
1983-01-08,2.269
1983-01-09,2.983
1983-01-10,2.154
1983-01-11,2.746
1983-01-12,4.92
1983-01-13,2.611
1983-01-14,4.126
1983-01-15,3.24
1983-01-16,4.298
1983-01-17,4.201
1983-01-18,2.772
1983-01-19,1.478
1983-01-20,0.886
1983-01-21,2.441
1983-01-22,2.74
1983-01-23,1.573
1983-01-24,3.473
1983-01-25,6.692
1983-01-26,4.305
1983-01-27,0.981
1983-01-28,2.95
1983-01-29,1.118
1983-01-30,2.958
1983-01-31,3.086
1983-02-01,1.889
1983-02-02,3.886
1983-02-03,2.205
1983-02-04,1.998
1983-02-05,1.246
1983-02-06,1.06
1983-02-07,1.453
1983-02-08,1.962
1983-02-09,1.705
1983-02-10,2.068
1983-02-11,1.874
1983-02-12,1.984
1983-02-13,4.167
1983-02-14,2.646
1983-02-15,2.825
1983-02-16,1.571
1983-02-17,2.763
1983-02-18,3.683
1983-02-19,1.152
1983-02-20,0.121
1983-02-21,1.812
1983-02-22,4.256
1983-02-23,2.27
1983-02-24,1.874
1983-02-25,1.683
1983-02-26,1.346
1983-02-27,1.05
1983-02-28,2.052
1983-03-01,3.196
1983-03-02,4.599
1983-03-03,4.65
1983-03-04,7.382
1983-03-05,7.345
1983-03-06,11.75
1983-03-07,5.124
1983-03-08,5.042
1983-03-09,13.543
1983-03-10,12.699
1983-03-11,14.806
1983-03-12,8.136
1983-03-13,9.509
1983-03-14,7.898
1983-03-15,13.714
1983-03-16,5.261
1983-03-17,2.398
1983-03-18,9.359
1983-03-19,14.496
1983-03-20,6.266
1983-03-21,7.71
1983-03-22,5.731
1983-03-23,6.073
1983-03-24,1.977
1983-03-25,1.331
1983-03-26,6.413
1983-03-27,9.748
1983-03-28,10.63
1983-03-29,14.305
1983-03-30,20.693
1983-03-31,14.799
1983-04-01,9.202
1983-04-02,6.923
1983-04-03,6.053
1983-04-04,14.724
1983-04-05,7.951
1983-04-06,12.619
1983-04-07,11.98
1983-04-08,9.754
1983-04-09,12.487
1983-04-10,5.274
1983-04-11,7.937
1983-04-12,4.298
1983-04-13,7.924
1983-04-14,6.378
1983-04-15,7.381
1983-04-16,4.669
1983-04-17,5.726
1983-04-18,3.874
1983-04-19,2.164
1983-04-20,2.734
1983-04-21,5.868
1983-04-22,8.66
1983-04-23,4.07
1983-04-24,6.331
1983-04-25,6.207
1983-04-26,4.415
1983-04-27,7.873
1983-04-28,5.169
1983-04-29,4.636
1983-04-30,2.8
1983-05-01,1.837
1983-05-02,2.022
1983-05-03,2.232
1983-05-04,1.621
1983-05-05,0.645
1983-05-06,0.156
1983-05-07,0.007
1983-05-08,0.324
1983-05-09,1.575
1983-05-10,2.566
1983-05-11,2.727
1983-05-12,1.458
1983-05-13,1.274
1983-05-14,3.193
1983-05-15,3.814
1983-05-16,0.21
1983-05-17,2.337
1983-05-18,2.345
1983-05-19,1.717
1983-05-20,4.663
1983-05-21,0.063
1983-05-22,0.025
1983-05-23,1.528
1983-05-24,0.521
1983-05-25,0.082
1983-05-26,0.352
1983-05-27,0.688
1983-05-28,0.607
1983-05-29,0.555
1983-05-30,0.215
1983-05-31,0.087
1983-06-01,0.69
1983-06-02,0.449
1983-06-03,0.159
1983-06-04,0.473
1983-06-05,0.566
1983-06-06,0.093
1983-06-07,0.432
1983-06-08,0.717
1983-06-09,0.646
1983-06-10,0.534
1983-06-11,1.347
1983-06-12,0.634
1983-06-13,0.513
1983-06-14,0.481
1983-06-15,1.733
1983-06-16,0.47
1983-06-17,0.559
1983-06-18,0.139
1983-06-19,0.001
1983-06-20,0.01
1983-06-21,0.0
1983-06-22,0.153
1983-06-23,0.134
1983-06-24,0.032
1983-06-25,0.0
1983-06-26,0.139
1983-06-27,0.622
1983-06-28,0.154
1983-06-29,0.023
1983-06-30,0.011
1983-07-01,0.007
1983-07-02,0.005
1983-07-03,0.009
1983-07-04,0.017
1983-07-05,0.0
1983-07-06,0.008
1983-07-07,0.049
1983-07-08,0.0
1983-07-09,0.011
1983-07-10,0.104
1983-07-11,0.004
1983-07-12,0.002
1983-07-13,0.0
1983-07-14,0.137
1983-07-15,0.002
1983-07-16,0.0
1983-07-17,0.001
1983-07-18,0.054
1983-07-19,0.002
1983-07-20,0.0
1983-07-21,0.0
1983-07-22,0.0
1983-07-23,0.002
1983-07-24,0.0
1983-07-25,0.001
1983-07-26,0.006
1983-07-27,0.04
1983-07-28,0.055
1983-07-29,0.065
1983-07-30,0.007
1983-07-31,0.0
1983-08-01,0.0
1983-08-02,0.0
1983-08-03,0.0
1983-08-04,0.0
1983-08-05,0.0
1983-08-06,0.0
1983-08-07,0.002
1983-08-08,0.0
1983-08-09,0.001
1983-08-10,0.0
1983-08-11,0.004
1983-08-12,0.001
1983-08-13,0.0
1983-08-14,0.06
1983-08-15,0.07
1983-08-16,0.0
1983-08-17,0.037
1983-08-18,0.06
1983-08-19,0.004
1983-08-20,0.013
1983-08-21,0.002
1983-08-22,0.001
1983-08-23,0.002
1983-08-24,0.003
1983-08-25,0.009
1983-08-26,0.027
1983-08-27,0.154
1983-08-28,0.028
1983-08-29,0.228
1983-08-30,0.149
1983-08-31,0.04
1983-09-01,0.377
1983-09-02,0.544
1983-09-03,0.367
1983-09-04,0.158
1983-09-05,0.089
1983-09-06,0.341
1983-09-07,0.124
1983-09-08,0.351
1983-09-09,0.229
1983-09-10,0.603
1983-09-11,0.202
1983-09-12,0.005
1983-09-13,0.0
1983-09-14,0.434
1983-09-15,0.207
1983-09-16,0.014
1983-09-17,0.02
1983-09-18,0.013
1983-09-19,0.0
1983-09-20,0.097
1983-09-21,0.004
1983-09-22,0.001
1983-09-23,0.0
1983-09-24,0.006
1983-09-25,0.056
1983-09-26,0.048
1983-09-27,0.008
1983-09-28,0.022
1983-09-29,0.016
1983-09-30,0.501
1983-10-01,2.408
1983-10-02,0.526
1983-10-03,0.163
1983-10-04,0.18
1983-10-05,0.533
1983-10-06,0.02
1983-10-07,0.303
1983-10-08,0.504
1983-10-09,0.032
1983-10-10,0.723
1983-10-11,2.19
1983-10-12,3.414
1983-10-13,3.152
1983-10-14,1.279
1983-10-15,2.041
1983-10-16,1.349
1983-10-17,0.251
1983-10-18,0.607
1983-10-19,0.127
1983-10-20,3.667
1983-10-21,0.155
1983-10-22,0.281
1983-10-23,0.409
1983-10-24,0.273
1983-10-25,0.022
1983-10-26,0.411
1983-10-27,0.884
1983-10-28,0.201
1983-10-29,0.458
1983-10-30,0.484
1983-10-31,0.0
1983-11-01,0.422
1983-11-02,0.514
1983-11-03,0.402
1983-11-04,0.312
1983-11-05,0.356
1983-11-06,0.334
1983-11-07,0.474
1983-11-08,0.359
1983-11-09,0.335
1983-11-10,0.569
1983-11-11,0.525
1983-11-12,0.912
1983-11-13,0.155
1983-11-14,1.111
1983-11-15,0.992
1983-11-16,0.047
1983-11-17,0.344
1983-11-18,0.455
1983-11-19,0.42
1983-11-20,0.353
1983-11-21,0.335
1983-11-22,0.512
1983-11-23,0.49
1983-11-24,0.953
1983-11-25,1.109
1983-11-26,1.798
1983-11-27,1.57
1983-11-28,2.139
1983-11-29,0.355
1983-11-30,0.291
1983-12-01,1.825
1983-12-02,3.053
1983-12-03,1.79
1983-12-04,1.605
1983-12-05,2.113
1983-12-06,0.812
1983-12-07,0.942
1983-12-08,0.61
1983-12-09,0.587
1983-12-10,1.504
1983-12-11,0.807
1983-12-12,0.558
1983-12-13,1.008
1983-12-14,1.652
1983-12-15,1.668
1983-12-16,2.489
1983-12-17,1.091
1983-12-18,3.178
1983-12-19,10.185
1983-12-20,11.197
1983-12-21,7.034
1983-12-22,7.053
1983-12-23,8.438
1983-12-24,5.984
1983-12-25,3.727
1983-12-26,3.513
1983-12-27,4.956
1983-12-28,2.421
1983-12-29,1.185
1983-12-30,0.489
1983-12-31,0.768
1984-01-01,0.2
1984-01-02,0.462
1984-01-03,0.489
1984-01-04,0.308
1984-01-05,0.234
1984-01-06,0.256
1984-01-07,0.36
1984-01-08,0.433
1984-01-09,0.127
1984-01-10,0.29
1984-01-11,0.429
1984-01-12,0.043
1984-01-13,0.49
1984-01-14,1.013
1984-01-15,2.525
1984-01-16,4.914
1984-01-17,2.678
1984-01-18,2.523
1984-01-19,3.747
1984-01-20,2.641
1984-01-21,2.009
1984-01-22,0.348
1984-01-23,0.743
1984-01-24,1.152
1984-01-25,1.412
1984-01-26,0.946
1984-01-27,0.888
1984-01-28,0.756
1984-01-29,1.093
1984-01-30,1.306
1984-01-31,1.623
1984-02-01,6.199
1984-02-02,10.813
1984-02-03,9.058
1984-02-04,10.041
1984-02-05,12.619
1984-02-06,13.615
1984-02-07,14.193
1984-02-08,12.992
1984-02-09,11.897
1984-02-10,11.65
1984-02-11,10.665
1984-02-12,5.681
1984-02-13,13.19
1984-02-14,12.196
1984-02-15,9.741
1984-02-16,9.233
1984-02-17,17.478
1984-02-18,12.474
1984-02-19,11.116
1984-02-20,13.054
1984-02-21,9.738
1984-02-22,8.397
1984-02-23,10.562
1984-02-24,9.894
1984-02-25,8.184
1984-02-26,10.182
1984-02-27,8.109
1984-02-28,10.566
1984-02-29,9.158
1984-03-01,10.38
1984-03-02,11.367
1984-03-03,6.29
1984-03-04,3.277
1984-03-05,5.754
1984-03-06,6.084
1984-03-07,9.031
1984-03-08,6.607
1984-03-09,2.932
1984-03-10,0.478
1984-03-11,2.161
1984-03-12,2.578
1984-03-13,4.599
1984-03-14,9.272
1984-03-15,5.44
1984-03-16,4.456
1984-03-17,2.922
1984-03-18,2.623
1984-03-19,3.381
1984-03-20,4.414
1984-03-21,9.033
1984-03-22,6.124
1984-03-23,4.212
1984-03-24,4.019
1984-03-25,2.208
1984-03-26,7.389
1984-03-27,7.604
1984-03-28,3.491
1984-03-29,4.253
1984-03-30,6.918
1984-03-31,7.929
1984-04-01,4.746
1984-04-02,2.849
1984-04-03,2.315
1984-04-04,3.889
1984-04-05,3.91
1984-04-06,4.303
1984-04-07,2.554
1984-04-08,4.141
1984-04-09,2.084
1984-04-10,1.938
1984-04-11,1.415
1984-04-12,1.506
1984-04-13,1.717
1984-04-14,2.957
1984-04-15,1.977
1984-04-16,2.157
1984-04-17,0.985
1984-04-18,1.025
1984-04-19,1.13
1984-04-20,0.241
1984-04-21,1.437
1984-04-22,4.214
1984-04-23,1.406
1984-04-24,4.178
1984-04-25,6.0
1984-04-26,4.398
1984-04-27,2.699
1984-04-28,3.164
1984-04-29,0.92
1984-04-30,2.105
1984-05-01,6.317
1984-05-02,1.224
1984-05-03,0.996
1984-05-04,3.405
1984-05-05,4.312
1984-05-06,3.148
1984-05-07,1.576
1984-05-08,2.554
1984-05-09,3.338
1984-05-10,1.304
1984-05-11,3.996
1984-05-12,4.119
1984-05-13,1.634
1984-05-14,1.14
1984-05-15,1.785
1984-05-16,0.089
1984-05-17,0.259
1984-05-18,0.502
1984-05-19,0.486
1984-05-20,1.413
1984-05-21,0.705
1984-05-22,0.806
1984-05-23,0.199
1984-05-24,0.284
1984-05-25,0.234
1984-05-26,0.309
1984-05-27,0.366
1984-05-28,0.813
1984-05-29,0.322
1984-05-30,0.41
1984-05-31,0.275
1984-06-01,0.937
1984-06-02,0.888
1984-06-03,0.48
1984-06-04,0.501
1984-06-05,0.835
1984-06-06,0.819
1984-06-07,0.753
1984-06-08,0.564
1984-06-09,0.768
1984-06-10,0.704
1984-06-11,0.438
1984-06-12,1.088
1984-06-13,0.894
1984-06-14,1.134
1984-06-15,0.697
1984-06-16,0.579
1984-06-17,0.571
1984-06-18,0.189
1984-06-19,0.394
1984-06-20,0.448
1984-06-21,0.116
1984-06-22,0.031
1984-06-23,0.049
1984-06-24,0.011
1984-06-25,0.042
1984-06-26,0.238
1984-06-27,0.256
1984-06-28,0.641
1984-06-29,0.777
1984-06-30,0.725
1984-07-01,0.211
1984-07-02,0.016
1984-07-03,0.291
1984-07-04,0.169
1984-07-05,0.037
1984-07-06,0.011
1984-07-07,0.616
1984-07-08,0.616
1984-07-09,0.015
1984-07-10,0.189
1984-07-11,0.013
1984-07-12,0.047
1984-07-13,0.002
1984-07-14,0.045
1984-07-15,0.101
1984-07-16,0.006
1984-07-17,0.044
1984-07-18,0.003
1984-07-19,0.037
1984-07-20,0.047
1984-07-21,0.007
1984-07-22,0.0
1984-07-23,0.001
1984-07-24,0.017
1984-07-25,0.0
1984-07-26,0.0
1984-07-27,0.003
1984-07-28,0.002
1984-07-29,0.003
1984-07-30,0.007
1984-07-31,0.002
1984-08-01,0.033
1984-08-02,0.001
1984-08-03,0.004
1984-08-04,0.006
1984-08-05,0.011
1984-08-06,0.017
1984-08-07,0.007
1984-08-08,0.009
1984-08-09,0.226
1984-08-10,0.19
1984-08-11,0.157
1984-08-12,0.0
1984-08-13,0.0
1984-08-14,0.0
1984-08-15,0.0
1984-08-16,0.061
1984-08-17,0.0
1984-08-18,0.001
1984-08-19,0.0
1984-08-20,0.181
1984-08-21,0.047
1984-08-22,0.018
1984-08-23,0.002
1984-08-24,0.044
1984-08-25,0.555
1984-08-26,0.359
1984-08-27,0.007
1984-08-28,0.006
1984-08-29,0.0
1984-08-30,0.0
1984-08-31,0.0
1984-09-01,0.0
1984-09-02,0.015
1984-09-03,0.001
1984-09-04,0.072
1984-09-05,0.193
1984-09-06,0.142
1984-09-07,0.248
1984-09-08,0.369
1984-09-09,1.142
1984-09-10,0.145
1984-09-11,0.006
1984-09-12,0.003
1984-09-13,0.007
1984-09-14,0.014
1984-09-15,0.015
1984-09-16,0.781
1984-09-17,0.116
1984-09-18,0.163
1984-09-19,0.258
1984-09-20,0.271
1984-09-21,1.593
1984-09-22,1.105
1984-09-23,1.519
1984-09-24,1.365
1984-09-25,0.092
1984-09-26,0.143
1984-09-27,1.311
1984-09-28,0.521
1984-09-29,0.003
1984-09-30,0.069
1984-10-01,0.003
1984-10-02,0.0
1984-10-03,0.013
1984-10-04,0.093
1984-10-05,0.501
1984-10-06,0.526
1984-10-07,0.473
1984-10-08,1.114
1984-10-09,0.249
1984-10-10,0.379
1984-10-11,0.282
1984-10-12,0.08
1984-10-13,0.032
1984-10-14,0.889
1984-10-15,1.209
1984-10-16,2.32
1984-10-17,3.205
1984-10-18,3.539
1984-10-19,2.732
1984-10-20,3.551
1984-10-21,2.784
1984-10-22,2.147
1984-10-23,2.067
1984-10-24,1.514
1984-10-25,1.17
1984-10-26,3.585
1984-10-27,1.064
1984-10-28,0.863
1984-10-29,0.146
1984-10-30,0.0
1984-10-31,0.0
1984-11-01,0.0
1984-11-02,0.0
1984-11-03,0.0
1984-11-04,0.0
1984-11-05,0.0
1984-11-06,0.0
1984-11-07,0.0
1984-11-08,0.0
1984-11-09,0.371
1984-11-10,0.217
1984-11-11,1.597
1984-11-12,0.041
1984-11-13,0.152
1984-11-14,0.132
1984-11-15,0.398
1984-11-16,0.982
1984-11-17,0.981
1984-11-18,1.48
1984-11-19,1.21
1984-11-20,0.399
1984-11-21,0.398
1984-11-22,1.942
1984-11-23,0.76
1984-11-24,2.898
1984-11-25,4.163
1984-11-26,4.326
1984-11-27,1.467
1984-11-28,0.965
1984-11-29,2.638
1984-11-30,3.781
1984-12-01,3.294
1984-12-02,1.662
1984-12-03,1.161
1984-12-04,1.871
1984-12-05,2.234
1984-12-06,0.631
1984-12-07,0.896
1984-12-08,0.306
1984-12-09,0.411
1984-12-10,0.39
1984-12-11,0.991
1984-12-12,0.531
1984-12-13,0.692
1984-12-14,1.146
1984-12-15,1.369
1984-12-16,1.265
1984-12-17,0.985
1984-12-18,0.96
1984-12-19,1.251
1984-12-20,0.67
1984-12-21,5.001
1984-12-22,3.551
1984-12-23,2.526
1984-12-24,1.092
1984-12-25,0.764
1984-12-26,0.552
1984-12-27,0.727
1984-12-28,0.867
1984-12-29,1.106
1984-12-30,2.733
1984-12-31,2.725
1985-01-01,0.608
1985-01-02,0.462
1985-01-03,0.299
1985-01-04,1.59
1985-01-05,1.605
1985-01-06,1.439
1985-01-07,0.313
1985-01-08,0.987
1985-01-09,0.781
1985-01-10,0.268
1985-01-11,1.457
1985-01-12,0.84
1985-01-13,1.398
1985-01-14,0.106
1985-01-15,0.12
1985-01-16,0.141
1985-01-17,0.949
1985-01-18,1.29
1985-01-19,0.825
1985-01-20,0.622
1985-01-21,0.316
1985-01-22,0.385
1985-01-23,0.369
1985-01-24,0.307
1985-01-25,0.325
1985-01-26,0.194
1985-01-27,0.297
1985-01-28,0.477
1985-01-29,0.747
1985-01-30,0.19
1985-01-31,0.282
1985-02-01,1.263
1985-02-02,1.131
1985-02-03,0.663
1985-02-04,0.188
1985-02-05,0.342
1985-02-06,0.391
1985-02-07,0.725
1985-02-08,1.287
1985-02-09,2.642
1985-02-10,2.306
1985-02-11,7.055
1985-02-12,5.314
1985-02-13,8.354
1985-02-14,12.113
1985-02-15,4.377
1985-02-16,0.837
1985-02-17,0.324
1985-02-18,1.051
1985-02-19,3.671
1985-02-20,1.995
1985-02-21,0.817
1985-02-22,0.95
1985-02-23,2.561
1985-02-24,1.755
1985-02-25,0.527
1985-02-26,0.168
1985-02-27,0.224
1985-02-28,0.206
1985-03-01,2.29
1985-03-02,1.437
1985-03-03,3.275
1985-03-04,4.646
1985-03-05,8.153
1985-03-06,2.152
1985-03-07,2.762
1985-03-08,3.233
1985-03-09,5.91
1985-03-10,4.413
1985-03-11,3.972
1985-03-12,3.633
1985-03-13,1.846
1985-03-14,0.148
1985-03-15,0.283
1985-03-16,0.213
1985-03-17,0.016
1985-03-18,0.065
1985-03-19,0.018
1985-03-20,0.548
1985-03-21,0.153
1985-03-22,0.112
1985-03-23,0.282
1985-03-24,0.365
1985-03-25,0.882
1985-03-26,1.458
1985-03-27,1.569
1985-03-28,0.658
1985-03-29,0.579
1985-03-30,2.152
1985-03-31,3.502
1985-04-01,7.389
1985-04-02,6.22
1985-04-03,4.245
1985-04-04,1.895
1985-04-05,0.527
1985-04-06,0.487
1985-04-07,0.704
1985-04-08,1.795
1985-04-09,0.904
1985-04-10,1.136
1985-04-11,1.251
1985-04-12,0.62
1985-04-13,0.734
1985-04-14,0.789
1985-04-15,0.764
1985-04-16,0.482
1985-04-17,0.036
1985-04-18,0.188
1985-04-19,0.539
1985-04-20,0.515
1985-04-21,1.072
1985-04-22,0.63
1985-04-23,0.18
1985-04-24,0.142
1985-04-25,0.179
1985-04-26,1.122
1985-04-27,0.509
1985-04-28,0.275
1985-04-29,0.082
1985-04-30,0.694
1985-05-01,0.132
1985-05-02,0.417
1985-05-03,0.324
1985-05-04,0.455
1985-05-05,0.238
1985-05-06,0.012
1985-05-07,0.02
1985-05-08,0.024
1985-05-09,0.039
1985-05-10,0.666
1985-05-11,0.089
1985-05-12,0.01
1985-05-13,0.139
1985-05-14,0.814
1985-05-15,0.399
1985-05-16,0.628
1985-05-17,0.65
1985-05-18,0.914
1985-05-19,0.453
1985-05-20,0.032
1985-05-21,0.328
1985-05-22,0.102
1985-05-23,0.073
1985-05-24,0.092
1985-05-25,0.035
1985-05-26,0.142
1985-05-27,0.185
1985-05-28,0.185
1985-05-29,0.0
1985-05-30,0.011
1985-05-31,0.034
1985-06-01,0.056
1985-06-02,0.032
1985-06-03,0.101
1985-06-04,0.151
1985-06-05,0.55
1985-06-06,0.213
1985-06-07,0.056
1985-06-08,0.191
1985-06-09,0.083
1985-06-10,0.008
1985-06-11,0.0
1985-06-12,0.051
1985-06-13,0.033
1985-06-14,0.023
1985-06-15,0.0
1985-06-16,0.0
1985-06-17,0.0
1985-06-18,0.0
1985-06-19,0.0
1985-06-20,0.0
1985-06-21,0.001
1985-06-22,0.001
1985-06-23,0.0
1985-06-24,0.001
1985-06-25,0.002
1985-06-26,0.014
1985-06-27,0.002
1985-06-28,0.002
1985-06-29,0.004
1985-06-30,0.0
1985-07-01,0.0
1985-07-02,0.0
1985-07-03,0.0
1985-07-04,0.054
1985-07-05,0.001
1985-07-06,0.157
1985-07-07,0.009
1985-07-08,0.121
1985-07-09,0.028
1985-07-10,0.028
1985-07-11,0.114
1985-07-12,0.004
1985-07-13,0.003
1985-07-14,0.001
1985-07-15,0.037
1985-07-16,0.0
1985-07-17,0.0
1985-07-18,0.0
1985-07-19,0.022
1985-07-20,0.082
1985-07-21,0.0
1985-07-22,0.001
1985-07-23,0.001
1985-07-24,0.001
1985-07-25,0.0
1985-07-26,0.0
1985-07-27,0.0
1985-07-28,0.011
1985-07-29,0.02
1985-07-30,0.077
1985-07-31,0.133
1985-08-01,0.994
1985-08-02,0.371
1985-08-03,0.632
1985-08-04,0.053
1985-08-05,0.005
1985-08-06,0.071
1985-08-07,0.346
1985-08-08,1.934
1985-08-09,0.555
1985-08-10,0.0
1985-08-11,0.005
1985-08-12,0.0
1985-08-13,0.0
1985-08-14,0.034
1985-08-15,0.01
1985-08-16,0.947
1985-08-17,0.001
1985-08-18,0.045
1985-08-19,0.686
1985-08-20,0.333
1985-08-21,0.01
1985-08-22,0.539
1985-08-23,0.081
1985-08-24,0.008
1985-08-25,0.07
1985-08-26,0.501
1985-08-27,0.034
1985-08-28,0.105
1985-08-29,0.262
1985-08-30,0.094
1985-08-31,0.078
1985-09-01,0.416
1985-09-02,0.34
1985-09-03,0.423
1985-09-04,0.128
1985-09-05,0.198
1985-09-06,0.461
1985-09-07,0.102
1985-09-08,0.032
1985-09-09,0.334
1985-09-10,0.206
1985-09-11,0.0
1985-09-12,0.247
1985-09-13,0.082
1985-09-14,0.447
1985-09-15,0.009
1985-09-16,0.453
1985-09-17,0.528
1985-09-18,1.064
1985-09-19,0.893
1985-09-20,0.749
1985-09-21,2.27
1985-09-22,1.268
1985-09-23,0.662
1985-09-24,0.936
1985-09-25,2.333
1985-09-26,0.138
1985-09-27,0.135
1985-09-28,0.032
1985-09-29,0.038
1985-09-30,0.153
1985-10-01,0.601
1985-10-02,0.3
1985-10-03,0.895
1985-10-04,0.836
1985-10-05,0.57
1985-10-06,0.25
1985-10-07,0.509
1985-10-08,0.344
1985-10-09,0.669
1985-10-10,0.247
1985-10-11,0.482
1985-10-12,0.071
1985-10-13,0.228
1985-10-14,0.144
1985-10-15,0.178
1985-10-16,0.251
1985-10-17,0.019
1985-10-18,0.394
1985-10-19,0.081
1985-10-20,0.188
1985-10-21,0.032
1985-10-22,0.269
1985-10-23,0.181
1985-10-24,0.025
1985-10-25,0.096
1985-10-26,0.0
1985-10-27,0.069
1985-10-28,0.0
1985-10-29,0.001
1985-10-30,0.001
1985-10-31,0.0
1985-11-01,0.048
1985-11-02,0.044
1985-11-03,0.041
1985-11-04,0.019
1985-11-05,0.099
1985-11-06,0.002
1985-11-07,0.001
1985-11-08,0.0
1985-11-09,0.043
1985-11-10,0.201
1985-11-11,0.368
1985-11-12,0.395
1985-11-13,0.374
1985-11-14,0.414
1985-11-15,0.232
1985-11-16,0.007
1985-11-17,0.003
1985-11-18,0.039
1985-11-19,0.117
1985-11-20,0.168
1985-11-21,0.353
1985-11-22,0.039
1985-11-23,0.028
1985-11-24,0.0
1985-11-25,0.0
1985-11-26,0.0
1985-11-27,0.03
1985-11-28,0.046
1985-11-29,0.006
1985-11-30,0.131
1985-12-01,1.054
1985-12-02,0.693
1985-12-03,0.262
1985-12-04,0.425
1985-12-05,0.089
1985-12-06,0.65
1985-12-07,0.664
1985-12-08,1.681
1985-12-09,1.645
1985-12-10,2.466
1985-12-11,0.75
1985-12-12,1.939
1985-12-13,0.415
1985-12-14,1.41
1985-12-15,1.04
1985-12-16,2.515
1985-12-17,3.268
1985-12-18,1.881
1985-12-19,2.565
1985-12-20,4.61
1985-12-21,3.25
1985-12-22,4.048
1985-12-23,1.992
1985-12-24,1.025
1985-12-25,5.791
1985-12-26,0.323
1985-12-27,1.248
1985-12-28,1.089
1985-12-29,0.524
1985-12-30,0.667
1985-12-31,0.683
1986-01-01,1.897
1986-01-02,2.751
1986-01-03,4.003
1986-01-04,2.858
1986-01-05,5.006
1986-01-06,3.973
1986-01-07,1.793
1986-01-08,1.658
1986-01-09,1.621
1986-01-10,1.851
1986-01-11,2.584
1986-01-12,2.348
1986-01-13,1.994
1986-01-14,2.25
1986-01-15,5.065
1986-01-16,3.466
1986-01-17,2.471
1986-01-18,5.028
1986-01-19,3.923
1986-01-20,6.958
1986-01-21,6.607
1986-01-22,4.79
1986-01-23,3.994
1986-01-24,6.212
1986-01-25,6.094
1986-01-26,8.417
1986-01-27,8.92
1986-01-28,8.057
1986-01-29,5.018
1986-01-30,3.779
1986-01-31,2.999
1986-02-01,2.044
1986-02-02,3.177
1986-02-03,2.796
1986-02-04,2.796
1986-02-05,2.004
1986-02-06,2.181
1986-02-07,2.432
1986-02-08,2.817
1986-02-09,4.63
1986-02-10,3.136
1986-02-11,2.071
1986-02-12,5.746
1986-02-13,5.635
1986-02-14,10.075
1986-02-15,5.217
1986-02-16,4.325
1986-02-17,3.654
1986-02-18,2.777
1986-02-19,2.199
1986-02-20,1.037
1986-02-21,1.218
1986-02-22,3.481
1986-02-23,3.808
1986-02-24,7.513
1986-02-25,4.151
1986-02-26,3.728
1986-02-27,1.857
1986-02-28,5.277
1986-03-01,1.051
1986-03-02,1.288
1986-03-03,1.611
1986-03-04,2.186
1986-03-05,2.927
1986-03-06,3.537
1986-03-07,2.651
1986-03-08,1.184
1986-03-09,4.467
1986-03-10,4.487
1986-03-11,3.777
1986-03-12,2.446
1986-03-13,1.236
1986-03-14,4.192
1986-03-15,4.602
1986-03-16,1.015
1986-03-17,1.717
1986-03-18,3.819
1986-03-19,5.244
1986-03-20,2.086
1986-03-21,2.72
1986-03-22,3.571
1986-03-23,2.683
1986-03-24,1.163
1986-03-25,9.947
1986-03-26,9.537
1986-03-27,8.036
1986-03-28,3.956
1986-03-29,9.337
1986-03-30,6.055
1986-03-31,2.874
1986-04-01,7.16
1986-04-02,7.884
1986-04-03,9.589
1986-04-04,7.412
1986-04-05,10.266
1986-04-06,10.737
1986-04-07,9.19
1986-04-08,7.845
1986-04-09,6.816
1986-04-10,2.101
1986-04-11,3.817
1986-04-12,3.179
1986-04-13,3.137
1986-04-14,3.535
1986-04-15,2.596
1986-04-16,6.297
1986-04-17,5.713
1986-04-18,6.505
1986-04-19,3.76
1986-04-20,2.831
1986-04-21,4.513
1986-04-22,5.622
1986-04-23,5.335
1986-04-24,3.084
1986-04-25,5.063
1986-04-26,3.989
1986-04-27,4.803
1986-04-28,3.335
1986-04-29,3.614
1986-04-30,5.1
1986-05-01,1.092
1986-05-02,1.15
1986-05-03,1.994
1986-05-04,0.729
1986-05-05,0.803
1986-05-06,0.241
1986-05-07,0.475
1986-05-08,0.248
1986-05-09,0.33
1986-05-10,0.566
1986-05-11,0.742
1986-05-12,0.629
1986-05-13,0.323
1986-05-14,0.841
1986-05-15,0.109
1986-05-16,0.407
1986-05-17,0.216
1986-05-18,0.178
1986-05-19,0.176
1986-05-20,0.283
1986-05-21,0.184
1986-05-22,0.313
1986-05-23,0.313
1986-05-24,0.191
1986-05-25,0.796
1986-05-26,0.725
1986-05-27,0.005
1986-05-28,0.027
1986-05-29,0.001
1986-05-30,0.006
1986-05-31,0.15
1986-06-01,0.306
1986-06-02,0.087
1986-06-03,0.036
1986-06-04,0.172
1986-06-05,0.26
1986-06-06,0.076
1986-06-07,0.094
1986-06-08,0.211
1986-06-09,0.114
1986-06-10,0.104
1986-06-11,0.014
1986-06-12,0.0
1986-06-13,0.0
1986-06-14,0.0
1986-06-15,0.149
1986-06-16,0.0
1986-06-17,0.011
1986-06-18,0.15
1986-06-19,0.0
1986-06-20,0.0
1986-06-21,0.002
1986-06-22,0.001
1986-06-23,0.004
1986-06-24,0.001
1986-06-25,0.0
1986-06-26,0.055
1986-06-27,0.297
1986-06-28,0.264
1986-06-29,0.243
1986-06-30,0.283
1986-07-01,0.057
1986-07-02,0.502
1986-07-03,0.07
1986-07-04,0.219
1986-07-05,0.09
1986-07-06,0.012
1986-07-07,0.066
1986-07-08,0.01
1986-07-09,0.007
1986-07-10,0.003
1986-07-11,0.053
1986-07-12,0.334
1986-07-13,0.156
1986-07-14,0.11
1986-07-15,0.472
1986-07-16,0.047
1986-07-17,0.002
1986-07-18,0.001
1986-07-19,0.0
1986-07-20,0.004
1986-07-21,0.407
1986-07-22,0.003
1986-07-23,0.001
1986-07-24,0.007
1986-07-25,0.001
1986-07-26,0.001
1986-07-27,0.003
1986-07-28,0.0
1986-07-29,0.0
1986-07-30,0.0
1986-07-31,0.002
1986-08-01,0.0
1986-08-02,0.0
1986-08-03,0.001
1986-08-04,0.028
1986-08-05,0.001
1986-08-06,0.0
1986-08-07,0.0
1986-08-08,0.0
1986-08-09,0.0
1986-08-10,0.0
1986-08-11,0.116
1986-08-12,0.002
1986-08-13,0.034
1986-08-14,0.116
1986-08-15,0.472
1986-08-16,0.271
1986-08-17,0.429
1986-08-18,0.822
1986-08-19,1.099
1986-08-20,0.348
1986-08-21,0.013
1986-08-22,0.007
1986-08-23,0.002
1986-08-24,0.139
1986-08-25,0.3
1986-08-26,1.046
1986-08-27,0.625
1986-08-28,0.065
1986-08-29,0.084
1986-08-30,0.286
1986-08-31,0.007
1986-09-01,0.019
1986-09-02,0.125
1986-09-03,0.037
1986-09-04,0.004
1986-09-05,0.009
1986-09-06,0.0
1986-09-07,0.0
1986-09-08,0.0
1986-09-09,0.0
1986-09-10,0.0
1986-09-11,0.0
1986-09-12,0.004
1986-09-13,0.022
1986-09-14,0.045
1986-09-15,0.014
1986-09-16,0.184
1986-09-17,0.072
1986-09-18,0.067
1986-09-19,0.105
1986-09-20,0.027
1986-09-21,0.008
1986-09-22,0.0
1986-09-23,0.285
1986-09-24,0.464
1986-09-25,0.129
1986-09-26,0.128
1986-09-27,0.114
1986-09-28,0.292
1986-09-29,0.886
1986-09-30,0.834
1986-10-01,0.376
1986-10-02,0.595
1986-10-03,0.431
1986-10-04,0.248
1986-10-05,0.037
1986-10-06,1.386
1986-10-07,0.45
1986-10-08,0.375
1986-10-09,0.031
1986-10-10,0.794
1986-10-11,1.205
1986-10-12,0.841
1986-10-13,0.754
1986-10-14,0.49
1986-10-15,0.203
1986-10-16,0.288
1986-10-17,0.002
1986-10-18,0.311
1986-10-19,0.906
1986-10-20,0.36
1986-10-21,0.585
1986-10-22,1.478
1986-10-23,2.997
1986-10-24,0.91
1986-10-25,0.698
1986-10-26,0.449
1986-10-27,0.732
1986-10-28,0.64
1986-10-29,0.201
1986-10-30,0.665
1986-10-31,0.333
1986-11-01,0.702
1986-11-02,0.811
1986-11-03,3.057
1986-11-04,4.726
1986-11-05,4.772
1986-11-06,3.517
1986-11-07,1.974
1986-11-08,1.528
1986-11-09,2.204
1986-11-10,1.748
1986-11-11,1.299
1986-11-12,0.531
1986-11-13,0.264
1986-11-14,0.376
1986-11-15,0.96
1986-11-16,0.234
1986-11-17,1.248
1986-11-18,1.926
1986-11-19,0.417
1986-11-20,1.455
1986-11-21,0.737
1986-11-22,0.836
1986-11-23,0.01
1986-11-24,0.0
1986-11-25,0.0
1986-11-26,0.0
1986-11-27,0.08
1986-11-28,0.0
1986-11-29,0.013
1986-11-30,0.002
1986-12-01,0.004
1986-12-02,0.362
1986-12-03,0.278
1986-12-04,0.098
1986-12-05,0.217
1986-12-06,0.353
1986-12-07,1.298
1986-12-08,1.514
1986-12-09,1.808
1986-12-10,3.009
1986-12-11,6.547
1986-12-12,4.519
1986-12-13,3.565
1986-12-14,3.59
1986-12-15,1.537
1986-12-16,0.022
1986-12-17,0.001
1986-12-18,0.3
1986-12-19,0.798
1986-12-20,1.386
1986-12-21,3.479
1986-12-22,6.047
1986-12-23,6.152
1986-12-24,4.572
1986-12-25,3.86
1986-12-26,6.502
1986-12-27,9.918
1986-12-28,7.133
1986-12-29,7.598
1986-12-30,2.923
1986-12-31,4.925
1987-01-01,4.631
1987-01-02,2.248
1987-01-03,7.982
1987-01-04,4.377
1987-01-05,4.816
1987-01-06,5.85
1987-01-07,2.675
1987-01-08,2.806
1987-01-09,2.164
1987-01-10,3.049
1987-01-11,3.785
1987-01-12,2.884
1987-01-13,1.681
1987-01-14,0.864
1987-01-15,2.732
1987-01-16,2.841
1987-01-17,2.66
1987-01-18,5.276
1987-01-19,7.838
1987-01-20,15.864
1987-01-21,6.818
1987-01-22,11.998
1987-01-23,5.729
1987-01-24,3.658
1987-01-25,3.634
1987-01-26,4.412
1987-01-27,4.154
1987-01-28,2.741
1987-01-29,2.038
1987-01-30,1.422
1987-01-31,3.685
1987-02-01,1.208
1987-02-02,3.14
1987-02-03,6.849
1987-02-04,9.333
1987-02-05,11.787
1987-02-06,9.447
1987-02-07,5.206
1987-02-08,5.443
1987-02-09,3.392
1987-02-10,3.205
1987-02-11,5.753
1987-02-12,6.865
1987-02-13,4.527
1987-02-14,9.399
1987-02-15,0.662
1987-02-16,0.946
1987-02-17,1.551
1987-02-18,4.102
1987-02-19,1.724
1987-02-20,2.333
1987-02-21,4.025
1987-02-22,3.478
1987-02-23,0.915
1987-02-24,0.086
1987-02-25,0.184
1987-02-26,0.614
1987-02-27,3.169
1987-02-28,3.209
1987-03-01,7.68
1987-03-02,3.57
1987-03-03,1.646
1987-03-04,3.353
1987-03-05,5.687
1987-03-06,2.163
1987-03-07,5.435
1987-03-08,2.032
1987-03-09,2.655
1987-03-10,0.233
1987-03-11,0.0
1987-03-12,0.023
1987-03-13,0.594
1987-03-14,0.949
1987-03-15,1.877
1987-03-16,0.536
1987-03-17,0.008
1987-03-18,0.005
1987-03-19,0.005
1987-03-20,0.055
1987-03-21,0.585
1987-03-22,0.194
1987-03-23,1.049
1987-03-24,5.093
1987-03-25,1.298
1987-03-26,3.785
1987-03-27,1.251
1987-03-28,1.233
1987-03-29,0.413
1987-03-30,2.011
1987-03-31,1.917
1987-04-01,1.914
1987-04-02,0.827
1987-04-03,1.728
1987-04-04,5.783
1987-04-05,4.663
1987-04-06,0.801
1987-04-07,1.005
1987-04-08,1.763
1987-04-09,4.42
1987-04-10,3.533
1987-04-11,2.644
1987-04-12,2.669
1987-04-13,2.156
1987-04-14,2.163
1987-04-15,5.926
1987-04-16,9.808
1987-04-17,4.037
1987-04-18,0.563
1987-04-19,0.16
1987-04-20,3.379
1987-04-21,1.416
1987-04-22,8.624
1987-04-23,2.702
1987-04-24,3.963
1987-04-25,2.45
1987-04-26,0.328
1987-04-27,0.852
1987-04-28,2.273
1987-04-29,4.07
1987-04-30,2.626
1987-05-01,2.595
1987-05-02,1.582
1987-05-03,1.526
1987-05-04,0.311
1987-05-05,0.177
1987-05-06,0.19
1987-05-07,0.453
1987-05-08,0.203
1987-05-09,0.091
1987-05-10,0.048
1987-05-11,0.0
1987-05-12,0.089
1987-05-13,0.096
1987-05-14,0.39
1987-05-15,1.161
1987-05-16,0.129
1987-05-17,0.041
1987-05-18,0.36
1987-05-19,0.579
1987-05-20,0.087
1987-05-21,0.017
1987-05-22,0.529
1987-05-23,0.0
1987-05-24,0.003
1987-05-25,0.037
1987-05-26,0.048
1987-05-27,0.04
1987-05-28,0.0
1987-05-29,0.003
1987-05-30,0.0
1987-05-31,0.598
1987-06-01,0.023
1987-06-02,0.13
1987-06-03,0.116
1987-06-04,0.03
1987-06-05,0.149
1987-06-06,0.007
1987-06-07,0.075
1987-06-08,0.037
1987-06-09,0.007
1987-06-10,0.057
1987-06-11,0.0
1987-06-12,0.032
1987-06-13,0.092
1987-06-14,0.504
1987-06-15,0.024
1987-06-16,0.011
1987-06-17,0.091
1987-06-18,0.0
1987-06-19,0.0
1987-06-20,0.0
1987-06-21,0.0
1987-06-22,0.0
1987-06-23,0.087
1987-06-24,0.001
1987-06-25,0.008
1987-06-26,0.012
1987-06-27,0.0
1987-06-28,0.001
1987-06-29,0.0
1987-06-30,0.062
1987-07-01,0.783
1987-07-02,1.391
1987-07-03,1.209
1987-07-04,0.138
1987-07-05,0.122
1987-07-06,0.003
1987-07-07,0.0
1987-07-08,0.008
1987-07-09,0.134
1987-07-10,0.006
1987-07-11,0.009
1987-07-12,0.006
1987-07-13,0.002
1987-07-14,0.086
1987-07-15,0.005
1987-07-16,0.004
1987-07-17,0.001
1987-07-18,0.005
1987-07-19,0.294
1987-07-20,0.167
1987-07-21,0.0
1987-07-22,0.005
1987-07-23,0.023
1987-07-24,0.114
1987-07-25,0.002
1987-07-26,0.326
1987-07-27,0.04
1987-07-28,0.016
1987-07-29,0.127
1987-07-30,0.854
1987-07-31,0.24
1987-08-01,0.926
1987-08-02,0.766
1987-08-03,0.06
1987-08-04,0.056
1987-08-05,0.036
1987-08-06,0.01
1987-08-07,0.328
1987-08-08,0.001
1987-08-09,0.022
1987-08-10,0.0
1987-08-11,0.003
1987-08-12,0.002
1987-08-13,0.0
1987-08-14,0.0
1987-08-15,0.0
1987-08-16,0.0
1987-08-17,0.023
1987-08-18,0.005
1987-08-19,0.038
1987-08-20,0.005
1987-08-21,0.007
1987-08-22,0.011
1987-08-23,0.007
1987-08-24,0.022
1987-08-25,0.207
1987-08-26,0.225
1987-08-27,0.021
1987-08-28,0.009
1987-08-29,0.059
1987-08-30,0.257
1987-08-31,0.342
1987-09-01,0.247
1987-09-02,0.191
1987-09-03,0.154
1987-09-04,0.385
1987-09-05,0.389
1987-09-06,0.292
1987-09-07,0.332
1987-09-08,0.628
1987-09-09,1.07
1987-09-10,0.33
1987-09-11,0.051
1987-09-12,0.025
1987-09-13,0.057
1987-09-14,0.126
1987-09-15,0.013
1987-09-16,0.001
1987-09-17,0.146
1987-09-18,0.005
1987-09-19,0.155
1987-09-20,0.257
1987-09-21,0.43
1987-09-22,1.199
1987-09-23,0.811
1987-09-24,0.719
1987-09-25,0.579
1987-09-26,0.236
1987-09-27,0.341
1987-09-28,0.35
1987-09-29,1.526
1987-09-30,0.223
1987-10-01,1.358
1987-10-02,2.797
1987-10-03,1.566
1987-10-04,2.16
1987-10-05,0.045
1987-10-06,0.136
1987-10-07,0.06
1987-10-08,0.297
1987-10-09,0.18
1987-10-10,0.425
1987-10-11,0.588
1987-10-12,0.426
1987-10-13,0.129
1987-10-14,1.7
1987-10-15,0.142
1987-10-16,0.338
1987-10-17,0.727
1987-10-18,0.958
1987-10-19,0.61
1987-10-20,0.285
1987-10-21,0.96
1987-10-22,0.762
1987-10-23,0.148
1987-10-24,0.101
1987-10-25,0.0
1987-10-26,0.0
1987-10-27,0.004
1987-10-28,0.002
1987-10-29,0.092
1987-10-30,0.308
1987-10-31,0.028
1987-11-01,0.186
1987-11-02,0.225
1987-11-03,0.032
1987-11-04,0.1
1987-11-05,0.21
1987-11-06,1.768
1987-11-07,5.071
1987-11-08,1.674
1987-11-09,1.051
1987-11-10,1.536
1987-11-11,0.782
1987-11-12,0.406
1987-11-13,0.789
1987-11-14,0.702
1987-11-15,1.63
1987-11-16,1.027
1987-11-17,5.687
1987-11-18,4.033
1987-11-19,1.962
1987-11-20,0.783
1987-11-21,0.554
1987-11-22,0.0
1987-11-23,0.078
1987-11-24,0.533
1987-11-25,0.432
1987-11-26,0.044
1987-11-27,0.0
1987-11-28,0.006
1987-11-29,0.313
1987-11-30,0.58
1987-12-01,2.664
1987-12-02,2.419
1987-12-03,0.248
1987-12-04,0.042
1987-12-05,0.652
1987-12-06,0.099
1987-12-07,0.425
1987-12-08,0.098
1987-12-09,0.073
1987-12-10,4.695
1987-12-11,1.579
1987-12-12,1.934
1987-12-13,1.723
1987-12-14,1.099
1987-12-15,2.92
1987-12-16,1.241
1987-12-17,1.406
1987-12-18,1.17
1987-12-19,0.899
1987-12-20,0.532
1987-12-21,0.662
1987-12-22,1.159
1987-12-23,0.753
1987-12-24,2.336
1987-12-25,3.698
1987-12-26,0.013
1987-12-27,1.714
1987-12-28,0.0
1987-12-29,0.039
1987-12-30,0.0
1987-12-31,0.197
1988-01-01,0.438
1988-01-02,0.316
1988-01-03,0.801
1988-01-04,0.767
1988-01-05,0.458
1988-01-06,1.069
1988-01-07,0.546
1988-01-08,0.648
1988-01-09,2.65
1988-01-10,4.363
1988-01-11,4.668
1988-01-12,2.118
1988-01-13,0.964
1988-01-14,4.11
1988-01-15,7.213
1988-01-16,11.767
1988-01-17,9.172
1988-01-18,4.817
1988-01-19,3.736
1988-01-20,5.648
1988-01-21,4.483
1988-01-22,5.799
1988-01-23,5.564
1988-01-24,13.13
1988-01-25,5.814
1988-01-26,8.157
1988-01-27,6.5
1988-01-28,7.341
1988-01-29,5.137
1988-01-30,3.815
1988-01-31,1.782
1988-02-01,5.852
1988-02-02,4.978
1988-02-03,10.662
1988-02-04,4.362
1988-02-05,3.359
1988-02-06,1.989
1988-02-07,2.347
1988-02-08,2.724
1988-02-09,7.472
1988-02-10,6.062
1988-02-11,3.771
1988-02-12,6.053
1988-02-13,3.76
1988-02-14,3.122
1988-02-15,2.655
1988-02-16,2.793
1988-02-17,2.66
1988-02-18,2.448
1988-02-19,2.222
1988-02-20,3.487
1988-02-21,1.916
1988-02-22,2.555
1988-02-23,5.727
1988-02-24,3.507
1988-02-25,3.504
1988-02-26,5.552
1988-02-27,3.005
1988-02-28,1.838
1988-02-29,2.008
1988-03-01,1.962
1988-03-02,1.78
1988-03-03,6.033
1988-03-04,3.657
1988-03-05,0.425
1988-03-06,2.788
1988-03-07,3.969
1988-03-08,10.397
1988-03-09,6.747
1988-03-10,4.291
1988-03-11,4.495
1988-03-12,1.822
1988-03-13,1.816
1988-03-14,1.37
1988-03-15,1.474
1988-03-16,1.307
1988-03-17,0.849
1988-03-18,0.833
1988-03-19,0.105
1988-03-20,0.153
1988-03-21,0.349
1988-03-22,3.363
1988-03-23,1.777
1988-03-24,2.417
1988-03-25,0.388
1988-03-26,2.279
1988-03-27,1.624
1988-03-28,4.203
1988-03-29,1.028
1988-03-30,2.873
1988-03-31,1.035
1988-04-01,1.831
1988-04-02,1.797
1988-04-03,2.481
1988-04-04,2.305
1988-04-05,4.015
1988-04-06,5.146
1988-04-07,4.427
1988-04-08,4.429
1988-04-09,5.583
1988-04-10,6.224
1988-04-11,7.402
1988-04-12,8.912
1988-04-13,10.502
1988-04-14,4.877
1988-04-15,3.346
1988-04-16,1.559
1988-04-17,1.739
1988-04-18,0.433
1988-04-19,0.785
1988-04-20,1.054
1988-04-21,1.814
1988-04-22,1.664
1988-04-23,1.163
1988-04-24,5.457
1988-04-25,9.964
1988-04-26,6.841
1988-04-27,5.885
1988-04-28,5.91
1988-04-29,1.901
1988-04-30,0.799
1988-05-01,0.379
1988-05-02,0.365
1988-05-03,0.693
1988-05-04,1.154
1988-05-05,0.454
1988-05-06,0.706
1988-05-07,0.718
1988-05-08,0.371
1988-05-09,0.467
1988-05-10,0.353
1988-05-11,0.434
1988-05-12,0.022
1988-05-13,0.09
1988-05-14,0.065
1988-05-15,0.451
1988-05-16,0.633
1988-05-17,0.313
1988-05-18,0.397
1988-05-19,0.117
1988-05-20,0.284
1988-05-21,0.453
1988-05-22,0.448
1988-05-23,0.047
1988-05-24,0.203
1988-05-25,0.48
1988-05-26,0.619
1988-05-27,0.19
1988-05-28,0.057
1988-05-29,0.077
1988-05-30,0.276
1988-05-31,0.284
1988-06-01,0.57
1988-06-02,1.708
1988-06-03,0.907
1988-06-04,0.523
1988-06-05,0.303
1988-06-06,0.13
1988-06-07,0.033
1988-06-08,0.045
1988-06-09,0.049
1988-06-10,0.003
1988-06-11,0.036
1988-06-12,0.504
1988-06-13,0.358
1988-06-14,0.459
1988-06-15,0.193
1988-06-16,0.0
1988-06-17,0.0
1988-06-18,0.0
1988-06-19,0.0
1988-06-20,0.0
1988-06-21,0.002
1988-06-22,0.009
1988-06-23,0.006
1988-06-24,0.038
1988-06-25,0.067
1988-06-26,0.027
1988-06-27,0.06
1988-06-28,0.017
1988-06-29,0.0
1988-06-30,0.006
1988-07-01,0.0
1988-07-02,0.009
1988-07-03,0.025
1988-07-04,0.13
1988-07-05,0.001
1988-07-06,0.022
1988-07-07,0.022
1988-07-08,0.02
1988-07-09,0.0
1988-07-10,0.002
1988-07-11,0.001
1988-07-12,0.0
1988-07-13,0.0
1988-07-14,0.011
1988-07-15,0.001
1988-07-16,0.001
1988-07-17,0.0
1988-07-18,0.0
1988-07-19,0.002
1988-07-20,0.002
1988-07-21,0.06
1988-07-22,0.036
1988-07-23,0.001
1988-07-24,0.003
1988-07-25,0.03
1988-07-26,0.001
1988-07-27,0.0
1988-07-28,0.0
1988-07-29,0.001
1988-07-30,0.001
1988-07-31,0.0
1988-08-01,0.0
1988-08-02,0.002
1988-08-03,0.0
1988-08-04,0.0
1988-08-05,0.0
1988-08-06,0.003
1988-08-07,0.067
1988-08-08,0.0
1988-08-09,0.059
1988-08-10,0.0
1988-08-11,0.0
1988-08-12,0.002
1988-08-13,0.122
1988-08-14,0.256
1988-08-15,0.026
1988-08-16,0.014
1988-08-17,0.186
1988-08-18,0.013
1988-08-19,0.031
1988-08-20,0.002
1988-08-21,0.008
1988-08-22,0.006
1988-08-23,0.002
1988-08-24,0.001
1988-08-25,0.006
1988-08-26,0.001
1988-08-27,0.025
1988-08-28,0.037
1988-08-29,0.114
1988-08-30,0.013
1988-08-31,0.132
1988-09-01,0.1
1988-09-02,0.096
1988-09-03,0.035
1988-09-04,0.09
1988-09-05,0.163
1988-09-06,0.02
1988-09-07,0.003
1988-09-08,0.008
1988-09-09,0.077
1988-09-10,0.131
1988-09-11,0.469
1988-09-12,0.606
1988-09-13,0.476
1988-09-14,0.338
1988-09-15,0.524
1988-09-16,0.227
1988-09-17,0.0
1988-09-18,0.179
1988-09-19,0.051
1988-09-20,0.006
1988-09-21,0.534
1988-09-22,0.956
1988-09-23,0.759
1988-09-24,1.445
1988-09-25,0.894
1988-09-26,0.056
1988-09-27,0.271
1988-09-28,0.005
1988-09-29,0.288
1988-09-30,0.022
1988-10-01,0.165
1988-10-02,0.5
1988-10-03,0.859
1988-10-04,1.449
1988-10-05,1.082
1988-10-06,3.587
1988-10-07,1.956
1988-10-08,1.356
1988-10-09,1.358
1988-10-10,2.489
1988-10-11,2.172
1988-10-12,2.034
1988-10-13,1.331
1988-10-14,0.117
1988-10-15,0.138
1988-10-16,0.425
1988-10-17,0.823
1988-10-18,1.565
1988-10-19,0.286
1988-10-20,0.994
1988-10-21,0.835
1988-10-22,0.669
1988-10-23,0.566
1988-10-24,0.876
1988-10-25,0.227
1988-10-26,0.714
1988-10-27,3.004
1988-10-28,2.11
1988-10-29,0.173
1988-10-30,0.158
1988-10-31,0.188
1988-11-01,2.45
1988-11-02,3.776
1988-11-03,2.398
1988-11-04,0.662
1988-11-05,1.368
1988-11-06,0.206
1988-11-07,0.223
1988-11-08,1.061
1988-11-09,0.008
1988-11-10,0.0
1988-11-11,0.174
1988-11-12,0.3
1988-11-13,1.187
1988-11-14,1.607
1988-11-15,2.526
1988-11-16,1.286
1988-11-17,2.155
1988-11-18,0.767
1988-11-19,0.663
1988-11-20,0.277
1988-11-21,0.0
1988-11-22,0.0
1988-11-23,0.189
1988-11-24,0.243
1988-11-25,0.688
1988-11-26,0.584
1988-11-27,2.306
1988-11-28,3.298
1988-11-29,0.052
1988-11-30,0.009
1988-12-01,0.134
1988-12-02,0.007
1988-12-03,0.05
1988-12-04,0.0
1988-12-05,0.053
1988-12-06,0.045
1988-12-07,0.039
1988-12-08,0.165
1988-12-09,0.617
1988-12-10,1.245
1988-12-11,1.334
1988-12-12,1.291
1988-12-13,0.341
1988-12-14,1.014
1988-12-15,3.359
1988-12-16,1.095
1988-12-17,0.495
1988-12-18,2.642
1988-12-19,1.882
1988-12-20,3.072
1988-12-21,7.28
1988-12-22,1.742
1988-12-23,1.776
1988-12-24,3.343
1988-12-25,3.161
1988-12-26,3.127
1988-12-27,2.528
1988-12-28,3.214
1988-12-29,1.391
1988-12-30,1.337
1988-12-31,3.811
1989-01-01,2.875
1989-01-02,2.829
1989-01-03,2.199
1989-01-04,2.541
1989-01-05,5.717
1989-01-06,2.277
1989-01-07,1.99
1989-01-08,0.959
1989-01-09,0.734
1989-01-10,1.687
1989-01-11,2.409
1989-01-12,1.643
1989-01-13,2.603
1989-01-14,3.018
1989-01-15,1.132
1989-01-16,2.337
1989-01-17,2.977
1989-01-18,3.2
1989-01-19,1.845
1989-01-20,2.995
1989-01-21,2.591
1989-01-22,6.882
1989-01-23,3.235
1989-01-24,3.128
1989-01-25,4.177
1989-01-26,2.963
1989-01-27,1.748
1989-01-28,1.996
1989-01-29,2.247
1989-01-30,3.97
1989-01-31,5.407
1989-02-01,18.568
1989-02-02,18.504
1989-02-03,13.783
1989-02-04,9.391
1989-02-05,9.219
1989-02-06,7.307
1989-02-07,7.967
1989-02-08,5.236
1989-02-09,3.341
1989-02-10,6.129
1989-02-11,7.255
1989-02-12,8.383
1989-02-13,5.99
1989-02-14,6.588
1989-02-15,3.837
1989-02-16,1.827
1989-02-17,1.328
1989-02-18,4.361
1989-02-19,6.041
1989-02-20,5.461
1989-02-21,4.814
1989-02-22,6.424
1989-02-23,9.104
1989-02-24,6.619
1989-02-25,5.826
1989-02-26,4.832
1989-02-27,5.002
1989-02-28,3.357
1989-03-01,4.434
1989-03-02,5.37
1989-03-03,10.397
1989-03-04,10.787
1989-03-05,11.91
1989-03-06,11.147
1989-03-07,3.47
1989-03-08,2.733
1989-03-09,2.032
1989-03-10,2.093
1989-03-11,2.044
1989-03-12,2.437
1989-03-13,4.506
1989-03-14,4.53
1989-03-15,5.018
1989-03-16,4.374
1989-03-17,4.29
1989-03-18,4.487
1989-03-19,6.189
1989-03-20,6.007
1989-03-21,6.003
1989-03-22,2.998
1989-03-23,4.147
1989-03-24,7.71
1989-03-25,2.391
1989-03-26,6.284
1989-03-27,3.941
1989-03-28,3.995
1989-03-29,5.879
1989-03-30,5.551
1989-03-31,4.952
1989-04-01,5.271
1989-04-02,6.392
1989-04-03,4.1
1989-04-04,5.187
1989-04-05,5.552
1989-04-06,2.959
1989-04-07,1.821
1989-04-08,2.461
1989-04-09,4.571
1989-04-10,3.031
1989-04-11,6.332
1989-04-12,4.868
1989-04-13,3.47
1989-04-14,6.291
1989-04-15,3.102
1989-04-16,3.555
1989-04-17,3.548
1989-04-18,1.276
1989-04-19,5.833
1989-04-20,4.681
1989-04-21,3.69
1989-04-22,1.103
1989-04-23,2.455
1989-04-24,3.365
1989-04-25,6.193
1989-04-26,3.74
1989-04-27,2.44
1989-04-28,1.053
1989-04-29,0.608
1989-04-30,0.464
1989-05-01,0.326
1989-05-02,0.232
1989-05-03,0.472
1989-05-04,0.538
1989-05-05,0.4
1989-05-06,2.428
1989-05-07,1.123
1989-05-08,0.595
1989-05-09,0.439
1989-05-10,0.143
1989-05-11,0.358
1989-05-12,0.674
1989-05-13,0.412
1989-05-14,0.483
1989-05-15,0.182
1989-05-16,0.645
1989-05-17,0.753
1989-05-18,0.79
1989-05-19,0.52
1989-05-20,0.166
1989-05-21,0.377
1989-05-22,0.34
1989-05-23,1.035
1989-05-24,0.685
1989-05-25,0.737
1989-05-26,0.0
1989-05-27,0.009
1989-05-28,0.024
1989-05-29,0.0
1989-05-30,0.022
1989-05-31,0.054
1989-06-01,0.917
1989-06-02,0.69
1989-06-03,0.632
1989-06-04,0.83
1989-06-05,0.24
1989-06-06,1.557
1989-06-07,0.126
1989-06-08,0.123
1989-06-09,0.442
1989-06-10,0.291
1989-06-11,0.797
1989-06-12,0.352
1989-06-13,0.117
1989-06-14,0.007
1989-06-15,0.101
1989-06-16,0.032
1989-06-17,0.161
1989-06-18,0.181
1989-06-19,0.0
1989-06-20,0.0
1989-06-21,0.057
1989-06-22,0.057
1989-06-23,0.137
1989-06-24,0.95
1989-06-25,1.04
1989-06-26,1.112
1989-06-27,0.169
1989-06-28,0.142
1989-06-29,0.739
1989-06-30,0.825
1989-07-01,0.143
1989-07-02,0.002
1989-07-03,0.004
1989-07-04,0.293
1989-07-05,0.301
1989-07-06,0.007
1989-07-07,0.022
1989-07-08,0.114
1989-07-09,0.031
1989-07-10,0.023
1989-07-11,0.003
1989-07-12,0.057
1989-07-13,0.0
1989-07-14,0.001
1989-07-15,0.0
1989-07-16,0.0
1989-07-17,0.0
1989-07-18,0.003
1989-07-19,0.0
1989-07-20,0.001
1989-07-21,0.013
1989-07-22,0.001
1989-07-23,0.008
1989-07-24,0.036
1989-07-25,0.0
1989-07-26,0.055
1989-07-27,0.023
1989-07-28,0.057
1989-07-29,0.011
1989-07-30,0.009
1989-07-31,0.004
1989-08-01,0.049
1989-08-02,0.08
1989-08-03,0.066
1989-08-04,0.06
1989-08-05,0.0
1989-08-06,0.009
1989-08-07,0.079
1989-08-08,0.082
1989-08-09,0.109
1989-08-10,0.234
1989-08-11,0.132
1989-08-12,0.01
1989-08-13,0.009
1989-08-14,0.029
1989-08-15,0.215
1989-08-16,0.002
1989-08-17,0.084
1989-08-18,0.0
1989-08-19,0.002
1989-08-20,0.008
1989-08-21,0.073
1989-08-22,0.01
1989-08-23,0.283
1989-08-24,0.018
1989-08-25,0.007
1989-08-26,0.005
1989-08-27,0.003
1989-08-28,0.172
1989-08-29,0.626
1989-08-30,0.198
1989-08-31,0.114
1989-09-01,0.273
1989-09-02,0.548
1989-09-03,0.693
1989-09-04,0.38
1989-09-05,0.657
1989-09-06,0.946
1989-09-07,1.094
1989-09-08,1.903
1989-09-09,1.082
1989-09-10,0.998
1989-09-11,0.514
1989-09-12,1.323
1989-09-13,2.099
1989-09-14,1.753
1989-09-15,1.333
1989-09-16,0.455
1989-09-17,0.149
1989-09-18,0.951
1989-09-19,1.125
1989-09-20,0.486
1989-09-21,0.447
1989-09-22,1.161
1989-09-23,0.648
1989-09-24,2.074
1989-09-25,2.048
1989-09-26,3.607
1989-09-27,1.432
1989-09-28,0.442
1989-09-29,0.406
1989-09-30,0.411
1989-10-01,0.769
1989-10-02,1.118
1989-10-03,1.2
1989-10-04,1.598
1989-10-05,0.555
1989-10-06,0.699
1989-10-07,0.633
1989-10-08,2.496
1989-10-09,2.161
1989-10-10,1.835
1989-10-11,1.23
1989-10-12,1.624
1989-10-13,2.867
1989-10-14,1.569
1989-10-15,2.195
1989-10-16,2.983
1989-10-17,1.143
1989-10-18,1.198
1989-10-19,1.953
1989-10-20,2.724
1989-10-21,3.104
1989-10-22,1.442
1989-10-23,0.38
1989-10-24,0.635
1989-10-25,0.905
1989-10-26,1.795
1989-10-27,1.341
1989-10-28,0.336
1989-10-29,0.561
1989-10-30,0.37
1989-10-31,0.853
1989-11-01,1.845
1989-11-02,0.0
1989-11-03,0.0
1989-11-04,0.0
1989-11-05,0.0
1989-11-06,0.0
1989-11-07,0.0
1989-11-08,0.0
1989-11-09,0.0
1989-11-10,0.003
1989-11-11,0.0
1989-11-12,0.037
1989-11-13,0.0
1989-11-14,0.0
1989-11-15,0.0
1989-11-16,0.0
1989-11-17,0.0
1989-11-18,0.001
1989-11-19,0.005
1989-11-20,0.343
1989-11-21,0.153
1989-11-22,0.877
1989-11-23,0.981
1989-11-24,1.166
1989-11-25,1.967
1989-11-26,1.297
1989-11-27,0.647
1989-11-28,1.219
1989-11-29,0.772
1989-11-30,0.017
1989-12-01,0.0
1989-12-02,0.0
1989-12-03,0.0
1989-12-04,0.0
1989-12-05,0.0
1989-12-06,0.0
1989-12-07,0.0
1989-12-08,0.001
1989-12-09,0.087
1989-12-10,0.0
1989-12-11,0.0
1989-12-12,0.46
1989-12-13,0.247
1989-12-14,0.127
1989-12-15,0.0
1989-12-16,0.0
1989-12-17,0.002
1989-12-18,0.011
1989-12-19,0.007
1989-12-20,0.227
1989-12-21,0.008
1989-12-22,0.011
1989-12-23,0.0
1989-12-24,0.166
1989-12-25,0.043
1989-12-26,0.003
1989-12-27,0.491
1989-12-28,0.0
1989-12-29,0.0
1989-12-30,0.0
1989-12-31,0.0
1990-01-01,0.261
1990-01-02,0.038
1990-01-03,0.152
1990-01-04,0.409
1990-01-05,0.344
1990-01-06,0.98
1990-01-07,1.462
1990-01-08,2.301
1990-01-09,3.678
1990-01-10,2.311
1990-01-11,1.577
1990-01-12,1.311
1990-01-13,2.004
1990-01-14,2.17
1990-01-15,2.735
1990-01-16,2.294
1990-01-17,1.085
1990-01-18,1.945
1990-01-19,0.687
1990-01-20,0.729
1990-01-21,0.225
1990-01-22,0.535
1990-01-23,0.448
1990-01-24,0.322
1990-01-25,0.694
1990-01-26,0.696
1990-01-27,0.315
1990-01-28,0.604
1990-01-29,0.404
1990-01-30,1.277
1990-01-31,1.781
1990-02-01,4.058
1990-02-02,5.95
1990-02-03,5.103
1990-02-04,2.916
1990-02-05,3.464
1990-02-06,1.151
1990-02-07,1.1
1990-02-08,0.326
1990-02-09,0.165
1990-02-10,0.441
1990-02-11,0.314
1990-02-12,1.209
1990-02-13,1.979
1990-02-14,1.658
1990-02-15,0.932
1990-02-16,1.491
1990-02-17,0.777
1990-02-18,0.312
1990-02-19,0.575
1990-02-20,0.406
1990-02-21,1.042
1990-02-22,1.734
1990-02-23,2.064
1990-02-24,2.15
1990-02-25,2.977
1990-02-26,0.88
1990-02-27,0.359
1990-02-28,0.285
1990-03-01,0.74
1990-03-02,0.969
1990-03-03,0.214
1990-03-04,1.295
1990-03-05,2.63
1990-03-06,3.094
1990-03-07,0.993
1990-03-08,1.067
1990-03-09,0.735
1990-03-10,0.69
1990-03-11,0.991
1990-03-12,1.427
1990-03-13,0.666
1990-03-14,0.576
1990-03-15,0.703
1990-03-16,1.276
1990-03-17,0.872
1990-03-18,1.622
1990-03-19,1.357
1990-03-20,1.541
1990-03-21,5.41
1990-03-22,3.626
1990-03-23,1.927
1990-03-24,4.316
1990-03-25,2.663
1990-03-26,2.902
1990-03-27,2.972
1990-03-28,1.994
1990-03-29,0.931
1990-03-30,1.332
1990-03-31,5.314
1990-04-01,2.398
1990-04-02,1.377
1990-04-03,2.299
1990-04-04,1.5
1990-04-05,2.426
1990-04-06,2.25
1990-04-07,1.647
1990-04-08,0.997
1990-04-09,1.297
1990-04-10,0.774
1990-04-11,1.143
1990-04-12,2.911
1990-04-13,1.045
1990-04-14,1.881
1990-04-15,4.34
1990-04-16,2.998
1990-04-17,2.711
1990-04-18,2.146
1990-04-19,3.499
1990-04-20,0.86
1990-04-21,1.047
1990-04-22,1.215
1990-04-23,2.378
1990-04-24,2.039
1990-04-25,0.484
1990-04-26,2.418
1990-04-27,2.333
1990-04-28,0.629
1990-04-29,1.104
1990-04-30,1.637
1990-05-01,0.75
1990-05-02,0.924
1990-05-03,0.667
1990-05-04,0.358
1990-05-05,1.639
1990-05-06,0.21
1990-05-07,0.538
1990-05-08,0.54
1990-05-09,1.695
1990-05-10,2.267
1990-05-11,1.189
1990-05-12,0.37
1990-05-13,0.746
1990-05-14,0.936
1990-05-15,0.11
1990-05-16,0.195
1990-05-17,0.054
1990-05-18,0.13
1990-05-19,0.151
1990-05-20,0.208
1990-05-21,0.468
1990-05-22,0.25
1990-05-23,0.148
1990-05-24,0.183
1990-05-25,0.346
1990-05-26,0.035
1990-05-27,0.199
1990-05-28,0.096
1990-05-29,0.084
1990-05-30,0.677
1990-05-31,0.506
1990-06-01,0.323
1990-06-02,0.668
1990-06-03,0.377
1990-06-04,0.281
1990-06-05,0.146
1990-06-06,0.004
1990-06-07,0.082
1990-06-08,0.433
1990-06-09,1.387
1990-06-10,0.784
1990-06-11,0.617
1990-06-12,0.27
1990-06-13,0.063
1990-06-14,0.036
1990-06-15,0.467
1990-06-16,0.001
1990-06-17,0.0
1990-06-18,0.0
1990-06-19,0.069
1990-06-20,0.316
1990-06-21,0.075
1990-06-22,0.02
1990-06-23,0.677
1990-06-24,0.429
1990-06-25,0.453
1990-06-26,1.172
1990-06-27,0.217
1990-06-28,0.075
1990-06-29,0.123
1990-06-30,0.146
1990-07-01,0.0
1990-07-02,0.0
1990-07-03,0.044
1990-07-04,0.0
1990-07-05,0.002
1990-07-06,0.0
1990-07-07,0.001
1990-07-08,0.004
1990-07-09,0.097
1990-07-10,0.566
1990-07-11,0.369
1990-07-12,0.0
1990-07-13,0.007
1990-07-14,0.012
1990-07-15,0.053
1990-07-16,0.042
1990-07-17,0.02
1990-07-18,0.084
1990-07-19,0.066
1990-07-20,0.002
1990-07-21,0.264
1990-07-22,0.049
1990-07-23,0.048
1990-07-24,0.067
1990-07-25,0.009
1990-07-26,0.0
1990-07-27,0.0
1990-07-28,0.001
1990-07-29,0.016
1990-07-30,0.034
1990-07-31,0.008
1990-08-01,0.001
1990-08-02,0.0
1990-08-03,0.0
1990-08-04,0.0
1990-08-05,0.0
1990-08-06,0.0
1990-08-07,0.0
1990-08-08,0.044
1990-08-09,0.169
1990-08-10,0.0
1990-08-11,0.0
1990-08-12,0.0
1990-08-13,0.0
1990-08-14,0.032
1990-08-15,0.054
1990-08-16,0.001
1990-08-17,0.0
1990-08-18,0.0
1990-08-19,0.054
1990-08-20,0.025
1990-08-21,0.073
1990-08-22,0.001
1990-08-23,0.001
1990-08-24,0.001
1990-08-25,0.004
1990-08-26,0.023
1990-08-27,0.002
1990-08-28,0.06
1990-08-29,0.095
1990-08-30,0.053
1990-08-31,0.13
1990-09-01,0.205
1990-09-02,0.649
1990-09-03,0.199
1990-09-04,0.03
1990-09-05,0.008
1990-09-06,0.172
1990-09-07,0.129
1990-09-08,0.071
1990-09-09,0.069
1990-09-10,0.164
1990-09-11,0.286
1990-09-12,0.303
1990-09-13,1.829
1990-09-14,0.827
1990-09-15,2.505
1990-09-16,0.409
1990-09-17,0.278
1990-09-18,0.233
1990-09-19,0.34
1990-09-20,0.315
1990-09-21,0.558
1990-09-22,0.393
1990-09-23,0.575
1990-09-24,0.611
1990-09-25,0.108
1990-09-26,0.847
1990-09-27,0.357
1990-09-28,0.099
1990-09-29,0.177
1990-09-30,0.354
1990-10-01,0.063
1990-10-02,0.316
1990-10-03,0.245
1990-10-04,0.826
1990-10-05,0.311
1990-10-06,0.667
1990-10-07,2.637
1990-10-08,0.396
1990-10-09,2.055
1990-10-10,1.261
1990-10-11,2.712
1990-10-12,5.867
1990-10-13,4.838
1990-10-14,3.105
1990-10-15,3.873
1990-10-16,0.858
1990-10-17,0.339
1990-10-18,0.338
1990-10-19,0.001
1990-10-20,1.526
1990-10-21,0.897
1990-10-22,2.119
1990-10-23,1.145
1990-10-24,4.354
1990-10-25,2.436
1990-10-26,4.591
1990-10-27,1.857
1990-10-28,1.695
1990-10-29,0.601
1990-10-30,0.464
1990-10-31,0.497
1990-11-01,0.303
1990-11-02,0.088
1990-11-03,0.041
1990-11-04,0.039
1990-11-05,1.817
1990-11-06,0.462
1990-11-07,0.862
1990-11-08,0.858
1990-11-09,0.405
1990-11-10,0.352
1990-11-11,0.36
1990-11-12,0.465
1990-11-13,0.276
1990-11-14,0.095
1990-11-15,0.288
1990-11-16,0.329
1990-11-17,1.444
1990-11-18,2.782
1990-11-19,1.955
1990-11-20,2.246
1990-11-21,2.065
1990-11-22,2.702
1990-11-23,4.679
1990-11-24,4.296
1990-11-25,5.217
1990-11-26,4.417
1990-11-27,2.546
1990-11-28,4.162
1990-11-29,4.146
1990-11-30,3.441
1990-12-01,4.067
1990-12-02,0.876
1990-12-03,0.489
1990-12-04,0.175
1990-12-05,0.646
1990-12-06,0.153
1990-12-07,0.132
1990-12-08,0.031
1990-12-09,0.011
1990-12-10,0.031
1990-12-11,0.175
1990-12-12,0.081
1990-12-13,0.155
1990-12-14,0.372
1990-12-15,0.337
1990-12-16,0.709
1990-12-17,2.021
1990-12-18,0.425
1990-12-19,0.145
1990-12-20,0.593
1990-12-21,0.445
1990-12-22,1.494
1990-12-23,1.206
1990-12-24,1.688
1990-12-25,0.301
1990-12-26,2.715
1990-12-27,1.374
1990-12-28,0.844
1990-12-29,4.48
1990-12-30,8.681
1990-12-31,2.585
1991-01-01,0.016
1991-01-02,0.033
1991-01-03,0.065
1991-01-04,0.001
1991-01-05,0.169
1991-01-06,0.428
1991-01-07,0.144
1991-01-08,0.215
1991-01-09,0.518
1991-01-10,1.23
1991-01-11,0.139
1991-01-12,0.133
1991-01-13,0.014
1991-01-14,0.254
1991-01-15,0.057
1991-01-16,0.591
1991-01-17,0.034
1991-01-18,0.176
1991-01-19,0.772
1991-01-20,2.564
1991-01-21,1.604
1991-01-22,1.266
1991-01-23,1.573
1991-01-24,0.571
1991-01-25,1.177
1991-01-26,1.072
1991-01-27,0.322
1991-01-28,1.152
1991-01-29,0.848
1991-01-30,1.733
1991-01-31,1.962
1991-02-01,3.764
1991-02-02,1.347
1991-02-03,1.636
1991-02-04,3.08
1991-02-05,1.452
1991-02-06,0.004
1991-02-07,0.027
1991-02-08,0.469
1991-02-09,0.347
1991-02-10,0.236
1991-02-11,0.572
1991-02-12,1.468
1991-02-13,0.878
1991-02-14,0.954
1991-02-15,1.949
1991-02-16,5.395
1991-02-17,5.596
1991-02-18,4.798
1991-02-19,10.477
1991-02-20,0.736
1991-02-21,0.131
1991-02-22,0.299
1991-02-23,0.678
1991-02-24,0.052
1991-02-25,0.144
1991-02-26,0.048
1991-02-27,1.768
1991-02-28,5.232
1991-03-01,4.809
1991-03-02,4.87
1991-03-03,5.589
1991-03-04,3.453
1991-03-05,16.512
1991-03-06,9.666
1991-03-07,2.601
1991-03-08,1.485
1991-03-09,8.779
1991-03-10,13.919
1991-03-11,6.545
1991-03-12,3.317
1991-03-13,4.403
1991-03-14,10.155
1991-03-15,15.316
1991-03-16,1.381
1991-03-17,2.529
1991-03-18,0.686
1991-03-19,0.44
1991-03-20,0.788
1991-03-21,1.897
1991-03-22,2.906
1991-03-23,2.557
1991-03-24,0.758
1991-03-25,1.054
1991-03-26,1.128
1991-03-27,0.828
1991-03-28,0.502
1991-03-29,1.151
1991-03-30,0.347
1991-03-31,0.669
1991-04-01,0.144
1991-04-02,0.177
1991-04-03,0.133
1991-04-04,0.782
1991-04-05,3.642
1991-04-06,2.481
1991-04-07,4.713
1991-04-08,9.978
1991-04-09,4.928
1991-04-10,3.623
1991-04-11,3.345
1991-04-12,1.922
1991-04-13,4.314
1991-04-14,2.138
1991-04-15,0.973
1991-04-16,1.821
1991-04-17,4.173
1991-04-18,3.825
1991-04-19,6.198
1991-04-20,8.469
1991-04-21,2.409
1991-04-22,1.326
1991-04-23,1.413
1991-04-24,0.64
1991-04-25,2.405
1991-04-26,1.385
1991-04-27,1.144
1991-04-28,1.082
1991-04-29,1.693
1991-04-30,1.041
1991-05-01,0.65
1991-05-02,0.994
1991-05-03,1.672
1991-05-04,0.716
1991-05-05,1.049
1991-05-06,0.503
1991-05-07,0.28
1991-05-08,1.75
1991-05-09,0.173
1991-05-10,0.276
1991-05-11,1.255
1991-05-12,0.439
1991-05-13,0.863
1991-05-14,0.501
1991-05-15,0.171
1991-05-16,0.857
1991-05-17,0.848
1991-05-18,0.641
1991-05-19,0.531
1991-05-20,0.294
1991-05-21,0.315
1991-05-22,0.53
1991-05-23,1.179
1991-05-24,0.638
1991-05-25,0.262
1991-05-26,0.431
1991-05-27,0.079
1991-05-28,0.0
1991-05-29,0.086
1991-05-30,0.217
1991-05-31,0.14
1991-06-01,0.001
1991-06-02,0.016
1991-06-03,0.116
1991-06-04,0.032
1991-06-05,0.105
1991-06-06,0.159
1991-06-07,0.197
1991-06-08,0.818
1991-06-09,0.701
1991-06-10,0.067
1991-06-11,0.0
1991-06-12,0.0
1991-06-13,0.0
1991-06-14,0.145
1991-06-15,0.001
1991-06-16,0.036
1991-06-17,0.343
1991-06-18,0.201
1991-06-19,0.101
1991-06-20,0.156
1991-06-21,0.108
1991-06-22,0.475
1991-06-23,0.685
1991-06-24,0.274
1991-06-25,1.448
1991-06-26,0.012
1991-06-27,0.065
1991-06-28,0.061
1991-06-29,0.012
1991-06-30,0.0
1991-07-01,0.001
1991-07-02,0.0
1991-07-03,0.0
1991-07-04,0.0
1991-07-05,0.078
1991-07-06,0.076
1991-07-07,0.04
1991-07-08,0.074
1991-07-09,0.295
1991-07-10,0.011
1991-07-11,0.014
1991-07-12,0.148
1991-07-13,0.15
1991-07-14,0.117
1991-07-15,0.022
1991-07-16,0.01
1991-07-17,0.08
1991-07-18,0.004
1991-07-19,0.055
1991-07-20,0.125
1991-07-21,0.004
1991-07-22,0.184
1991-07-23,0.003
1991-07-24,0.043
1991-07-25,0.0
1991-07-26,0.001
1991-07-27,0.0
1991-07-28,0.002
1991-07-29,0.039
1991-07-30,0.036
1991-07-31,0.002
1991-08-01,0.09
1991-08-02,0.224
1991-08-03,0.01
1991-08-04,0.011
1991-08-05,0.016
1991-08-06,0.0
1991-08-07,0.0
1991-08-08,0.002
1991-08-09,0.008
1991-08-10,0.067
1991-08-11,0.065
1991-08-12,0.005
1991-08-13,0.001
1991-08-14,0.0
1991-08-15,0.0
1991-08-16,0.0
1991-08-17,0.001
1991-08-18,0.063
1991-08-19,0.0
1991-08-20,0.008
1991-08-21,0.0
1991-08-22,0.001
1991-08-23,0.001
1991-08-24,0.003
1991-08-25,0.0
1991-08-26,0.003
1991-08-27,0.017
1991-08-28,0.053
1991-08-29,0.023
1991-08-30,0.011
1991-08-31,0.004
1991-09-01,0.004
1991-09-02,0.004
1991-09-03,0.009
1991-09-04,0.029
1991-09-05,0.122
1991-09-06,0.022
1991-09-07,0.259
1991-09-08,0.148
1991-09-09,0.087
1991-09-10,0.012
1991-09-11,0.047
1991-09-12,0.061
1991-09-13,0.218
1991-09-14,0.472
1991-09-15,0.117
1991-09-16,0.001
1991-09-17,0.0
1991-09-18,0.348
1991-09-19,1.334
1991-09-20,2.413
1991-09-21,0.294
1991-09-22,0.029
1991-09-23,0.223
1991-09-24,0.005
1991-09-25,0.149
1991-09-26,0.157
1991-09-27,1.219
1991-09-28,0.666
1991-09-29,0.998
1991-09-30,0.167
1991-10-01,0.008
1991-10-02,3.069
1991-10-03,1.991
1991-10-04,3.089
1991-10-05,0.364
1991-10-06,0.737
1991-10-07,1.049
1991-10-08,0.373
1991-10-09,1.198
1991-10-10,0.029
1991-10-11,1.36
1991-10-12,0.789
1991-10-13,0.308
1991-10-14,0.733
1991-10-15,0.891
1991-10-16,0.077
1991-10-17,0.401
1991-10-18,0.259
1991-10-19,0.117
1991-10-20,0.381
1991-10-21,0.224
1991-10-22,0.149
1991-10-23,0.343
1991-10-24,0.634
1991-10-25,1.02
1991-10-26,3.168
1991-10-27,4.066
1991-10-28,2.413
1991-10-29,3.343
1991-10-30,1.138
1991-10-31,2.698
1991-11-01,3.84
1991-11-02,1.911
1991-11-03,1.279
1991-11-04,0.066
1991-11-05,0.077
1991-11-06,0.22
1991-11-07,0.029
1991-11-08,0.214
1991-11-09,0.001
1991-11-10,0.0
1991-11-11,0.0
1991-11-12,0.07
1991-11-13,0.0
1991-11-14,0.016
1991-11-15,0.0
1991-11-16,0.0
1991-11-17,0.0
1991-11-18,0.0
1991-11-19,0.045
1991-11-20,0.235
1991-11-21,1.69
1991-11-22,0.546
1991-11-23,1.129
1991-11-24,2.17
1991-11-25,0.35
1991-11-26,3.403
1991-11-27,2.107
1991-11-28,2.951
1991-11-29,4.224
1991-11-30,2.345
1991-12-01,7.459
1991-12-02,2.127
1991-12-03,0.884
1991-12-04,0.136
1991-12-05,0.0
1991-12-06,0.015
1991-12-07,0.023
1991-12-08,0.916
1991-12-09,0.076
1991-12-10,0.069
1991-12-11,0.159
1991-12-12,0.394
1991-12-13,0.321
1991-12-14,0.118
1991-12-15,0.0
1991-12-16,0.006
1991-12-17,0.066
1991-12-18,1.564
1991-12-19,0.847
1991-12-20,1.034
1991-12-21,0.511
1991-12-22,0.568
1991-12-23,1.111
1991-12-24,2.421
1991-12-25,4.718
1991-12-26,0.129
1991-12-27,3.846
1991-12-28,2.883
1991-12-29,2.065
1991-12-30,1.404
1991-12-31,1.203
1992-01-01,1.038
1992-01-02,0.514
1992-01-03,0.429
1992-01-04,0.656
1992-01-05,1.901
1992-01-06,2.359
1992-01-07,1.549
1992-01-08,0.232
1992-01-09,0.455
1992-01-10,0.547
1992-01-11,1.024
1992-01-12,2.062
1992-01-13,1.527
1992-01-14,0.982
1992-01-15,0.085
1992-01-16,0.034
1992-01-17,0.124
1992-01-18,0.015
1992-01-19,0.637
1992-01-20,1.004
1992-01-21,0.863
1992-01-22,2.416
1992-01-23,1.294
1992-01-24,2.521
1992-01-25,0.344
1992-01-26,0.231
1992-01-27,0.044
1992-01-28,0.046
1992-01-29,0.17
1992-01-30,0.069
1992-01-31,0.022
1992-02-01,0.224
1992-02-02,1.157
1992-02-03,1.049
1992-02-04,0.788
1992-02-05,1.516
1992-02-06,0.921
1992-02-07,0.894
1992-02-08,0.666
1992-02-09,0.54
1992-02-10,0.011
1992-02-11,0.296
1992-02-12,0.234
1992-02-13,0.836
1992-02-14,1.331
1992-02-15,1.833
1992-02-16,3.558
1992-02-17,2.229
1992-02-18,1.698
1992-02-19,1.862
1992-02-20,0.6
1992-02-21,0.423
1992-02-22,0.0
1992-02-23,0.632
1992-02-24,0.84
1992-02-25,0.669
1992-02-26,3.799
1992-02-27,6.463
1992-02-28,1.906
1992-02-29,1.258
1992-03-01,0.695
1992-03-02,0.872
1992-03-03,0.324
1992-03-04,0.699
1992-03-05,1.063
1992-03-06,2.167
1992-03-07,4.936
1992-03-08,8.041
1992-03-09,0.421
1992-03-10,0.761
1992-03-11,0.801
1992-03-12,2.631
1992-03-13,2.632
1992-03-14,2.247
1992-03-15,4.54
1992-03-16,3.687
1992-03-17,3.148
1992-03-18,1.475
1992-03-19,2.119
1992-03-20,1.463
1992-03-21,0.967
1992-03-22,0.975
1992-03-23,0.894
1992-03-24,0.793
1992-03-25,0.433
1992-03-26,0.819
1992-03-27,0.932
1992-03-28,2.457
1992-03-29,4.463
1992-03-30,7.264
1992-03-31,5.412
1992-04-01,2.51
1992-04-02,1.265
1992-04-03,1.816
1992-04-04,3.025
1992-04-05,1.894
1992-04-06,0.737
1992-04-07,0.3
1992-04-08,0.434
1992-04-09,0.737
1992-04-10,3.773
1992-04-11,4.563
1992-04-12,9.776
1992-04-13,13.118
1992-04-14,4.611
1992-04-15,4.149
1992-04-16,3.538
1992-04-17,2.92
1992-04-18,1.163
1992-04-19,0.0
1992-04-20,1.615
1992-04-21,0.469
1992-04-22,0.098
1992-04-23,0.855
1992-04-24,1.617
1992-04-25,1.935
1992-04-26,1.865
1992-04-27,1.622
1992-04-28,1.105
1992-04-29,1.151
1992-04-30,1.747
1992-05-01,1.85
1992-05-02,1.071
1992-05-03,0.893
1992-05-04,0.916
1992-05-05,2.167
1992-05-06,1.098
1992-05-07,1.792
1992-05-08,0.594
1992-05-09,0.004
1992-05-10,0.158
1992-05-11,0.267
1992-05-12,0.223
1992-05-13,0.359
1992-05-14,0.308
1992-05-15,0.216
1992-05-16,0.303
1992-05-17,0.376
1992-05-18,0.502
1992-05-19,0.418
1992-05-20,0.202
1992-05-21,0.366
1992-05-22,0.186
1992-05-23,0.16
1992-05-24,0.136
1992-05-25,0.457
1992-05-26,0.039
1992-05-27,0.182
1992-05-28,0.025
1992-05-29,0.14
1992-05-30,0.294
1992-05-31,0.881
1992-06-01,2.242
1992-06-02,2.407
1992-06-03,1.131
1992-06-04,0.498
1992-06-05,1.592
1992-06-06,2.368
1992-06-07,1.692
1992-06-08,0.466
1992-06-09,0.797
1992-06-10,0.168
1992-06-11,0.823
1992-06-12,0.404
1992-06-13,0.014
1992-06-14,0.024
1992-06-15,0.195
1992-06-16,0.0
1992-06-17,0.05
1992-06-18,0.0
1992-06-19,0.0
1992-06-20,0.0
1992-06-21,0.064
1992-06-22,0.0
1992-06-23,0.016
1992-06-24,0.042
1992-06-25,0.002
1992-06-26,0.001
1992-06-27,0.001
1992-06-28,0.003
1992-06-29,0.0
1992-06-30,0.126
1992-07-01,1.014
1992-07-02,0.553
1992-07-03,0.066
1992-07-04,0.053
1992-07-05,0.042
1992-07-06,0.037
1992-07-07,0.057
1992-07-08,0.0
1992-07-09,0.0
1992-07-10,0.031
1992-07-11,0.001
1992-07-12,0.0
1992-07-13,0.002
1992-07-14,0.02
1992-07-15,0.095
1992-07-16,0.4
1992-07-17,0.069
1992-07-18,0.031
1992-07-19,0.03
1992-07-20,0.001
1992-07-21,0.013
1992-07-22,0.0
1992-07-23,0.033
1992-07-24,0.0
1992-07-25,0.0
1992-07-26,0.036
1992-07-27,0.043
1992-07-28,0.0
1992-07-29,0.001
1992-07-30,0.0
1992-07-31,0.025
1992-08-01,0.02
1992-08-02,0.0
1992-08-03,0.001
1992-08-04,0.003
1992-08-05,0.0
1992-08-06,0.0
1992-08-07,0.002
1992-08-08,0.085
1992-08-09,0.0
1992-08-10,0.029
1992-08-11,0.041
1992-08-12,0.018
1992-08-13,0.0
1992-08-14,0.0
1992-08-15,0.003
1992-08-16,0.04
1992-08-17,0.033
1992-08-18,0.048
1992-08-19,0.118
1992-08-20,0.115
1992-08-21,0.107
1992-08-22,0.437
1992-08-23,0.091
1992-08-24,0.149
1992-08-25,0.004
1992-08-26,0.01
1992-08-27,0.002
1992-08-28,0.042
1992-08-29,0.049
1992-08-30,0.062
1992-08-31,0.076
1992-09-01,0.1
1992-09-02,0.231
1992-09-03,0.247
1992-09-04,0.304
1992-09-05,0.405
1992-09-06,0.234
1992-09-07,0.313
1992-09-08,0.095
1992-09-09,0.078
1992-09-10,0.078
1992-09-11,0.139
1992-09-12,0.364
1992-09-13,0.159
1992-09-14,0.371
1992-09-15,0.662
1992-09-16,0.641
1992-09-17,0.944
1992-09-18,1.194
1992-09-19,0.663
1992-09-20,0.806
1992-09-21,0.797
1992-09-22,0.579
1992-09-23,0.747
1992-09-24,0.645
1992-09-25,0.765
1992-09-26,1.529
1992-09-27,1.74
1992-09-28,1.542
1992-09-29,0.222
1992-09-30,0.222
1992-10-01,0.812
1992-10-02,0.524
1992-10-03,0.695
1992-10-04,1.082
1992-10-05,1.787
1992-10-06,0.937
1992-10-07,3.487
1992-10-08,1.112
1992-10-09,1.229
1992-10-10,1.477
1992-10-11,0.292
1992-10-12,0.406
1992-10-13,0.645
1992-10-14,0.061
1992-10-15,0.09
1992-10-16,0.191
1992-10-17,0.064
1992-10-18,0.189
1992-10-19,0.083
1992-10-20,0.24
1992-10-21,0.28
1992-10-22,0.156
1992-10-23,0.362
1992-10-24,0.995
1992-10-25,0.716
1992-10-26,0.937
1992-10-27,0.204
1992-10-28,0.065
1992-10-29,0.078
1992-10-30,0.093
1992-10-31,0.0
1992-11-01,0.101
1992-11-02,0.009
1992-11-03,0.084
1992-11-04,0.003
1992-11-05,0.038
1992-11-06,0.0
1992-11-07,0.0
1992-11-08,0.043
1992-11-09,0.098
1992-11-10,0.049
1992-11-11,0.319
1992-11-12,0.074
1992-11-13,0.269
1992-11-14,0.269
1992-11-15,0.352
1992-11-16,0.577
1992-11-17,0.646
1992-11-18,0.211
1992-11-19,0.087
1992-11-20,0.014
1992-11-21,0.304
1992-11-22,0.213
1992-11-23,0.053
1992-11-24,0.042
1992-11-25,0.001
1992-11-26,0.012
1992-11-27,0.0
1992-11-28,0.008
1992-11-29,0.0
1992-11-30,0.0
1992-12-01,0.307
1992-12-02,0.328
1992-12-03,0.273
1992-12-04,0.035
1992-12-05,0.253
1992-12-06,0.214
1992-12-07,0.351
1992-12-08,0.931
1992-12-09,0.083
1992-12-10,0.231
1992-12-11,0.161
1992-12-12,0.271
1992-12-13,0.0
1992-12-14,0.15
1992-12-15,0.507
1992-12-16,0.102
1992-12-17,0.357
1992-12-18,0.257
1992-12-19,0.326
1992-12-20,0.624
1992-12-21,1.168
1992-12-22,0.424
1992-12-23,0.44
1992-12-24,0.748
1992-12-25,1.394
1992-12-26,0.732
1992-12-27,0.414
1992-12-28,0.49
1992-12-29,0.029
1992-12-30,0.154
1992-12-31,0.349
1993-01-01,0.791
1993-01-02,0.433
1993-01-03,0.201
1993-01-04,0.661
1993-01-05,0.24
1993-01-06,0.172
1993-01-07,0.271
1993-01-08,0.335
1993-01-09,0.251
1993-01-10,0.164
1993-01-11,0.403
1993-01-12,0.613
1993-01-13,0.932
1993-01-14,0.719
1993-01-15,0.466
1993-01-16,0.399
1993-01-17,0.196
1993-01-18,0.226
1993-01-19,0.269
1993-01-20,0.326
1993-01-21,0.324
1993-01-22,0.903
1993-01-23,0.888
1993-01-24,0.799
1993-01-25,0.426
1993-01-26,1.128
1993-01-27,2.042
1993-01-28,1.397
1993-01-29,1.637
1993-01-30,2.427
1993-01-31,4.246
1993-02-01,9.864
1993-02-02,6.198
1993-02-03,7.467
1993-02-04,7.268
1993-02-05,7.761
1993-02-06,5.414
1993-02-07,8.268
1993-02-08,9.359
1993-02-09,8.572
1993-02-10,11.376
1993-02-11,8.7
1993-02-12,4.72
1993-02-13,5.202
1993-02-14,4.238
1993-02-15,3.157
1993-02-16,6.038
1993-02-17,1.107
1993-02-18,0.982
1993-02-19,1.131
1993-02-20,2.384
1993-02-21,3.088
1993-02-22,1.355
1993-02-23,1.622
1993-02-24,4.157
1993-02-25,3.565
1993-02-26,6.608
1993-02-27,16.35
1993-02-28,25.146
1993-03-01,14.884
1993-03-02,8.864
1993-03-03,12.146
1993-03-04,17.174
1993-03-05,7.301
1993-03-06,8.652
1993-03-07,7.101
1993-03-08,8.529
1993-03-09,8.358
1993-03-10,8.798
1993-03-11,6.463
1993-03-12,4.851
1993-03-13,7.181
1993-03-14,5.142
1993-03-15,6.006
1993-03-16,8.865
1993-03-17,10.678
1993-03-18,13.373
1993-03-19,10.54
1993-03-20,9.366
1993-03-21,7.222
1993-03-22,6.185
1993-03-23,12.751
1993-03-24,14.321
1993-03-25,8.304
1993-03-26,12.759
1993-03-27,8.74
1993-03-28,8.697
1993-03-29,2.807
1993-03-30,0.917
1993-03-31,3.718
1993-04-01,2.43
1993-04-02,2.561
1993-04-03,3.627
1993-04-04,2.662
1993-04-05,2.029
1993-04-06,6.185
1993-04-07,6.232
1993-04-08,8.429
1993-04-09,10.969
1993-04-10,11.084
1993-04-11,8.746
1993-04-12,9.156
1993-04-13,7.638
1993-04-14,10.265
1993-04-15,10.626
1993-04-16,7.13
1993-04-17,6.522
1993-04-18,4.056
1993-04-19,4.367
1993-04-20,3.801
1993-04-21,1.602
1993-04-22,2.504
1993-04-23,3.32
1993-04-24,4.616
1993-04-25,4.558
1993-04-26,0.762
1993-04-27,0.891
1993-04-28,0.491
1993-04-29,1.227
1993-04-30,2.705
1993-05-01,1.598
1993-05-02,2.664
1993-05-03,1.932
1993-05-04,1.849
1993-05-05,2.542
1993-05-06,3.145
1993-05-07,0.33
1993-05-08,1.197
1993-05-09,0.193
1993-05-10,0.514
1993-05-11,1.245
1993-05-12,0.498
1993-05-13,0.783
1993-05-14,0.739
1993-05-15,1.52
1993-05-16,0.897
1993-05-17,0.766
1993-05-18,0.308
1993-05-19,0.065
1993-05-20,0.167
1993-05-21,0.005
1993-05-22,0.37
1993-05-23,0.492
1993-05-24,0.501
1993-05-25,0.224
1993-05-26,0.852
1993-05-27,0.598
1993-05-28,1.245
1993-05-29,1.146
1993-05-30,0.72
1993-05-31,0.44
1993-06-01,0.203
1993-06-02,0.076
1993-06-03,0.21
1993-06-04,0.145
1993-06-05,0.131
1993-06-06,0.168
1993-06-07,0.075
1993-06-08,0.039
1993-06-09,0.129
1993-06-10,0.012
1993-06-11,0.018
1993-06-12,0.001
1993-06-13,0.056
1993-06-14,0.093
1993-06-15,0.225
1993-06-16,0.229
1993-06-17,0.159
1993-06-18,0.174
1993-06-19,0.262
1993-06-20,0.009
1993-06-21,0.027
1993-06-22,0.009
1993-06-23,0.024
1993-06-24,0.049
1993-06-25,0.016
1993-06-26,0.002
1993-06-27,0.012
1993-06-28,0.066
1993-06-29,0.043
1993-06-30,0.015
1993-07-01,0.096
1993-07-02,0.0
1993-07-03,0.0
1993-07-04,0.0
1993-07-05,0.0
1993-07-06,0.019
1993-07-07,0.013
1993-07-08,0.106
1993-07-09,0.049
1993-07-10,0.017
1993-07-11,0.002
1993-07-12,0.096
1993-07-13,0.167
1993-07-14,0.181
1993-07-15,0.147
1993-07-16,0.004
1993-07-17,0.003
1993-07-18,0.095
1993-07-19,0.125
1993-07-20,0.001
1993-07-21,0.0
1993-07-22,0.001
1993-07-23,0.023
1993-07-24,0.002
1993-07-25,0.001
1993-07-26,0.062
1993-07-27,0.001
1993-07-28,0.001
1993-07-29,0.245
1993-07-30,0.054
1993-07-31,0.075
1993-08-01,0.001
1993-08-02,0.0
1993-08-03,0.0
1993-08-04,0.0
1993-08-05,0.0
1993-08-06,0.0
1993-08-07,0.002
1993-08-08,0.016
1993-08-09,0.105
1993-08-10,0.022
1993-08-11,0.266
1993-08-12,0.03
1993-08-13,0.007
1993-08-14,0.005
1993-08-15,0.071
1993-08-16,0.154
1993-08-17,0.188
1993-08-18,0.081
1993-08-19,0.001
1993-08-20,0.001
1993-08-21,0.074
1993-08-22,0.038
1993-08-23,0.075
1993-08-24,0.185
1993-08-25,0.067
1993-08-26,0.009
1993-08-27,0.0
1993-08-28,0.0
1993-08-29,0.073
1993-08-30,0.255
1993-08-31,0.008
1993-09-01,0.298
1993-09-02,0.082
1993-09-03,0.022
1993-09-04,0.017
1993-09-05,0.082
1993-09-06,0.011
1993-09-07,0.383
1993-09-08,0.604
1993-09-09,0.525
1993-09-10,1.45
1993-09-11,0.455
1993-09-12,1.277
1993-09-13,0.344
1993-09-14,0.354
1993-09-15,0.035
1993-09-16,0.085
1993-09-17,0.301
1993-09-18,0.804
1993-09-19,0.509
1993-09-20,1.162
1993-09-21,2.397
1993-09-22,2.62
1993-09-23,2.176
1993-09-24,3.045
1993-09-25,3.363
1993-09-26,2.026
1993-09-27,5.156
1993-09-28,2.641
1993-09-29,3.609
1993-09-30,3.453
1993-10-01,0.344
1993-10-02,0.116
1993-10-03,0.464
1993-10-04,0.017
1993-10-05,0.153
1993-10-06,0.762
1993-10-07,0.195
1993-10-08,0.123
1993-10-09,0.044
1993-10-10,0.445
1993-10-11,0.535
1993-10-12,1.313
1993-10-13,1.204
1993-10-14,1.79
1993-10-15,1.153
1993-10-16,2.086
1993-10-17,1.198
1993-10-18,2.392
1993-10-19,3.608
1993-10-20,4.239
1993-10-21,0.226
1993-10-22,0.509
1993-10-23,0.981
1993-10-24,0.492
1993-10-25,3.086
1993-10-26,3.763
1993-10-27,4.741
1993-10-28,4.21
1993-10-29,4.597
1993-10-30,2.804
1993-10-31,0.664
1993-11-01,0.847
1993-11-02,5.939
1993-11-03,6.818
1993-11-04,6.188
1993-11-05,3.125
1993-11-06,1.368
1993-11-07,3.277
1993-11-08,4.401
1993-11-09,5.306
1993-11-10,4.128
1993-11-11,0.83
1993-11-12,1.219
1993-11-13,1.415
1993-11-14,0.852
1993-11-15,0.068
1993-11-16,0.249
1993-11-17,0.735
1993-11-18,0.147
1993-11-19,0.021
1993-11-20,0.0
1993-11-21,0.001
1993-11-22,0.059
1993-11-23,0.387
1993-11-24,0.393
1993-11-25,0.091
1993-11-26,0.246
1993-11-27,0.0
1993-11-28,0.577
1993-11-29,0.011
1993-11-30,0.055
1993-12-01,0.0
1993-12-02,1.001
1993-12-03,1.544
1993-12-04,3.603
1993-12-05,4.625
1993-12-06,3.466
1993-12-07,3.16
1993-12-08,3.346
1993-12-09,3.591
1993-12-10,4.732
1993-12-11,2.782
1993-12-12,3.23
1993-12-13,3.164
1993-12-14,4.107
1993-12-15,4.412
1993-12-16,3.358
1993-12-17,2.234
1993-12-18,0.593
1993-12-19,0.164
1993-12-20,3.051
1993-12-21,3.977
1993-12-22,7.292
1993-12-23,5.761
1993-12-24,4.041
1993-12-25,5.706
1993-12-26,1.818
1993-12-27,4.623
1993-12-28,2.727
1993-12-29,2.21
1993-12-30,3.185
1993-12-31,2.599
1994-01-01,2.895
1994-01-02,4.074
1994-01-03,3.116
1994-01-04,1.372
1994-01-05,2.264
1994-01-06,4.697
1994-01-07,4.712
1994-01-08,3.046
1994-01-09,3.453
1994-01-10,2.64
1994-01-11,1.926
1994-01-12,2.714
1994-01-13,2.28
1994-01-14,1.66
1994-01-15,4.678
1994-01-16,4.436
1994-01-17,3.0
1994-01-18,2.782
1994-01-19,2.02
1994-01-20,4.706
1994-01-21,3.228
1994-01-22,2.684
1994-01-23,3.216
1994-01-24,2.977
1994-01-25,1.018
1994-01-26,2.409
1994-01-27,5.438
1994-01-28,4.657
1994-01-29,6.763
1994-01-30,2.558
1994-01-31,2.71
1994-02-01,2.571
1994-02-02,5.406
1994-02-03,8.973
1994-02-04,9.916
1994-02-05,9.132
1994-02-06,4.278
1994-02-07,2.931
1994-02-08,6.093
1994-02-09,3.603
1994-02-10,6.503
1994-02-11,5.289
1994-02-12,5.442
1994-02-13,4.161
1994-02-14,5.352
1994-02-15,3.329
1994-02-16,2.339
1994-02-17,2.113
1994-02-18,2.362
1994-02-19,1.462
1994-02-20,9.234
1994-02-21,6.765
1994-02-22,3.9
1994-02-23,4.88
1994-02-24,4.571
1994-02-25,15.261
1994-02-26,7.426
1994-02-27,6.212
1994-02-28,4.739
1994-03-01,5.433
1994-03-02,7.483
1994-03-03,7.153
1994-03-04,5.438
1994-03-05,4.212
1994-03-06,5.307
1994-03-07,4.74
1994-03-08,4.136
1994-03-09,2.181
1994-03-10,2.268
1994-03-11,5.75
1994-03-12,8.96
1994-03-13,6.543
1994-03-14,6.167
1994-03-15,4.858
1994-03-16,2.862
1994-03-17,8.257
1994-03-18,5.716
1994-03-19,4.148
1994-03-20,4.67
1994-03-21,1.892
1994-03-22,1.296
1994-03-23,3.85
1994-03-24,1.597
1994-03-25,2.691
1994-03-26,4.934
1994-03-27,9.05
1994-03-28,6.635
1994-03-29,14.646
1994-03-30,9.681
1994-03-31,6.394
1994-04-01,8.575
1994-04-02,10.024
1994-04-03,11.466
1994-04-04,5.104
1994-04-05,7.198
1994-04-06,8.947
1994-04-07,8.409
1994-04-08,2.963
1994-04-09,2.504
1994-04-10,4.179
1994-04-11,2.15
1994-04-12,1.468
1994-04-13,1.174
1994-04-14,1.877
1994-04-15,2.499
1994-04-16,0.942
1994-04-17,1.341
1994-04-18,2.776
1994-04-19,1.355
1994-04-20,1.393
1994-04-21,2.275
1994-04-22,0.49
1994-04-23,0.714
1994-04-24,0.549
1994-04-25,0.987
1994-04-26,3.797
1994-04-27,6.932
1994-04-28,6.511
1994-04-29,5.864
1994-04-30,4.694
1994-05-01,0.907
1994-05-02,0.806
1994-05-03,1.12
1994-05-04,0.358
1994-05-05,0.652
1994-05-06,0.889
1994-05-07,0.86
1994-05-08,1.242
1994-05-09,1.705
1994-05-10,0.709
1994-05-11,1.532
1994-05-12,1.2
1994-05-13,0.791
1994-05-14,0.679
1994-05-15,0.233
1994-05-16,0.065
1994-05-17,0.129
1994-05-18,0.017
1994-05-19,0.255
1994-05-20,0.232
1994-05-21,0.647
1994-05-22,1.481
1994-05-23,2.407
1994-05-24,2.406
1994-05-25,2.983
1994-05-26,1.085
1994-05-27,0.933
1994-05-28,1.016
1994-05-29,1.629
1994-05-30,0.753
1994-05-31,1.205
1994-06-01,0.368
1994-06-02,0.24
1994-06-03,0.37
1994-06-04,0.8
1994-06-05,0.114
1994-06-06,0.027
1994-06-07,0.13
1994-06-08,0.489
1994-06-09,0.188
1994-06-10,0.0
1994-06-11,0.081
1994-06-12,0.0
1994-06-13,0.0
1994-06-14,0.0
1994-06-15,0.197
1994-06-16,0.34
1994-06-17,0.072
1994-06-18,0.0
1994-06-19,0.033
1994-06-20,0.0
1994-06-21,0.164
1994-06-22,0.022
1994-06-23,0.0
1994-06-24,0.0
1994-06-25,0.154
1994-06-26,0.263
1994-06-27,0.084
1994-06-28,0.052
1994-06-29,0.022
1994-06-30,0.0
1994-07-01,0.001
1994-07-02,0.167
1994-07-03,0.373
1994-07-04,0.075
1994-07-05,0.042
1994-07-06,0.375
1994-07-07,0.017
1994-07-08,0.031
1994-07-09,0.0
1994-07-10,0.0
1994-07-11,0.0
1994-07-12,0.0
1994-07-13,0.003
1994-07-14,0.0
1994-07-15,0.017
1994-07-16,0.001
1994-07-17,0.001
1994-07-18,0.002
1994-07-19,0.001
1994-07-20,0.0
1994-07-21,0.0
1994-07-22,0.045
1994-07-23,0.143
1994-07-24,0.001
1994-07-25,0.001
1994-07-26,0.015
1994-07-27,0.001
1994-07-28,0.008
1994-07-29,0.0
1994-07-30,0.0
1994-07-31,0.0
1994-08-01,0.0
1994-08-02,0.0
1994-08-03,0.0
1994-08-04,0.0
1994-08-05,0.031
1994-08-06,0.185
1994-08-07,0.001
1994-08-08,0.014
1994-08-09,0.022
1994-08-10,0.039
1994-08-11,0.001
1994-08-12,0.0
1994-08-13,0.0
1994-08-14,0.0
1994-08-15,0.095
1994-08-16,0.056
1994-08-17,0.0
1994-08-18,0.001
1994-08-19,0.037
1994-08-20,0.159
1994-08-21,0.004
1994-08-22,0.053
1994-08-23,0.009
1994-08-24,0.0
1994-08-25,0.002
1994-08-26,0.005
1994-08-27,0.016
1994-08-28,0.005
1994-08-29,0.015
1994-08-30,0.038
1994-08-31,0.019
1994-09-01,0.062
1994-09-02,0.169
1994-09-03,0.011
1994-09-04,0.012
1994-09-05,0.002
1994-09-06,0.011
1994-09-07,0.005
1994-09-08,0.053
1994-09-09,0.013
1994-09-10,0.022
1994-09-11,0.008
1994-09-12,0.008
1994-09-13,0.011
1994-09-14,0.272
1994-09-15,0.376
1994-09-16,0.441
1994-09-17,1.126
1994-09-18,0.538
1994-09-19,0.289
1994-09-20,0.245
1994-09-21,0.513
1994-09-22,0.365
1994-09-23,0.542
1994-09-24,0.559
1994-09-25,0.624
1994-09-26,1.871
1994-09-27,1.474
1994-09-28,1.497
1994-09-29,1.488
1994-09-30,0.252
1994-10-01,0.094
1994-10-02,3.661
1994-10-03,0.4
1994-10-04,0.915
1994-10-05,0.084
1994-10-06,1.024
1994-10-07,1.372
1994-10-08,0.273
1994-10-09,0.604
1994-10-10,0.0
1994-10-11,0.19
1994-10-12,0.188
1994-10-13,1.999
1994-10-14,0.663
1994-10-15,1.663
1994-10-16,3.452
1994-10-17,0.562
1994-10-18,0.698
1994-10-19,1.151
1994-10-20,0.307
1994-10-21,0.001
1994-10-22,0.083
1994-10-23,0.458
1994-10-24,0.444
1994-10-25,2.617
1994-10-26,1.031
1994-10-27,0.363
1994-10-28,1.506
1994-10-29,1.472
1994-10-30,1.135
1994-10-31,0.728
1994-11-01,0.78
1994-11-02,1.742
1994-11-03,1.702
1994-11-04,1.152
1994-11-05,0.675
1994-11-06,1.736
1994-11-07,7.159
1994-11-08,4.588
1994-11-09,4.979
1994-11-10,5.87
1994-11-11,1.015
1994-11-12,0.04
1994-11-13,0.039
1994-11-14,1.901
1994-11-15,0.283
1994-11-16,0.71
1994-11-17,0.426
1994-11-18,0.202
1994-11-19,0.0
1994-11-20,0.057
1994-11-21,0.032
1994-11-22,0.744
1994-11-23,0.01
1994-11-24,0.95
1994-11-25,0.158
1994-11-26,0.131
1994-11-27,0.0
1994-11-28,0.215
1994-11-29,0.019
1994-11-30,0.115
1994-12-01,2.346
1994-12-02,0.214
1994-12-03,1.664
1994-12-04,1.88
1994-12-05,2.464
1994-12-06,1.419
1994-12-07,0.281
1994-12-08,0.324
1994-12-09,1.211
1994-12-10,0.725
1994-12-11,1.251
1994-12-12,1.778
1994-12-13,1.398
1994-12-14,0.32
1994-12-15,0.505
1994-12-16,1.699
1994-12-17,2.679
1994-12-18,13.211
1994-12-19,7.728
1994-12-20,4.92
1994-12-21,4.004
1994-12-22,6.512
1994-12-23,8.449
1994-12-24,2.857
1994-12-25,6.235
1994-12-26,1.674
1994-12-27,0.366
1994-12-28,0.001
1994-12-29,0.276
1994-12-30,0.187
1994-12-31,0.979
1995-01-01,1.13
1995-01-02,0.944
1995-01-03,1.276
1995-01-04,0.509
1995-01-05,0.479
1995-01-06,1.557
1995-01-07,0.163
1995-01-08,0.0
1995-01-09,0.022
1995-01-10,0.0
1995-01-11,0.0
1995-01-12,0.056
1995-01-13,0.0
1995-01-14,0.002
1995-01-15,0.094
1995-01-16,0.448
1995-01-17,0.341
1995-01-18,0.408
1995-01-19,0.425
1995-01-20,0.55
1995-01-21,1.629
1995-01-22,3.341
1995-01-23,5.26
1995-01-24,3.797
1995-01-25,5.632
1995-01-26,1.763
1995-01-27,2.76
1995-01-28,1.957
1995-01-29,1.204
1995-01-30,2.479
1995-01-31,9.628
1995-02-01,9.596
1995-02-02,4.988
1995-02-03,7.771
1995-02-04,8.249
1995-02-05,7.796
1995-02-06,1.998
1995-02-07,3.57
1995-02-08,0.438
1995-02-09,0.226
1995-02-10,0.52
1995-02-11,1.597
1995-02-12,7.68
1995-02-13,6.481
1995-02-14,2.659
1995-02-15,0.895
1995-02-16,3.374
1995-02-17,2.682
1995-02-18,5.075
1995-02-19,9.372
1995-02-20,14.531
1995-02-21,5.64
1995-02-22,2.318
1995-02-23,1.753
1995-02-24,0.584
1995-02-25,0.097
1995-02-26,0.611
1995-02-27,7.189
1995-02-28,4.396
1995-03-01,1.965
1995-03-02,1.94
1995-03-03,0.811
1995-03-04,1.352
1995-03-05,2.251
1995-03-06,2.337
1995-03-07,3.766
1995-03-08,4.87
1995-03-09,3.998
1995-03-10,2.158
1995-03-11,12.417
1995-03-12,3.949
1995-03-13,5.157
1995-03-14,2.937
1995-03-15,3.956
1995-03-16,2.48
1995-03-17,2.047
1995-03-18,7.916
1995-03-19,5.008
1995-03-20,7.767
1995-03-21,4.969
1995-03-22,7.099
1995-03-23,1.843
1995-03-24,0.214
1995-03-25,0.56
1995-03-26,1.986
1995-03-27,2.015
1995-03-28,0.851
1995-03-29,1.585
1995-03-30,0.799
1995-03-31,1.201
1995-04-01,4.447
1995-04-02,6.76
1995-04-03,4.378
1995-04-04,4.263
1995-04-05,3.07
1995-04-06,0.593
1995-04-07,8.139
1995-04-08,4.864
1995-04-09,1.785
1995-04-10,1.256
1995-04-11,1.976
1995-04-12,1.135
1995-04-13,2.958
1995-04-14,0.633
1995-04-15,2.418
1995-04-16,2.409
1995-04-17,1.63
1995-04-18,0.714
1995-04-19,0.437
1995-04-20,1.062
1995-04-21,0.323
1995-04-22,0.168
1995-04-23,0.305
1995-04-24,0.83
1995-04-25,0.039
1995-04-26,0.349
1995-04-27,0.288
1995-04-28,0.694
1995-04-29,1.19
1995-04-30,0.891
1995-05-01,1.633
1995-05-02,0.166
1995-05-03,0.363
1995-05-04,3.108
1995-05-05,0.093
1995-05-06,0.506
1995-05-07,1.013
1995-05-08,2.128
1995-05-09,2.36
1995-05-10,1.849
1995-05-11,0.63
1995-05-12,0.111
1995-05-13,0.145
1995-05-14,0.292
1995-05-15,0.304
1995-05-16,1.47
1995-05-17,0.726
1995-05-18,0.411
1995-05-19,0.02
1995-05-20,0.91
1995-05-21,1.084
1995-05-22,1.641
1995-05-23,1.098
1995-05-24,0.905
1995-05-25,0.869
1995-05-26,0.018
1995-05-27,0.033
1995-05-28,0.053
1995-05-29,0.05
1995-05-30,0.01
1995-05-31,0.007
1995-06-01,0.042
1995-06-02,0.021
1995-06-03,0.52
1995-06-04,0.018
1995-06-05,0.055
1995-06-06,0.072
1995-06-07,0.065
1995-06-08,0.01
1995-06-09,0.008
1995-06-10,0.018
1995-06-11,0.005
1995-06-12,0.0
1995-06-13,0.0
1995-06-14,0.0
1995-06-15,0.0
1995-06-16,0.0
1995-06-17,0.0
1995-06-18,0.429
1995-06-19,0.112
1995-06-20,0.494
1995-06-21,0.559
1995-06-22,0.084
1995-06-23,0.953
1995-06-24,0.113
1995-06-25,0.041
1995-06-26,0.138
1995-06-27,0.815
1995-06-28,0.215
1995-06-29,0.039
1995-06-30,0.022
1995-07-01,0.0
1995-07-02,0.0
1995-07-03,0.034
1995-07-04,0.142
1995-07-05,0.0
1995-07-06,0.01
1995-07-07,0.012
1995-07-08,0.008
1995-07-09,0.016
1995-07-10,0.004
1995-07-11,0.051
1995-07-12,0.288
1995-07-13,0.014
1995-07-14,0.0
1995-07-15,0.007
1995-07-16,0.006
1995-07-17,0.088
1995-07-18,0.017
1995-07-19,0.104
1995-07-20,0.945
1995-07-21,0.304
1995-07-22,0.068
1995-07-23,0.237
1995-07-24,0.006
1995-07-25,0.001
1995-07-26,0.135
1995-07-27,0.242
1995-07-28,0.79
1995-07-29,0.082
1995-07-30,0.009
1995-07-31,0.469
1995-08-01,0.003
1995-08-02,0.002
1995-08-03,0.0
1995-08-04,0.019
1995-08-05,0.007
1995-08-06,0.0
1995-08-07,0.0
1995-08-08,0.0
1995-08-09,0.014
1995-08-10,0.0
1995-08-11,0.0
1995-08-12,0.0
1995-08-13,0.127
1995-08-14,0.046
1995-08-15,0.269
1995-08-16,0.008
1995-08-17,0.02
1995-08-18,0.032
1995-08-19,0.228
1995-08-20,0.0
1995-08-21,0.001
1995-08-22,0.001
1995-08-23,0.008
1995-08-24,0.0
1995-08-25,0.003
1995-08-26,0.008
1995-08-27,0.003
1995-08-28,0.003
1995-08-29,0.0
1995-08-30,0.001
1995-08-31,0.02
1995-09-01,0.114
1995-09-02,0.195
1995-09-03,0.002
1995-09-04,0.08
1995-09-05,0.012
1995-09-06,0.023
1995-09-07,0.003
1995-09-08,0.029
1995-09-09,0.002
1995-09-10,0.012
1995-09-11,0.15
1995-09-12,1.174
1995-09-13,0.557
1995-09-14,1.853
1995-09-15,0.412
1995-09-16,0.004
1995-09-17,0.001
1995-09-18,0.061
1995-09-19,0.081
1995-09-20,0.03
1995-09-21,0.471
1995-09-22,0.133
1995-09-23,0.145
1995-09-24,0.305
1995-09-25,0.018
1995-09-26,0.618
1995-09-27,0.527
1995-09-28,0.324
1995-09-29,1.88
1995-09-30,0.987
1995-10-01,0.108
1995-10-02,0.002
1995-10-03,0.005
1995-10-04,0.002
1995-10-05,0.094
1995-10-06,0.646
1995-10-07,0.224
1995-10-08,0.028
1995-10-09,0.0
1995-10-10,0.0
1995-10-11,0.447
1995-10-12,0.115
1995-10-13,0.004
1995-10-14,0.061
1995-10-15,0.058
1995-10-16,1.876
1995-10-17,3.077
1995-10-18,2.714
1995-10-19,4.29
1995-10-20,1.063
1995-10-21,1.036
1995-10-22,1.545
1995-10-23,1.352
1995-10-24,2.572
1995-10-25,1.104
1995-10-26,0.013
1995-10-27,0.164
1995-10-28,1.535
1995-10-29,5.846
1995-10-30,3.197
1995-10-31,4.502
1995-11-01,2.02
1995-11-02,2.195
1995-11-03,0.622
1995-11-04,0.748
1995-11-05,2.248
1995-11-06,0.87
1995-11-07,2.179
1995-11-08,0.508
1995-11-09,1.005
1995-11-10,0.275
1995-11-11,0.378
1995-11-12,1.824
1995-11-13,1.65
1995-11-14,2.786
1995-11-15,4.088
1995-11-16,5.666
1995-11-17,0.284
1995-11-18,0.985
1995-11-19,3.27
1995-11-20,0.587
1995-11-21,0.0
1995-11-22,0.0
1995-11-23,0.0
1995-11-24,0.0
1995-11-25,0.0
1995-11-26,0.0
1995-11-27,0.0
1995-11-28,0.396
1995-11-29,0.481
1995-11-30,0.078
1995-12-01,0.63
1995-12-02,1.536
1995-12-03,0.867
1995-12-04,0.037
1995-12-05,0.0
1995-12-06,0.0
1995-12-07,0.006
1995-12-08,0.0
1995-12-09,0.022
1995-12-10,0.0
1995-12-11,0.044
1995-12-12,0.281
1995-12-13,0.188
1995-12-14,0.395
1995-12-15,0.814
1995-12-16,0.796
1995-12-17,1.718
1995-12-18,0.004
1995-12-19,1.77
1995-12-20,9.245
1995-12-21,10.066
1995-12-22,15.211
1995-12-23,6.684
1995-12-24,8.198
1995-12-25,9.166
1995-12-26,8.089
1995-12-27,9.595
1995-12-28,8.14
1995-12-29,8.674
1995-12-30,3.17
1995-12-31,2.474
1996-01-01,1.428
1996-01-02,4.648
1996-01-03,5.184
1996-01-04,6.04
1996-01-05,4.328
1996-01-06,4.741
1996-01-07,4.274
1996-01-08,6.8
1996-01-09,6.573
1996-01-10,5.359
1996-01-11,5.862
1996-01-12,5.586
1996-01-13,1.726
1996-01-14,0.416
1996-01-15,0.041
1996-01-16,0.387
1996-01-17,0.096
1996-01-18,0.458
1996-01-19,0.064
1996-01-20,0.085
1996-01-21,0.0
1996-01-22,0.018
1996-01-23,0.005
1996-01-24,0.166
1996-01-25,1.212
1996-01-26,4.647
1996-01-27,2.902
1996-01-28,0.478
1996-01-29,2.196
1996-01-30,2.642
1996-01-31,1.835
1996-02-01,6.131
1996-02-02,6.881
1996-02-03,3.882
1996-02-04,4.774
1996-02-05,2.144
1996-02-06,1.311
1996-02-07,3.321
1996-02-08,8.438
1996-02-09,7.503
1996-02-10,9.081
1996-02-11,8.913
1996-02-12,3.679
1996-02-13,4.285
1996-02-14,5.269
1996-02-15,7.961
1996-02-16,9.518
1996-02-17,6.174
1996-02-18,13.759
1996-02-19,18.472
1996-02-20,5.288
1996-02-21,0.702
1996-02-22,0.658
1996-02-23,0.78
1996-02-24,1.929
1996-02-25,0.727
1996-02-26,3.939
1996-02-27,0.953
1996-02-28,10.035
1996-02-29,10.779
1996-03-01,13.996
1996-03-02,13.795
1996-03-03,10.856
1996-03-04,4.582
1996-03-05,0.504
1996-03-06,1.675
1996-03-07,5.166
1996-03-08,4.184
1996-03-09,13.526
1996-03-10,8.734
1996-03-11,8.043
1996-03-12,4.882
1996-03-13,10.595
1996-03-14,4.396
1996-03-15,4.67
1996-03-16,4.594
1996-03-17,6.576
1996-03-18,6.168
1996-03-19,0.554
1996-03-20,1.584
1996-03-21,2.497
1996-03-22,7.563
1996-03-23,10.627
1996-03-24,5.734
1996-03-25,3.62
1996-03-26,2.582
1996-03-27,5.425
1996-03-28,9.154
1996-03-29,5.55
1996-03-30,4.249
1996-03-31,5.293
1996-04-01,7.564
1996-04-02,11.437
1996-04-03,9.9
1996-04-04,5.999
1996-04-05,3.443
1996-04-06,1.138
1996-04-07,1.234
1996-04-08,2.881
1996-04-09,3.462
1996-04-10,5.322
1996-04-11,2.999
1996-04-12,1.542
1996-04-13,1.715
1996-04-14,0.637
1996-04-15,0.304
1996-04-16,0.845
1996-04-17,3.857
1996-04-18,0.607
1996-04-19,2.129
1996-04-20,3.022
1996-04-21,0.976
1996-04-22,0.935
1996-04-23,0.838
1996-04-24,2.961
1996-04-25,0.953
1996-04-26,3.17
1996-04-27,0.599
1996-04-28,0.687
1996-04-29,1.805
1996-04-30,0.452
1996-05-01,0.055
1996-05-02,0.736
1996-05-03,0.285
1996-05-04,0.223
1996-05-05,0.115
1996-05-06,0.048
1996-05-07,0.51
1996-05-08,0.641
1996-05-09,0.329
1996-05-10,0.127
1996-05-11,0.101
1996-05-12,1.306
1996-05-13,0.602
1996-05-14,0.117
1996-05-15,0.094
1996-05-16,0.089
1996-05-17,0.0
1996-05-18,0.18
1996-05-19,0.507
1996-05-20,0.738
1996-05-21,0.225
1996-05-22,0.748
1996-05-23,0.499
1996-05-24,0.897
1996-05-25,0.385
1996-05-26,0.481
1996-05-27,0.275
1996-05-28,0.05
1996-05-29,0.076
1996-05-30,0.227
1996-05-31,0.078
1996-06-01,0.643
1996-06-02,1.61
1996-06-03,0.898
1996-06-04,0.199
1996-06-05,0.002
1996-06-06,0.001
1996-06-07,0.094
1996-06-08,0.097
1996-06-09,0.123
1996-06-10,0.009
1996-06-11,0.0
1996-06-12,0.052
1996-06-13,0.0
1996-06-14,0.001
1996-06-15,0.0
1996-06-16,0.091
1996-06-17,0.026
1996-06-18,0.0
1996-06-19,0.0
1996-06-20,0.0
1996-06-21,0.014
1996-06-22,0.008
1996-06-23,0.012
1996-06-24,0.014
1996-06-25,0.009
1996-06-26,0.007
1996-06-27,0.059
1996-06-28,0.231
1996-06-29,0.008
1996-06-30,0.001
1996-07-01,0.0
1996-07-02,0.0
1996-07-03,0.0
1996-07-04,0.0
1996-07-05,0.0
1996-07-06,0.006
1996-07-07,0.0
1996-07-08,0.0
1996-07-09,0.056
1996-07-10,0.0
1996-07-11,0.009
1996-07-12,0.004
1996-07-13,0.0
1996-07-14,0.0
1996-07-15,0.033
1996-07-16,0.003
1996-07-17,0.0
1996-07-18,0.043
1996-07-19,0.0
1996-07-20,0.001
1996-07-21,0.16
1996-07-22,0.001
1996-07-23,0.004
1996-07-24,0.009
1996-07-25,0.0
1996-07-26,0.025
1996-07-27,0.125
1996-07-28,0.011
1996-07-29,0.033
1996-07-30,0.0
1996-07-31,0.0
1996-08-01,0.0
1996-08-02,0.0
1996-08-03,0.0
1996-08-04,0.102
1996-08-05,0.0
1996-08-06,0.045
1996-08-07,0.307
1996-08-08,0.038
1996-08-09,0.019
1996-08-10,0.001
1996-08-11,0.0
1996-08-12,0.114
1996-08-13,0.0
1996-08-14,0.091
1996-08-15,0.037
1996-08-16,0.061
1996-08-17,0.232
1996-08-18,0.09
1996-08-19,0.012
1996-08-20,0.001
1996-08-21,0.015
1996-08-22,0.057
1996-08-23,0.555
1996-08-24,0.065
1996-08-25,0.262
1996-08-26,0.177
1996-08-27,0.017
1996-08-28,0.602
1996-08-29,0.094
1996-08-30,0.214
1996-08-31,0.569
1996-09-01,0.008
1996-09-02,0.251
1996-09-03,0.021
1996-09-04,0.226
1996-09-05,0.35
1996-09-06,0.03
1996-09-07,0.397
1996-09-08,0.307
1996-09-09,0.014
1996-09-10,0.005
1996-09-11,0.016
1996-09-12,0.008
1996-09-13,0.038
1996-09-14,0.041
1996-09-15,0.348
1996-09-16,0.015
1996-09-17,0.087
1996-09-18,0.507
1996-09-19,0.083
1996-09-20,0.548
1996-09-21,0.032
1996-09-22,0.109
1996-09-23,0.964
1996-09-24,0.324
1996-09-25,1.414
1996-09-26,0.228
1996-09-27,0.828
1996-09-28,0.133
1996-09-29,1.087
1996-09-30,0.467
1996-10-01,0.27
1996-10-02,0.533
1996-10-03,0.09
1996-10-04,0.125
1996-10-05,0.328
1996-10-06,3.401
1996-10-07,4.47
1996-10-08,4.84
1996-10-09,4.157
1996-10-10,1.935
1996-10-11,0.215
1996-10-12,0.071
1996-10-13,0.112
1996-10-14,0.26
1996-10-15,5.348
1996-10-16,0.066
1996-10-17,0.126
1996-10-18,0.963
1996-10-19,0.1
1996-10-20,0.441
1996-10-21,1.09
1996-10-22,2.921
1996-10-23,1.934
1996-10-24,0.494
1996-10-25,0.873
1996-10-26,0.36
1996-10-27,2.237
1996-10-28,1.615
1996-10-29,2.82
1996-10-30,2.417
1996-10-31,4.384
1996-11-01,1.521
1996-11-02,1.457
1996-11-03,0.59
1996-11-04,0.538
1996-11-05,1.143
1996-11-06,0.53
1996-11-07,0.311
1996-11-08,0.042
1996-11-09,0.003
1996-11-10,0.004
1996-11-11,0.0
1996-11-12,0.202
1996-11-13,0.109
1996-11-14,0.008
1996-11-15,0.0
1996-11-16,0.0
1996-11-17,0.0
1996-11-18,0.0
1996-11-19,0.0
1996-11-20,0.05
1996-11-21,0.342
1996-11-22,0.04
1996-11-23,0.0
1996-11-24,0.001
1996-11-25,2.803
1996-11-26,0.016
1996-11-27,0.0
1996-11-28,0.613
1996-11-29,0.912
1996-11-30,0.998
1996-12-01,2.076
1996-12-02,0.287
1996-12-03,0.48
1996-12-04,0.24
1996-12-05,0.002
1996-12-06,0.01
1996-12-07,0.063
1996-12-08,0.005
1996-12-09,0.333
1996-12-10,0.046
1996-12-11,0.001
1996-12-12,0.022
1996-12-13,0.154
1996-12-14,0.046
1996-12-15,0.0
1996-12-16,0.013
1996-12-17,0.012
1996-12-18,0.137
1996-12-19,0.323
1996-12-20,4.24
1996-12-21,0.905
1996-12-22,0.579
1996-12-23,0.794
1996-12-24,1.292
1996-12-25,3.537
1996-12-26,2.661
1996-12-27,1.106
1996-12-28,0.034
1996-12-29,0.008
1996-12-30,0.214
1996-12-31,0.117
1997-01-01,0.438
1997-01-02,0.0
1997-01-03,0.237
1997-01-04,2.042
1997-01-05,0.47
1997-01-06,0.084
1997-01-07,0.555
1997-01-08,1.445
1997-01-09,0.528
1997-01-10,1.44
1997-01-11,0.965
1997-01-12,1.117
1997-01-13,2.088
1997-01-14,2.912
1997-01-15,7.426
1997-01-16,5.0
1997-01-17,1.392
1997-01-18,1.46
1997-01-19,1.292
1997-01-20,0.35
1997-01-21,0.011
1997-01-22,0.383
1997-01-23,0.165
1997-01-24,0.426
1997-01-25,0.468
1997-01-26,4.214
1997-01-27,6.985
1997-01-28,1.403
1997-01-29,0.0
1997-01-30,0.0
1997-01-31,0.005
1997-02-01,0.214
1997-02-02,0.145
1997-02-03,0.74
1997-02-04,2.869
1997-02-05,2.465
1997-02-06,2.343
1997-02-07,3.861
1997-02-08,7.805
1997-02-09,6.178
1997-02-10,9.852
1997-02-11,12.52
1997-02-12,6.732
1997-02-13,3.149
1997-02-14,2.611
1997-02-15,9.083
1997-02-16,5.582
1997-02-17,5.579
1997-02-18,6.924
1997-02-19,4.374
1997-02-20,4.549
1997-02-21,8.757
1997-02-22,6.248
1997-02-23,9.358
1997-02-24,6.869
1997-02-25,7.537
1997-02-26,4.337
1997-02-27,2.308
1997-02-28,4.221
1997-03-01,5.221
1997-03-02,1.689
1997-03-03,1.463
1997-03-04,1.491
1997-03-05,1.608
1997-03-06,1.49
1997-03-07,1.558
1997-03-08,1.446
1997-03-09,5.434
1997-03-10,1.629
1997-03-11,0.59
1997-03-12,1.071
1997-03-13,1.293
1997-03-14,1.759
1997-03-15,8.461
1997-03-16,5.642
1997-03-17,2.059
1997-03-18,4.29
1997-03-19,0.808
1997-03-20,0.248
1997-03-21,0.009
1997-03-22,0.052
1997-03-23,0.0
1997-03-24,0.001
1997-03-25,0.009
1997-03-26,0.411
1997-03-27,0.047
1997-03-28,0.081
1997-03-29,0.0
1997-03-30,0.014
1997-03-31,0.182
1997-04-01,0.053
1997-04-02,0.222
1997-04-03,0.477
1997-04-04,0.306
1997-04-05,0.249
1997-04-06,0.901
1997-04-07,1.471
1997-04-08,0.668
1997-04-09,0.161
1997-04-10,0.275
1997-04-11,0.454
1997-04-12,2.833
1997-04-13,4.438
1997-04-14,1.852
1997-04-15,2.405
1997-04-16,7.917
1997-04-17,5.445
1997-04-18,6.063
1997-04-19,3.341
1997-04-20,2.654
1997-04-21,6.728
1997-04-22,9.896
1997-04-23,7.047
1997-04-24,3.869
1997-04-25,5.93
1997-04-26,7.357
1997-04-27,0.087
1997-04-28,3.687
1997-04-29,6.157
1997-04-30,3.736
1997-05-01,2.154
1997-05-02,0.81
1997-05-03,0.108
1997-05-04,0.009
1997-05-05,0.021
1997-05-06,0.0
1997-05-07,0.001
1997-05-08,0.016
1997-05-09,0.266
1997-05-10,0.953
1997-05-11,0.269
1997-05-12,0.058
1997-05-13,0.304
1997-05-14,0.121
1997-05-15,0.0
1997-05-16,0.087
1997-05-17,0.403
1997-05-18,0.541
1997-05-19,0.01
1997-05-20,0.054
1997-05-21,0.007
1997-05-22,0.029
1997-05-23,0.396
1997-05-24,0.706
1997-05-25,1.843
1997-05-26,0.401
1997-05-27,0.501
1997-05-28,0.018
1997-05-29,0.014
1997-05-30,0.183
1997-05-31,0.347
1997-06-01,0.109
1997-06-02,0.015
1997-06-03,0.447
1997-06-04,0.01
1997-06-05,0.028
1997-06-06,0.013
1997-06-07,0.158
1997-06-08,0.028
1997-06-09,0.027
1997-06-10,0.062
1997-06-11,0.0
1997-06-12,0.0
1997-06-13,0.0
1997-06-14,0.0
1997-06-15,0.016
1997-06-16,0.087
1997-06-17,1.055
1997-06-18,1.303
1997-06-19,1.7
1997-06-20,0.078
1997-06-21,0.622
1997-06-22,0.015
1997-06-23,0.0
1997-06-24,0.004
1997-06-25,0.022
1997-06-26,0.489
1997-06-27,0.412
1997-06-28,0.315
1997-06-29,0.026
1997-06-30,0.002
1997-07-01,0.015
1997-07-02,0.002
1997-07-03,0.0
1997-07-04,0.002
1997-07-05,0.002
1997-07-06,0.002
1997-07-07,0.157
1997-07-08,0.057
1997-07-09,0.002
1997-07-10,0.001
1997-07-11,0.06
1997-07-12,0.0
1997-07-13,0.023
1997-07-14,0.025
1997-07-15,0.007
1997-07-16,0.012
1997-07-17,0.002
1997-07-18,0.001
1997-07-19,0.001
1997-07-20,0.058
1997-07-21,0.056
1997-07-22,0.001
1997-07-23,0.007
1997-07-24,0.0
1997-07-25,0.001
1997-07-26,0.0
1997-07-27,0.0
1997-07-28,0.0
1997-07-29,0.003
1997-07-30,0.102
1997-07-31,0.133
1997-08-01,0.003
1997-08-02,0.01
1997-08-03,0.085
1997-08-04,0.098
1997-08-05,0.001
1997-08-06,0.019
1997-08-07,0.143
1997-08-08,0.033
1997-08-09,0.0
1997-08-10,0.032
1997-08-11,0.0
1997-08-12,0.017
1997-08-13,0.165
1997-08-14,0.001
1997-08-15,0.001
1997-08-16,0.0
1997-08-17,0.02
1997-08-18,0.013
1997-08-19,0.004
1997-08-20,0.004
1997-08-21,0.003
1997-08-22,0.008
1997-08-23,0.002
1997-08-24,0.004
1997-08-25,0.061
1997-08-26,0.059
1997-08-27,0.049
1997-08-28,0.003
1997-08-29,0.008
1997-08-30,0.038
1997-08-31,0.402
1997-09-01,0.055
1997-09-02,0.009
1997-09-03,0.003
1997-09-04,0.115
1997-09-05,0.15
1997-09-06,0.005
1997-09-07,0.005
1997-09-08,0.011
1997-09-09,0.062
1997-09-10,0.035
1997-09-11,0.013
1997-09-12,0.265
1997-09-13,0.885
1997-09-14,0.057
1997-09-15,0.062
1997-09-16,0.003
1997-09-17,0.015
1997-09-18,0.002
1997-09-19,0.027
1997-09-20,0.162
1997-09-21,0.177
1997-09-22,0.39
1997-09-23,0.172
1997-09-24,0.088
1997-09-25,1.028
1997-09-26,4.6
1997-09-27,4.853
1997-09-28,3.691
1997-09-29,1.522
1997-09-30,2.439
1997-10-01,0.352
1997-10-02,0.369
1997-10-03,0.199
1997-10-04,0.802
1997-10-05,0.213
1997-10-06,0.033
1997-10-07,0.179
1997-10-08,0.177
1997-10-09,0.645
1997-10-10,0.544
1997-10-11,0.162
1997-10-12,0.003
1997-10-13,0.0
1997-10-14,0.0
1997-10-15,0.0
1997-10-16,0.0
1997-10-17,0.063
1997-10-18,1.798
1997-10-19,0.024
1997-10-20,0.08
1997-10-21,0.382
1997-10-22,0.633
1997-10-23,0.257
1997-10-24,2.007
1997-10-25,2.998
1997-10-26,3.611
1997-10-27,8.889
1997-10-28,1.478
1997-10-29,4.719
1997-10-30,5.807
1997-10-31,2.674
1997-11-01,1.91
1997-11-02,2.314
1997-11-03,3.377
1997-11-04,2.37
1997-11-05,3.078
1997-11-06,1.862
1997-11-07,2.119
1997-11-08,1.338
1997-11-09,1.847
1997-11-10,1.652
1997-11-11,0.532
1997-11-12,0.341
1997-11-13,0.0
1997-11-14,0.008
1997-11-15,0.0
1997-11-16,0.019
1997-11-17,0.809
1997-11-18,0.283
1997-11-19,0.544
1997-11-20,0.236
1997-11-21,1.888
1997-11-22,2.755
1997-11-23,5.303
1997-11-24,6.468
1997-11-25,6.51
1997-11-26,0.912
1997-11-27,3.769
1997-11-28,5.174
1997-11-29,3.08
1997-11-30,1.246
1997-12-01,1.729
1997-12-02,3.674
1997-12-03,6.965
1997-12-04,5.667
1997-12-05,1.064
1997-12-06,2.84
1997-12-07,4.006
1997-12-08,13.731
1997-12-09,17.605
1997-12-10,9.054
1997-12-11,5.716
1997-12-12,5.527
1997-12-13,7.661
1997-12-14,3.519
1997-12-15,3.058
1997-12-16,20.399
1997-12-17,20.464
1997-12-18,21.152
1997-12-19,7.887
1997-12-20,4.225
1997-12-21,11.085
1997-12-22,3.71
1997-12-23,1.924
1997-12-24,2.709
1997-12-25,11.643
1997-12-26,6.527
1997-12-27,4.931
1997-12-28,4.089
1997-12-29,8.012
1997-12-30,10.547
1997-12-31,5.164
1998-01-01,2.218
1998-01-02,1.937
1998-01-03,0.073
1998-01-04,1.244
1998-01-05,5.398
1998-01-06,10.589
1998-01-07,9.422
1998-01-08,8.077
1998-01-09,1.425
1998-01-10,7.028
1998-01-11,2.65
1998-01-12,7.649
1998-01-13,14.901
1998-01-14,12.896
1998-01-15,1.655
1998-01-16,8.468
1998-01-17,7.473
1998-01-18,13.979
1998-01-19,2.472
1998-01-20,5.302
1998-01-21,7.33
1998-01-22,11.631
1998-01-23,2.535
1998-01-24,12.27
1998-01-25,6.291
1998-01-26,5.291
1998-01-27,3.532
1998-01-28,8.482
1998-01-29,9.882
1998-01-30,3.648
1998-01-31,1.832
1998-02-01,0.113
1998-02-02,0.478
1998-02-03,3.014
1998-02-04,0.847
1998-02-05,7.673
1998-02-06,14.893
1998-02-07,13.783
1998-02-08,15.442
1998-02-09,8.733
1998-02-10,17.471
1998-02-11,2.559
1998-02-12,0.659
1998-02-13,2.363
1998-02-14,5.261
1998-02-15,4.114
1998-02-16,0.593
1998-02-17,2.2
1998-02-18,9.812
1998-02-19,5.511
1998-02-20,16.359
1998-02-21,21.665
1998-02-22,22.005
1998-02-23,6.568
1998-02-24,18.215
1998-02-25,10.892
1998-02-26,7.827
1998-02-27,17.534
1998-02-28,11.151
1998-03-01,12.532
1998-03-02,11.244
1998-03-03,13.227
1998-03-04,11.267
1998-03-05,4.411
1998-03-06,12.065
1998-03-07,8.794
1998-03-08,6.014
1998-03-09,12.11
1998-03-10,20.874
1998-03-11,16.1
1998-03-12,11.418
1998-03-13,17.223
1998-03-14,13.307
1998-03-15,10.721
1998-03-16,9.353
1998-03-17,3.136
1998-03-18,2.758
1998-03-19,13.245
1998-03-20,4.179
1998-03-21,5.425
1998-03-22,12.214
1998-03-23,21.397
1998-03-24,13.836
1998-03-25,7.253
1998-03-26,2.456
1998-03-27,7.024
1998-03-28,8.208
1998-03-29,11.096
1998-03-30,5.105
1998-03-31,5.169
1998-04-01,2.019
1998-04-02,12.238
1998-04-03,1.96
1998-04-04,7.8
1998-04-05,2.99
1998-04-06,5.724
1998-04-07,8.132
1998-04-08,6.997
1998-04-09,7.281
1998-04-10,10.266
1998-04-11,10.278
1998-04-12,4.266
1998-04-13,10.403
1998-04-14,3.215
1998-04-15,1.939
1998-04-16,1.455
1998-04-17,3.88
1998-04-18,3.508
1998-04-19,1.709
1998-04-20,1.504
1998-04-21,0.382
1998-04-22,0.869
1998-04-23,2.856
1998-04-24,3.956
1998-04-25,1.817
1998-04-26,3.554
1998-04-27,5.472
1998-04-28,4.9
1998-04-29,10.636
1998-04-30,8.339
1998-05-01,2.644
1998-05-02,1.92
1998-05-03,2.694
1998-05-04,2.042
1998-05-05,3.323
1998-05-06,2.73
1998-05-07,0.169
1998-05-08,0.027
1998-05-09,0.054
1998-05-10,0.048
1998-05-11,0.282
1998-05-12,0.017
1998-05-13,0.517
1998-05-14,0.026
1998-05-15,0.044
1998-05-16,0.022
1998-05-17,0.209
1998-05-18,0.008
1998-05-19,0.008
1998-05-20,0.006
1998-05-21,0.031
1998-05-22,0.012
1998-05-23,0.052
1998-05-24,0.493
1998-05-25,0.009
1998-05-26,0.942
1998-05-27,1.257
1998-05-28,0.053
1998-05-29,0.346
1998-05-30,0.259
1998-05-31,0.013
1998-06-01,1.026
1998-06-02,0.826
1998-06-03,0.149
1998-06-04,0.001
1998-06-05,0.0
1998-06-06,0.006
1998-06-07,0.079
1998-06-08,0.458
1998-06-09,0.001
1998-06-10,0.058
1998-06-11,0.044
1998-06-12,0.225
1998-06-13,0.054
1998-06-14,0.0
1998-06-15,0.038
1998-06-16,0.0
1998-06-17,0.0
1998-06-18,0.0
1998-06-19,0.0
1998-06-20,0.134
1998-06-21,0.327
1998-06-22,0.027
1998-06-23,0.001
1998-06-24,0.128
1998-06-25,0.003
1998-06-26,0.007
1998-06-27,0.006
1998-06-28,0.004
1998-06-29,0.0
1998-06-30,0.002
1998-07-01,0.0
1998-07-02,0.0
1998-07-03,0.05
1998-07-04,0.05
1998-07-05,0.0
1998-07-06,0.005
1998-07-07,0.001
1998-07-08,0.07
1998-07-09,0.014
1998-07-10,0.166
1998-07-11,0.116
1998-07-12,0.001
1998-07-13,0.002
1998-07-14,0.0
1998-07-15,0.026
1998-07-16,0.009
1998-07-17,0.009
1998-07-18,0.034
1998-07-19,0.028
1998-07-20,0.022
1998-07-21,0.005
1998-07-22,0.004
1998-07-23,0.008
1998-07-24,0.0
1998-07-25,0.031
1998-07-26,0.0
1998-07-27,0.001
1998-07-28,0.0
1998-07-29,0.0
1998-07-30,0.0
1998-07-31,0.005
1998-08-01,0.0
1998-08-02,0.0
1998-08-03,0.0
1998-08-04,0.006
1998-08-05,0.003
1998-08-06,0.122
1998-08-07,0.116
1998-08-08,0.383
1998-08-09,0.33
1998-08-10,0.506
1998-08-11,0.042
1998-08-12,0.0
1998-08-13,0.0
1998-08-14,0.0
1998-08-15,0.0
1998-08-16,0.002
1998-08-17,0.002
1998-08-18,0.01
1998-08-19,0.14
1998-08-20,0.186
1998-08-21,0.011
1998-08-22,0.001
1998-08-23,0.0
1998-08-24,0.143
1998-08-25,0.121
1998-08-26,0.164
1998-08-27,0.201
1998-08-28,0.253
1998-08-29,0.004
1998-08-30,0.0
1998-08-31,0.001
1998-09-01,0.002
1998-09-02,0.0
1998-09-03,0.075
1998-09-04,0.035
1998-09-05,0.003
1998-09-06,0.021
1998-09-07,0.012
1998-09-08,0.617
1998-09-09,1.089
1998-09-10,2.348
1998-09-11,1.403
1998-09-12,0.966
1998-09-13,0.466
1998-09-14,0.277
1998-09-15,0.222
1998-09-16,0.002
1998-09-17,0.067
1998-09-18,0.164
1998-09-19,0.1
1998-09-20,0.057
1998-09-21,0.322
1998-09-22,0.542
1998-09-23,0.292
1998-09-24,0.006
1998-09-25,0.093
1998-09-26,0.04
1998-09-27,0.425
1998-09-28,1.298
1998-09-29,0.069
1998-09-30,0.083
1998-10-01,0.007
1998-10-02,0.078
1998-10-03,0.301
1998-10-04,0.034
1998-10-05,0.051
1998-10-06,0.017
1998-10-07,0.177
1998-10-08,0.095
1998-10-09,0.849
1998-10-10,0.113
1998-10-11,0.586
1998-10-12,0.988
1998-10-13,0.118
1998-10-14,0.011
1998-10-15,0.249
1998-10-16,1.473
1998-10-17,0.331
1998-10-18,1.574
1998-10-19,1.383
1998-10-20,3.407
1998-10-21,3.404
1998-10-22,1.723
1998-10-23,2.543
1998-10-24,4.543
1998-10-25,4.535
1998-10-26,1.044
1998-10-27,0.869
1998-10-28,1.487
1998-10-29,2.683
1998-10-30,2.147
1998-10-31,1.844
1998-11-01,0.143
1998-11-02,0.133
1998-11-03,0.19
1998-11-04,0.673
1998-11-05,0.057
1998-11-06,0.213
1998-11-07,0.02
1998-11-08,0.417
1998-11-09,0.73
1998-11-10,0.653
1998-11-11,0.021
1998-11-12,0.411
1998-11-13,1.489
1998-11-14,0.023
1998-11-15,1.621
1998-11-16,1.788
1998-11-17,0.792
1998-11-18,0.161
1998-11-19,0.002
1998-11-20,0.014
1998-11-21,0.635
1998-11-22,0.874
1998-11-23,0.0
1998-11-24,0.004
1998-11-25,0.136
1998-11-26,0.0
1998-11-27,0.0
1998-11-28,0.0
1998-11-29,0.0
1998-11-30,0.0
1998-12-01,0.023
1998-12-02,0.335
1998-12-03,0.215
1998-12-04,0.224
1998-12-05,0.123
1998-12-06,0.0
1998-12-07,0.0
1998-12-08,0.052
1998-12-09,0.0
1998-12-10,0.0
1998-12-11,0.0
1998-12-12,0.948
1998-12-13,2.446
1998-12-14,0.586
1998-12-15,1.593
1998-12-16,2.461
1998-12-17,4.094
1998-12-18,2.051
1998-12-19,1.588
1998-12-20,0.553
1998-12-21,0.012
1998-12-22,0.024
1998-12-23,0.016
1998-12-24,0.28
1998-12-25,1.34
1998-12-26,4.164
1998-12-27,2.844
1998-12-28,7.054
1998-12-29,9.416
1998-12-30,7.93
1998-12-31,0.955
1999-01-01,0.182
1999-01-02,0.351
1999-01-03,0.092
1999-01-04,0.0
1999-01-05,0.0
1999-01-06,0.004
1999-01-07,0.0
1999-01-08,0.351
1999-01-09,0.056
1999-01-10,0.001
1999-01-11,0.571
1999-01-12,3.161
1999-01-13,9.572
1999-01-14,2.45
1999-01-15,1.38
1999-01-16,0.253
1999-01-17,1.393
1999-01-18,2.731
1999-01-19,3.451
1999-01-20,3.043
1999-01-21,7.124
1999-01-22,2.26
1999-01-23,2.276
1999-01-24,6.998
1999-01-25,12.674
1999-01-26,11.069
1999-01-27,12.591
1999-01-28,4.597
1999-01-29,8.575
1999-01-30,2.647
1999-01-31,0.973
1999-02-01,6.569
1999-02-02,2.264
1999-02-03,4.774
1999-02-04,9.531
1999-02-05,9.855
1999-02-06,3.106
1999-02-07,2.355
1999-02-08,4.12
1999-02-09,2.221
1999-02-10,7.669
1999-02-11,15.596
1999-02-12,9.476
1999-02-13,25.963
1999-02-14,5.658
1999-02-15,26.552
1999-02-16,25.222
1999-02-17,12.501
1999-02-18,16.443
1999-02-19,14.173
1999-02-20,19.083
1999-02-21,30.96
1999-02-22,24.775
1999-02-23,8.574
1999-02-24,15.699
1999-02-25,9.04
1999-02-26,11.418
1999-02-27,6.531
1999-02-28,7.24
1999-03-01,2.889
1999-03-02,0.979
1999-03-03,0.122
1999-03-04,2.862
1999-03-05,0.833
1999-03-06,1.29
1999-03-07,3.996
1999-03-08,0.984
1999-03-09,0.364
1999-03-10,0.589
1999-03-11,0.013
1999-03-12,0.342
1999-03-13,4.282
1999-03-14,9.374
1999-03-15,16.217
1999-03-16,6.619
1999-03-17,9.243
1999-03-18,7.689
1999-03-19,2.402
1999-03-20,3.687
1999-03-21,0.052
1999-03-22,1.108
1999-03-23,7.558
1999-03-24,2.483
1999-03-25,1.097
1999-03-26,1.161
1999-03-27,1.358
1999-03-28,4.144
1999-03-29,2.79
1999-03-30,3.348
1999-03-31,0.854
1999-04-01,1.958
1999-04-02,1.542
1999-04-03,9.146
1999-04-04,8.544
1999-04-05,7.08
1999-04-06,6.438
1999-04-07,2.929
1999-04-08,5.064
1999-04-09,4.729
1999-04-10,5.381
1999-04-11,2.411
1999-04-12,2.753
1999-04-13,3.139
1999-04-14,2.053
1999-04-15,2.021
1999-04-16,1.134
1999-04-17,2.101
1999-04-18,1.747
1999-04-19,0.842
1999-04-20,0.506
1999-04-21,0.102
1999-04-22,0.082
1999-04-23,0.418
1999-04-24,0.874
1999-04-25,3.126
1999-04-26,0.156
1999-04-27,1.487
1999-04-28,0.942
1999-04-29,0.487
1999-04-30,1.904
1999-05-01,5.287
1999-05-02,2.134
1999-05-03,4.943
1999-05-04,5.161
1999-05-05,7.527
1999-05-06,0.195
1999-05-07,2.427
1999-05-08,2.247
1999-05-09,1.13
1999-05-10,1.1
1999-05-11,2.51
1999-05-12,0.45
1999-05-13,0.324
1999-05-14,0.491
1999-05-15,0.46
1999-05-16,0.573
1999-05-17,1.233
1999-05-18,0.846
1999-05-19,0.047
1999-05-20,0.003
1999-05-21,0.015
1999-05-22,0.038
1999-05-23,0.193
1999-05-24,3.194
1999-05-25,0.258
1999-05-26,0.213
1999-05-27,0.643
1999-05-28,0.332
1999-05-29,0.047
1999-05-30,0.006
1999-05-31,0.01
1999-06-01,0.022
1999-06-02,0.01
1999-06-03,0.069
1999-06-04,1.02
1999-06-05,0.276
1999-06-06,1.227
1999-06-07,0.311
1999-06-08,0.865
1999-06-09,0.072
1999-06-10,0.011
1999-06-11,0.057
1999-06-12,0.647
1999-06-13,1.424
1999-06-14,0.408
1999-06-15,0.267
1999-06-16,0.067
1999-06-17,0.583
1999-06-18,0.128
1999-06-19,1.148
1999-06-20,2.291
1999-06-21,1.055
1999-06-22,0.865
1999-06-23,1.116
1999-06-24,0.346
1999-06-25,0.239
1999-06-26,0.036
1999-06-27,0.047
1999-06-28,0.168
1999-06-29,0.167
1999-06-30,0.742
1999-07-01,0.705
1999-07-02,0.185
1999-07-03,0.441
1999-07-04,0.221
1999-07-05,1.215
1999-07-06,1.419
1999-07-07,0.044
1999-07-08,0.003
1999-07-09,0.0
1999-07-10,0.0
1999-07-11,0.002
1999-07-12,0.001
1999-07-13,0.008
1999-07-14,0.083
1999-07-15,0.139
1999-07-16,0.001
1999-07-17,0.019
1999-07-18,0.133
1999-07-19,0.086
1999-07-20,0.004
1999-07-21,0.002
1999-07-22,0.0
1999-07-23,0.0
1999-07-24,0.004
1999-07-25,0.0
1999-07-26,0.0
1999-07-27,0.001
1999-07-28,0.003
1999-07-29,0.0
1999-07-30,0.141
1999-07-31,0.0
1999-08-01,0.031
1999-08-02,0.0
1999-08-03,0.0
1999-08-04,0.0
1999-08-05,0.0
1999-08-06,0.0
1999-08-07,0.097
1999-08-08,0.129
1999-08-09,0.0
1999-08-10,0.0
1999-08-11,0.0
1999-08-12,0.0
1999-08-13,0.167
1999-08-14,0.02
1999-08-15,0.0
1999-08-16,0.0
1999-08-17,0.003
1999-08-18,0.0
1999-08-19,0.0
1999-08-20,0.0
1999-08-21,0.002
1999-08-22,0.0
1999-08-23,0.001
1999-08-24,0.004
1999-08-25,0.095
1999-08-26,0.2
1999-08-27,0.007
1999-08-28,0.012
1999-08-29,0.036
1999-08-30,0.224
1999-08-31,0.009
1999-09-01,0.002
1999-09-02,0.327
1999-09-03,0.002
1999-09-04,0.38
1999-09-05,0.011
1999-09-06,0.761
1999-09-07,0.875
1999-09-08,0.178
1999-09-09,0.365
1999-09-10,1.236
1999-09-11,7.211
1999-09-12,3.233
1999-09-13,0.16
1999-09-14,0.09
1999-09-15,0.999
1999-09-16,2.495
1999-09-17,2.898
1999-09-18,1.206
1999-09-19,1.357
1999-09-20,2.121
1999-09-21,4.336
1999-09-22,1.033
1999-09-23,0.584
1999-09-24,0.883
1999-09-25,4.13
1999-09-26,3.639
1999-09-27,1.019
1999-09-28,2.941
1999-09-29,4.759
1999-09-30,3.064
1999-10-01,1.56
1999-10-02,3.518
1999-10-03,0.173
1999-10-04,0.299
1999-10-05,2.887
1999-10-06,1.22
1999-10-07,0.123
1999-10-08,0.02
1999-10-09,0.105
1999-10-10,0.104
1999-10-11,0.175
1999-10-12,0.423
1999-10-13,0.001
1999-10-14,0.001
1999-10-15,0.007
1999-10-16,0.123
1999-10-17,0.416
1999-10-18,1.026
1999-10-19,0.281
1999-10-20,0.0
1999-10-21,0.094
1999-10-22,1.551
1999-10-23,0.393
1999-10-24,2.75
1999-10-25,0.776
1999-10-26,0.14
1999-10-27,0.0
1999-10-28,0.0
1999-10-29,0.442
1999-10-30,0.004
1999-10-31,0.0
1999-11-01,0.007
1999-11-02,0.534
1999-11-03,0.007
1999-11-04,0.177
1999-11-05,0.368
1999-11-06,0.0
1999-11-07,0.007
1999-11-08,0.426
1999-11-09,0.694
1999-11-10,1.915
1999-11-11,0.0
1999-11-12,0.053
1999-11-13,0.314
1999-11-14,0.052
1999-11-15,0.425
1999-11-16,2.734
1999-11-17,6.006
1999-11-18,9.78
1999-11-19,2.106
1999-11-20,0.21
1999-11-21,0.0
1999-11-22,0.094
1999-11-23,0.526
1999-11-24,0.002
1999-11-25,1.951
1999-11-26,3.048
1999-11-27,0.238
1999-11-28,0.939
1999-11-29,0.39
1999-11-30,0.427
1999-12-01,4.062
1999-12-02,4.692
1999-12-03,4.803
1999-12-04,1.915
1999-12-05,2.653
1999-12-06,0.359
1999-12-07,0.385
1999-12-08,6.242
1999-12-09,4.281
1999-12-10,8.235
1999-12-11,3.821
1999-12-12,3.241
1999-12-13,4.974
1999-12-14,2.359
1999-12-15,1.7
1999-12-16,0.029
1999-12-17,0.574
1999-12-18,2.001
1999-12-19,3.013
1999-12-20,10.561
1999-12-21,6.939
1999-12-22,0.632
1999-12-23,0.126
1999-12-24,0.002
1999-12-25,0.099
1999-12-26,4.388
1999-12-27,0.243
1999-12-28,0.136
1999-12-29,0.006
1999-12-30,0.976
1999-12-31,3.664
2000-01-01,0.737
2000-01-02,0.014
2000-01-03,0.435
2000-01-04,0.007
2000-01-05,0.803
2000-01-06,0.116
2000-01-07,0.04
2000-01-08,0.002
2000-01-09,0.001
2000-01-10,0.0
2000-01-11,0.03
2000-01-12,0.001
2000-01-13,0.568
2000-01-14,0.847
2000-01-15,0.314
2000-01-16,0.322
2000-01-17,0.47
2000-01-18,1.889
2000-01-19,3.734
2000-01-20,3.35
2000-01-21,1.019
2000-01-22,2.06
2000-01-23,0.912
2000-01-24,0.539
2000-01-25,0.536
2000-01-26,13.292
2000-01-27,9.049
2000-01-28,2.593
2000-01-29,4.27
2000-01-30,2.006
2000-01-31,9.534
2000-02-01,2.864
2000-02-02,6.592
2000-02-03,7.378
2000-02-04,8.447
2000-02-05,8.607
2000-02-06,11.152
2000-02-07,5.088
2000-02-08,2.511
2000-02-09,2.097
2000-02-10,0.542
2000-02-11,0.008
2000-02-12,0.001
2000-02-13,0.047
2000-02-14,0.068
2000-02-15,0.526
2000-02-16,2.402
2000-02-17,10.145
2000-02-18,13.535
2000-02-19,9.583
2000-02-20,12.69
2000-02-21,8.089
2000-02-22,8.394
2000-02-23,5.911
2000-02-24,6.029
2000-02-25,11.565
2000-02-26,16.68
2000-02-27,8.11
2000-02-28,14.657
2000-02-29,2.917
2000-03-01,0.951
2000-03-02,4.782
2000-03-03,6.577
2000-03-04,7.435
2000-03-05,8.252
2000-03-06,15.151
2000-03-07,12.623
2000-03-08,12.089
2000-03-09,11.195
2000-03-10,7.769
2000-03-11,2.983
2000-03-12,5.882
2000-03-13,13.042
2000-03-14,9.309
2000-03-15,5.904
2000-03-16,3.141
2000-03-17,1.541
2000-03-18,0.213
2000-03-19,0.378
2000-03-20,0.538
2000-03-21,1.563
2000-03-22,3.251
2000-03-23,4.067
2000-03-24,0.992
2000-03-25,3.382
2000-03-26,2.635
2000-03-27,0.643
2000-03-28,2.506
2000-03-29,6.743
2000-03-30,6.684
2000-03-31,10.207
2000-04-01,8.694
2000-04-02,2.644
2000-04-03,5.377
2000-04-04,9.495
2000-04-05,9.404
2000-04-06,1.635
2000-04-07,0.535
2000-04-08,7.81
2000-04-09,5.104
2000-04-10,3.392
2000-04-11,6.895
2000-04-12,2.292
2000-04-13,2.551
2000-04-14,3.776
2000-04-15,5.831
2000-04-16,5.41
2000-04-17,5.194
2000-04-18,6.737
2000-04-19,5.009
2000-04-20,4.159
2000-04-21,1.507
2000-04-22,3.476
2000-04-23,4.778
2000-04-24,10.507
2000-04-25,1.369
2000-04-26,1.373
2000-04-27,2.647
2000-04-28,2.424
2000-04-29,2.545
2000-04-30,1.777
2000-05-01,1.588
2000-05-02,1.584
2000-05-03,1.268
2000-05-04,6.306
2000-05-05,1.579
2000-05-06,4.145
2000-05-07,2.747
2000-05-08,2.403
2000-05-09,4.64
2000-05-10,0.786
2000-05-11,0.328
2000-05-12,1.311
2000-05-13,5.805
2000-05-14,3.018
2000-05-15,1.015
2000-05-16,1.506
2000-05-17,1.266
2000-05-18,2.11
2000-05-19,0.128
2000-05-20,0.263
2000-05-21,0.635
2000-05-22,0.381
2000-05-23,0.362
2000-05-24,0.093
2000-05-25,0.045
2000-05-26,0.059
2000-05-27,0.038
2000-05-28,0.002
2000-05-29,0.124
2000-05-30,0.177
2000-05-31,0.032
2000-06-01,1.155
2000-06-02,0.008
2000-06-03,0.086
2000-06-04,0.051
2000-06-05,0.079
2000-06-06,0.13
2000-06-07,0.826
2000-06-08,1.138
2000-06-09,0.204
2000-06-10,0.022
2000-06-11,0.013
2000-06-12,0.0
2000-06-13,0.034
2000-06-14,0.007
2000-06-15,0.376
2000-06-16,0.992
2000-06-17,0.713
2000-06-18,0.09
2000-06-19,0.219
2000-06-20,0.377
2000-06-21,1.354
2000-06-22,0.9
2000-06-23,0.176
2000-06-24,0.002
2000-06-25,0.001
2000-06-26,0.002
2000-06-27,0.003
2000-06-28,0.024
2000-06-29,0.416
2000-06-30,0.02
2000-07-01,0.016
2000-07-02,0.059
2000-07-03,0.013
2000-07-04,0.08
2000-07-05,0.061
2000-07-06,0.007
2000-07-07,0.002
2000-07-08,0.077
2000-07-09,0.102
2000-07-10,0.192
2000-07-11,0.005
2000-07-12,0.235
2000-07-13,0.001
2000-07-14,0.0
2000-07-15,0.001
2000-07-16,0.001
2000-07-17,0.001
2000-07-18,0.001
2000-07-19,0.067
2000-07-20,0.006
2000-07-21,0.0
2000-07-22,0.051
2000-07-23,0.239
2000-07-24,0.0
2000-07-25,0.0
2000-07-26,0.001
2000-07-27,0.001
2000-07-28,0.0
2000-07-29,0.0
2000-07-30,0.003
2000-07-31,0.001
2000-08-01,0.379
2000-08-02,0.079
2000-08-03,0.773
2000-08-04,0.588
2000-08-05,0.043
2000-08-06,0.096
2000-08-07,0.147
2000-08-08,0.962
2000-08-09,0.791
2000-08-10,0.368
2000-08-11,0.063
2000-08-12,0.044
2000-08-13,0.368
2000-08-14,0.115
2000-08-15,0.0
2000-08-16,0.0
2000-08-17,0.005
2000-08-18,0.369
2000-08-19,0.138
2000-08-20,0.21
2000-08-21,0.004
2000-08-22,0.007
2000-08-23,0.302
2000-08-24,0.052
2000-08-25,0.025
2000-08-26,0.009
2000-08-27,0.004
2000-08-28,0.469
2000-08-29,0.076
2000-08-30,0.129
2000-08-31,0.0
2000-09-01,0.0
2000-09-02,0.005
2000-09-03,0.759
2000-09-04,0.04
2000-09-05,0.022
2000-09-06,0.243
2000-09-07,0.243
2000-09-08,1.154
2000-09-09,0.059
2000-09-10,1.148
2000-09-11,0.998
2000-09-12,0.492
2000-09-13,0.034
2000-09-14,0.621
2000-09-15,1.88
2000-09-16,1.71
2000-09-17,0.539
2000-09-18,0.157
2000-09-19,1.286
2000-09-20,1.571
2000-09-21,0.778
2000-09-22,0.763
2000-09-23,2.568
2000-09-24,2.795
2000-09-25,1.336
2000-09-26,1.379
2000-09-27,2.202
2000-09-28,3.901
2000-09-29,5.439
2000-09-30,0.471
2000-10-01,0.007
2000-10-02,0.083
2000-10-03,0.147
2000-10-04,0.247
2000-10-05,1.674
2000-10-06,3.102
2000-10-07,1.421
2000-10-08,0.937
2000-10-09,0.618
2000-10-10,0.427
2000-10-11,0.024
2000-10-12,0.299
2000-10-13,0.257
2000-10-14,0.511
2000-10-15,0.679
2000-10-16,0.002
2000-10-17,0.329
2000-10-18,0.183
2000-10-19,0.064
2000-10-20,0.335
2000-10-21,0.283
2000-10-22,0.248
2000-10-23,0.5
2000-10-24,0.16
2000-10-25,0.283
2000-10-26,0.0
2000-10-27,0.0
2000-10-28,0.019
2000-10-29,0.028
2000-10-30,0.0
2000-10-31,0.0
2000-11-01,0.029
2000-11-02,0.102
2000-11-03,0.0
2000-11-04,0.0
2000-11-05,0.0
2000-11-06,0.0
2000-11-07,0.0
2000-11-08,0.0
2000-11-09,0.0
2000-11-10,0.0
2000-11-11,0.0
2000-11-12,0.0
2000-11-13,0.0
2000-11-14,0.0
2000-11-15,0.0
2000-11-16,0.0
2000-11-17,0.003
2000-11-18,1.594
2000-11-19,0.769
2000-11-20,0.36
2000-11-21,0.926
2000-11-22,1.126
2000-11-23,0.032
2000-11-24,0.641
2000-11-25,1.083
2000-11-26,1.755
2000-11-27,5.748
2000-11-28,5.496
2000-11-29,6.658
2000-11-30,5.243
2000-12-01,10.843
2000-12-02,9.493
2000-12-03,7.159
2000-12-04,7.073
2000-12-05,3.153
2000-12-06,6.326
2000-12-07,11.658
2000-12-08,12.152
2000-12-09,1.668
2000-12-10,2.937
2000-12-11,0.099
2000-12-12,0.032
2000-12-13,0.036
2000-12-14,0.077
2000-12-15,0.0
2000-12-16,0.246
2000-12-17,3.297
2000-12-18,4.568
2000-12-19,1.786
2000-12-20,1.838
2000-12-21,0.037
2000-12-22,0.507
2000-12-23,0.147
2000-12-24,0.027
2000-12-25,0.407
2000-12-26,2.718
2000-12-27,7.774
2000-12-28,6.54
2000-12-29,6.686
2000-12-30,5.211
2000-12-31,5.019
2001-01-01,6.306
2001-01-02,4.027
2001-01-03,4.891
2001-01-04,5.932
2001-01-05,9.634
2001-01-06,2.66
2001-01-07,6.04
2001-01-08,2.818
2001-01-09,0.271
2001-01-10,0.617
2001-01-11,2.049
2001-01-12,3.636
2001-01-13,4.211
2001-01-14,8.588
2001-01-15,7.839
2001-01-16,4.918
2001-01-17,6.335
2001-01-18,8.382
2001-01-19,6.555
2001-01-20,9.269
2001-01-21,7.208
2001-01-22,7.574
2001-01-23,7.224
2001-01-24,3.099
2001-01-25,8.09
2001-01-26,2.78
2001-01-27,4.575
2001-01-28,7.166
2001-01-29,6.371
2001-01-30,5.643
2001-01-31,8.031
2001-02-01,10.765
2001-02-02,9.824
2001-02-03,10.309
2001-02-04,7.196
2001-02-05,2.058
2001-02-06,1.572
2001-02-07,0.02
2001-02-08,0.321
2001-02-09,0.575
2001-02-10,0.009
2001-02-11,0.0
2001-02-12,0.425
2001-02-13,2.254
2001-02-14,4.251
2001-02-15,1.899
2001-02-16,3.698
2001-02-17,1.139
2001-02-18,1.941
2001-02-19,1.944
2001-02-20,2.66
2001-02-21,3.7
2001-02-22,1.85
2001-02-23,1.496
2001-02-24,4.727
2001-02-25,4.6
2001-02-26,6.928
2001-02-27,6.029
2001-02-28,1.506
2001-03-01,0.782
2001-03-02,11.883
2001-03-03,13.122
2001-03-04,9.527
2001-03-05,7.274
2001-03-06,9.183
2001-03-07,2.5
2001-03-08,12.797
2001-03-09,8.835
2001-03-10,16.929
2001-03-11,3.331
2001-03-12,4.06
2001-03-13,7.23
2001-03-14,8.918
2001-03-15,11.356
2001-03-16,7.067
2001-03-17,7.818
2001-03-18,13.339
2001-03-19,10.363
2001-03-20,13.638
2001-03-21,8.495
2001-03-22,13.956
2001-03-23,16.367
2001-03-24,13.008
2001-03-25,14.63
2001-03-26,11.477
2001-03-27,12.118
2001-03-28,9.056
2001-03-29,3.1
2001-03-30,15.624
2001-03-31,6.775
2001-04-01,12.669
2001-04-02,7.712
2001-04-03,4.611
2001-04-04,6.38
2001-04-05,1.593
2001-04-06,1.258
2001-04-07,6.371
2001-04-08,4.1
2001-04-09,2.903
2001-04-10,3.058
2001-04-11,3.87
2001-04-12,0.931
2001-04-13,4.813
2001-04-14,1.185
2001-04-15,0.402
2001-04-16,0.287
2001-04-17,0.286
2001-04-18,0.269
2001-04-19,1.488
2001-04-20,2.741
2001-04-21,2.017
2001-04-22,1.925
2001-04-23,0.109
2001-04-24,0.006
2001-04-25,0.275
2001-04-26,0.217
2001-04-27,0.116
2001-04-28,0.034
2001-04-29,0.342
2001-04-30,1.224
2001-05-01,0.294
2001-05-02,0.26
2001-05-03,2.579
2001-05-04,0.038
2001-05-05,0.677
2001-05-06,0.154
2001-05-07,0.702
2001-05-08,0.44
2001-05-09,1.714
2001-05-10,0.415
2001-05-11,0.39
2001-05-12,0.327
2001-05-13,1.94
2001-05-14,2.012
2001-05-15,0.233
2001-05-16,0.259
2001-05-17,0.166
2001-05-18,0.022
2001-05-19,0.424
2001-05-20,0.859
2001-05-21,4.977
2001-05-22,0.123
2001-05-23,0.131
2001-05-24,0.141
2001-05-25,0.0
2001-05-26,0.147
2001-05-27,0.032
2001-05-28,0.99
2001-05-29,0.824
2001-05-30,0.62
2001-05-31,0.539
2001-06-01,0.353
2001-06-02,0.272
2001-06-03,0.202
2001-06-04,0.213
2001-06-05,0.291
2001-06-06,0.048
2001-06-07,0.144
2001-06-08,0.03
2001-06-09,0.191
2001-06-10,0.083
2001-06-11,0.002
2001-06-12,1.04
2001-06-13,0.0
2001-06-14,0.007
2001-06-15,0.195
2001-06-16,0.072
2001-06-17,0.101
2001-06-18,0.007
2001-06-19,0.008
2001-06-20,0.003
2001-06-21,0.007
2001-06-22,0.0
2001-06-23,0.001
2001-06-24,0.071
2001-06-25,0.001
2001-06-26,0.104
2001-06-27,0.0
2001-06-28,0.01
2001-06-29,0.012
2001-06-30,0.012
2001-07-01,0.001
2001-07-02,0.032
2001-07-03,0.014
2001-07-04,0.0
2001-07-05,0.003
2001-07-06,0.001
2001-07-07,0.029
2001-07-08,0.092
2001-07-09,0.124
2001-07-10,0.185
2001-07-11,0.001
2001-07-12,0.002
2001-07-13,0.0
2001-07-14,0.016
2001-07-15,0.003
2001-07-16,0.004
2001-07-17,0.0
2001-07-18,0.265
2001-07-19,0.152
2001-07-20,0.0
2001-07-21,0.002
2001-07-22,0.0
2001-07-23,0.0
2001-07-24,0.0
2001-07-25,0.069
2001-07-26,0.185
2001-07-27,0.231
2001-07-28,0.09
2001-07-29,0.05
2001-07-30,0.044
2001-07-31,0.0
2001-08-01,0.0
2001-08-02,0.0
2001-08-03,0.001
2001-08-04,0.001
2001-08-05,0.0
2001-08-06,0.001
2001-08-07,0.002
2001-08-08,0.009
2001-08-09,0.0
2001-08-10,0.012
2001-08-11,0.0
2001-08-12,0.013
2001-08-13,0.002
2001-08-14,0.001
2001-08-15,0.021
2001-08-16,0.001
2001-08-17,0.015
2001-08-18,0.003
2001-08-19,0.052
2001-08-20,0.452
2001-08-21,0.002
2001-08-22,0.0
2001-08-23,0.007
2001-08-24,0.001
2001-08-25,0.002
2001-08-26,0.07
2001-08-27,0.01
2001-08-28,0.013
2001-08-29,0.001
2001-08-30,0.0
2001-08-31,0.001
2001-09-01,0.038
2001-09-02,0.053
2001-09-03,0.089
2001-09-04,1.327
2001-09-05,1.254
2001-09-06,1.897
2001-09-07,1.367
2001-09-08,0.057
2001-09-09,0.647
2001-09-10,3.179
2001-09-11,1.317
2001-09-12,0.729
2001-09-13,0.351
2001-09-14,2.613
2001-09-15,1.352
2001-09-16,0.429
2001-09-17,1.41
2001-09-18,1.52
2001-09-19,0.574
2001-09-20,0.027
2001-09-21,0.0
2001-09-22,0.477
2001-09-23,0.166
2001-09-24,0.038
2001-09-25,0.703
2001-09-26,0.523
2001-09-27,0.271
2001-09-28,0.002
2001-09-29,0.899
2001-09-30,0.381
2001-10-01,0.128
2001-10-02,0.003
2001-10-03,0.005
2001-10-04,0.117
2001-10-05,0.19
2001-10-06,0.009
2001-10-07,0.188
2001-10-08,2.159
2001-10-09,0.374
2001-10-10,0.306
2001-10-11,0.324
2001-10-12,0.15
2001-10-13,0.069
2001-10-14,0.108
2001-10-15,0.604
2001-10-16,0.205
2001-10-17,1.917
2001-10-18,3.067
2001-10-19,0.749
2001-10-20,1.078
2001-10-21,1.114
2001-10-22,0.751
2001-10-23,0.064
2001-10-24,0.004
2001-10-25,0.055
2001-10-26,0.449
2001-10-27,2.467
2001-10-28,0.875
2001-10-29,1.654
2001-10-30,5.044
2001-10-31,3.769
2001-11-01,0.187
2001-11-02,0.0
2001-11-03,0.0
2001-11-04,0.0
2001-11-05,0.0
2001-11-06,0.008
2001-11-07,1.509
2001-11-08,0.023
2001-11-09,0.118
2001-11-10,0.053
2001-11-11,0.563
2001-11-12,7.055
2001-11-13,5.808
2001-11-14,2.466
2001-11-15,0.925
2001-11-16,0.888
2001-11-17,1.245
2001-11-18,2.392
2001-11-19,2.737
2001-11-20,4.482
2001-11-21,4.14
2001-11-22,5.566
2001-11-23,3.562
2001-11-24,9.292
2001-11-25,2.999
2001-11-26,0.613
2001-11-27,4.65
2001-11-28,1.07
2001-11-29,0.0
2001-11-30,0.001
2001-12-01,0.001
2001-12-02,0.001
2001-12-03,0.017
2001-12-04,0.763
2001-12-05,0.927
2001-12-06,2.553
2001-12-07,5.692
2001-12-08,2.911
2001-12-09,0.671
2001-12-10,0.769
2001-12-11,0.764
2001-12-12,1.111
2001-12-13,3.02
2001-12-14,0.045
2001-12-15,0.4
2001-12-16,0.655
2001-12-17,0.083
2001-12-18,1.753
2001-12-19,0.494
2001-12-20,0.208
2001-12-21,0.248
2001-12-22,0.048
2001-12-23,1.285
2001-12-24,4.677
2001-12-25,8.782
2001-12-26,1.566
2001-12-27,5.63
2001-12-28,1.483
2001-12-29,2.7
2001-12-30,1.045
2001-12-31,0.166
2002-01-01,0.068
2002-01-02,0.243
2002-01-03,0.012
2002-01-04,0.003
2002-01-05,0.0
2002-01-06,0.479
2002-01-07,0.028
2002-01-08,1.303
2002-01-09,0.791
2002-01-10,2.34
2002-01-11,0.402
2002-01-12,0.303
2002-01-13,1.432
2002-01-14,0.65
2002-01-15,0.328
2002-01-16,0.314
2002-01-17,0.318
2002-01-18,1.454
2002-01-19,0.753
2002-01-20,2.586
2002-01-21,9.055
2002-01-22,1.991
2002-01-23,0.124
2002-01-24,0.279
2002-01-25,0.464
2002-01-26,0.426
2002-01-27,0.037
2002-01-28,0.145
2002-01-29,0.181
2002-01-30,1.768
2002-01-31,0.281
2002-02-01,5.019
2002-02-02,4.428
2002-02-03,3.918
2002-02-04,8.179
2002-02-05,19.802
2002-02-06,16.467
2002-02-07,0.929
2002-02-08,0.15
2002-02-09,0.055
2002-02-10,0.166
2002-02-11,1.45
2002-02-12,2.237
2002-02-13,0.82
2002-02-14,2.076
2002-02-15,2.666
2002-02-16,2.276
2002-02-17,5.592
2002-02-18,4.769
2002-02-19,3.959
2002-02-20,5.236
2002-02-21,7.779
2002-02-22,4.522
2002-02-23,9.757
2002-02-24,10.89
2002-02-25,1.354
2002-02-26,3.17
2002-02-27,2.932
2002-02-28,5.062
2002-03-01,3.456
2002-03-02,6.038
2002-03-03,7.159
2002-03-04,10.345
2002-03-05,13.205
2002-03-06,6.718
2002-03-07,5.822
2002-03-08,8.442
2002-03-09,3.769
2002-03-10,5.554
2002-03-11,10.337
2002-03-12,15.396
2002-03-13,10.816
2002-03-14,11.961
2002-03-15,4.22
2002-03-16,9.345
2002-03-17,5.152
2002-03-18,10.146
2002-03-19,8.908
2002-03-20,4.276
2002-03-21,5.558
2002-03-22,3.751
2002-03-23,3.846
2002-03-24,5.208
2002-03-25,2.198
2002-03-26,2.563
2002-03-27,14.559
2002-03-28,10.681
2002-03-29,7.252
2002-03-30,0.756
2002-03-31,5.057
2002-04-01,4.76
2002-04-02,3.861
2002-04-03,4.527
2002-04-04,0.697
2002-04-05,1.853
2002-04-06,15.081
2002-04-07,25.428
2002-04-08,19.406
2002-04-09,2.461
2002-04-10,12.713
2002-04-11,6.558
2002-04-12,2.309
2002-04-13,0.503
2002-04-14,0.138
2002-04-15,2.147
2002-04-16,0.767
2002-04-17,1.748
2002-04-18,3.008
2002-04-19,2.754
2002-04-20,1.175
2002-04-21,1.619
2002-04-22,3.174
2002-04-23,3.534
2002-04-24,2.09
2002-04-25,0.868
2002-04-26,0.146
2002-04-27,0.645
2002-04-28,1.112
2002-04-29,0.929
2002-04-30,2.155
2002-05-01,0.247
2002-05-02,0.001
2002-05-03,0.017
2002-05-04,0.459
2002-05-05,0.049
2002-05-06,0.06
2002-05-07,0.182
2002-05-08,0.057
2002-05-09,0.011
2002-05-10,0.014
2002-05-11,0.005
2002-05-12,0.086
2002-05-13,0.005
2002-05-14,0.26
2002-05-15,0.268
2002-05-16,0.064
2002-05-17,0.243
2002-05-18,0.055
2002-05-19,0.016
2002-05-20,0.085
2002-05-21,2.278
2002-05-22,0.063
2002-05-23,0.945
2002-05-24,0.628
2002-05-25,0.168
2002-05-26,0.001
2002-05-27,0.073
2002-05-28,0.381
2002-05-29,0.0
2002-05-30,0.005
2002-05-31,0.698
2002-06-01,0.952
2002-06-02,0.231
2002-06-03,0.931
2002-06-04,1.205
2002-06-05,1.566
2002-06-06,0.949
2002-06-07,0.021
2002-06-08,0.032
2002-06-09,0.202
2002-06-10,1.039
2002-06-11,0.016
2002-06-12,1.297
2002-06-13,0.185
2002-06-14,0.129
2002-06-15,0.071
2002-06-16,0.0
2002-06-17,0.0
2002-06-18,0.103
2002-06-19,0.029
2002-06-20,0.0
2002-06-21,0.012
2002-06-22,0.0
2002-06-23,0.0
2002-06-24,0.002
2002-06-25,0.001
2002-06-26,0.0
2002-06-27,0.0
2002-06-28,0.059
2002-06-29,0.01
2002-06-30,0.314
2002-07-01,0.0
2002-07-02,0.0
2002-07-03,0.0
2002-07-04,0.042
2002-07-05,0.393
2002-07-06,0.008
2002-07-07,0.697
2002-07-08,0.7
2002-07-09,0.321
2002-07-10,0.231
2002-07-11,0.074
2002-07-12,0.022
2002-07-13,0.124
2002-07-14,0.0
2002-07-15,0.006
2002-07-16,0.19
2002-07-17,0.108
2002-07-18,0.009
2002-07-19,0.07
2002-07-20,0.03
2002-07-21,0.0
2002-07-22,0.023
2002-07-23,0.034
2002-07-24,0.0
2002-07-25,0.0
2002-07-26,0.029
2002-07-27,0.002
2002-07-28,0.398
2002-07-29,0.0
2002-07-30,0.001
2002-07-31,0.178
2002-08-01,0.001
2002-08-02,0.0
2002-08-03,0.0
2002-08-04,0.0
2002-08-05,0.0
2002-08-06,0.012
2002-08-07,0.018
2002-08-08,0.0
2002-08-09,0.0
2002-08-10,0.0
2002-08-11,0.095
2002-08-12,0.07
2002-08-13,0.0
2002-08-14,0.0
2002-08-15,0.027
2002-08-16,0.031
2002-08-17,0.012
2002-08-18,0.011
2002-08-19,0.083
2002-08-20,0.027
2002-08-21,0.006
2002-08-22,0.127
2002-08-23,0.001
2002-08-24,0.058
2002-08-25,0.002
2002-08-26,0.014
2002-08-27,0.001
2002-08-28,0.003
2002-08-29,0.004
2002-08-30,0.0
2002-08-31,0.002
2002-09-01,0.09
2002-09-02,0.011
2002-09-03,0.013
2002-09-04,0.0
2002-09-05,0.002
2002-09-06,0.011
2002-09-07,0.0
2002-09-08,0.092
2002-09-09,0.002
2002-09-10,0.074
2002-09-11,0.046
2002-09-12,0.027
2002-09-13,0.056
2002-09-14,0.346
2002-09-15,0.007
2002-09-16,0.421
2002-09-17,0.421
2002-09-18,0.315
2002-09-19,0.47
2002-09-20,0.147
2002-09-21,0.001
2002-09-22,0.001
2002-09-23,0.005
2002-09-24,0.22
2002-09-25,0.267
2002-09-26,1.514
2002-09-27,0.047
2002-09-28,0.005
2002-09-29,0.188
2002-09-30,2.128
2002-10-01,0.022
2002-10-02,0.006
2002-10-03,0.005
2002-10-04,0.0
2002-10-05,0.0
2002-10-06,0.127
2002-10-07,1.765
2002-10-08,1.326
2002-10-09,0.902
2002-10-10,5.467
2002-10-11,3.016
2002-10-12,0.213
2002-10-13,1.684
2002-10-14,2.094
2002-10-15,2.141
2002-10-16,0.893
2002-10-17,1.491
2002-10-18,1.333
2002-10-19,1.159
2002-10-20,0.819
2002-10-21,1.124
2002-10-22,8.535
2002-10-23,0.784
2002-10-24,1.934
2002-10-25,3.944
2002-10-26,8.07
2002-10-27,3.074
2002-10-28,2.982
2002-10-29,2.4
2002-10-30,1.402
2002-10-31,0.084
2002-11-01,3.815
2002-11-02,0.033
2002-11-03,0.222
2002-11-04,0.732
2002-11-05,10.212
2002-11-06,3.062
2002-11-07,2.31
2002-11-08,2.086
2002-11-09,1.274
2002-11-10,2.302
2002-11-11,2.95
2002-11-12,4.553
2002-11-13,6.223
2002-11-14,0.355
2002-11-15,0.442
2002-11-16,2.611
2002-11-17,7.164
2002-11-18,6.385
2002-11-19,5.231
2002-11-20,2.697
2002-11-21,4.174
2002-11-22,0.055
2002-11-23,0.813
2002-11-24,0.687
2002-11-25,0.002
2002-11-26,0.229
2002-11-27,0.429
2002-11-28,1.683
2002-11-29,4.767
2002-11-30,3.137
2002-12-01,0.316
2002-12-02,3.265
2002-12-03,2.382
2002-12-04,2.847
2002-12-05,9.475
2002-12-06,2.594
2002-12-07,0.334
2002-12-08,0.067
2002-12-09,0.001
2002-12-10,0.002
2002-12-11,0.392
2002-12-12,0.868
2002-12-13,0.367
2002-12-14,2.367
2002-12-15,1.354
2002-12-16,3.194
2002-12-17,0.69
2002-12-18,1.826
2002-12-19,6.149
2002-12-20,3.876
2002-12-21,3.286
2002-12-22,6.423
2002-12-23,3.048
2002-12-24,2.546
2002-12-25,2.311
2002-12-26,4.283
2002-12-27,5.948
2002-12-28,2.817
2002-12-29,3.542
2002-12-30,3.249
2002-12-31,0.74
2003-01-01,0.426
2003-01-02,0.384
2003-01-03,1.666
2003-01-04,2.678
2003-01-05,0.218
2003-01-06,0.022
2003-01-07,0.882
2003-01-08,0.372
2003-01-09,0.285
2003-01-10,0.821
2003-01-11,3.879
2003-01-12,0.289
2003-01-13,1.2
2003-01-14,0.482
2003-01-15,0.73
2003-01-16,0.614
2003-01-17,2.233
2003-01-18,0.861
2003-01-19,4.191
2003-01-20,4.809
2003-01-21,2.582
2003-01-22,0.507
2003-01-23,0.319
2003-01-24,0.55
2003-01-25,3.137
2003-01-26,2.196
2003-01-27,2.537
2003-01-28,2.642
2003-01-29,0.588
2003-01-30,9.579
2003-01-31,8.679
2003-02-01,11.22
2003-02-02,8.302
2003-02-03,1.108
2003-02-04,0.274
2003-02-05,0.51
2003-02-06,2.899
2003-02-07,17.312
2003-02-08,2.271
2003-02-09,6.857
2003-02-10,4.052
2003-02-11,2.303
2003-02-12,1.122
2003-02-13,0.415
2003-02-14,1.274
2003-02-15,0.061
2003-02-16,0.035
2003-02-17,0.007
2003-02-18,0.027
2003-02-19,1.402
2003-02-20,1.972
2003-02-21,3.743
2003-02-22,2.404
2003-02-23,1.148
2003-02-24,0.613
2003-02-25,1.298
2003-02-26,1.708
2003-02-27,2.63
2003-02-28,10.564
2003-03-01,7.289
2003-03-02,3.701
2003-03-03,3.779
2003-03-04,1.201
2003-03-05,2.007
2003-03-06,0.719
2003-03-07,1.678
2003-03-08,3.752
2003-03-09,1.929
2003-03-10,2.565
2003-03-11,2.014
2003-03-12,1.031
2003-03-13,9.388
2003-03-14,2.721
2003-03-15,4.656
2003-03-16,2.574
2003-03-17,13.827
2003-03-18,0.549
2003-03-19,0.243
2003-03-20,0.021
2003-03-21,0.03
2003-03-22,0.223
2003-03-23,1.042
2003-03-24,3.831
2003-03-25,0.632
2003-03-26,0.419
2003-03-27,2.1
2003-03-28,3.048
2003-03-29,5.367
2003-03-30,7.948
2003-03-31,4.994
2003-04-01,0.638
2003-04-02,0.206
2003-04-03,0.949
2003-04-04,0.922
2003-04-05,0.318
2003-04-06,0.392
2003-04-07,2.289
2003-04-08,1.482
2003-04-09,1.623
2003-04-10,2.793
2003-04-11,6.8
2003-04-12,6.894
2003-04-13,3.664
2003-04-14,2.022
2003-04-15,1.014
2003-04-16,0.8
2003-04-17,0.36
2003-04-18,0.066
2003-04-19,0.26
2003-04-20,0.497
2003-04-21,2.043
2003-04-22,6.037
2003-04-23,1.272
2003-04-24,1.002
2003-04-25,1.297
2003-04-26,0.631
2003-04-27,0.428
2003-04-28,0.965
2003-04-29,0.076
2003-04-30,0.656
2003-05-01,0.026
2003-05-02,0.3
2003-05-03,0.589
2003-05-04,1.481
2003-05-05,1.968
2003-05-06,3.469
2003-05-07,4.206
2003-05-08,0.662
2003-05-09,0.037
2003-05-10,0.247
2003-05-11,0.191
2003-05-12,0.297
2003-05-13,0.24
2003-05-14,0.165
2003-05-15,0.136
2003-05-16,0.078
2003-05-17,0.815
2003-05-18,0.414
2003-05-19,0.015
2003-05-20,0.415
2003-05-21,0.058
2003-05-22,0.026
2003-05-23,0.055
2003-05-24,0.009
2003-05-25,0.055
2003-05-26,0.493
2003-05-27,0.195
2003-05-28,0.082
2003-05-29,1.124
2003-05-30,0.0
2003-05-31,0.45
2003-06-01,2.06
2003-06-02,0.772
2003-06-03,0.056
2003-06-04,2.446
2003-06-05,1.981
2003-06-06,0.779
2003-06-07,0.404
2003-06-08,0.573
2003-06-09,0.007
2003-06-10,0.688
2003-06-11,0.006
2003-06-12,0.0
2003-06-13,0.0
2003-06-14,0.0
2003-06-15,0.0
2003-06-16,0.784
2003-06-17,0.208
2003-06-18,0.034
2003-06-19,0.0
2003-06-20,2.416
2003-06-21,0.752
2003-06-22,0.09
2003-06-23,0.229
2003-06-24,0.018
2003-06-25,0.0
2003-06-26,0.002
2003-06-27,0.005
2003-06-28,0.023
2003-06-29,0.355
2003-06-30,0.012
2003-07-01,0.028
2003-07-02,0.129
2003-07-03,0.001
2003-07-04,0.002
2003-07-05,0.236
2003-07-06,0.142
2003-07-07,0.309
2003-07-08,0.081
2003-07-09,0.562
2003-07-10,0.065
2003-07-11,0.231
2003-07-12,0.0
2003-07-13,0.0
2003-07-14,0.0
2003-07-15,0.001
2003-07-16,0.002
2003-07-17,0.0
2003-07-18,0.003
2003-07-19,0.008
2003-07-20,0.001
2003-07-21,0.001
2003-07-22,0.01
2003-07-23,0.006
2003-07-24,0.09
2003-07-25,0.013
2003-07-26,0.005
2003-07-27,0.0
2003-07-28,0.0
2003-07-29,0.0
2003-07-30,0.079
2003-07-31,0.002
2003-08-01,0.008
2003-08-02,0.0
2003-08-03,0.001
2003-08-04,0.003
2003-08-05,0.111
2003-08-06,0.085
2003-08-07,0.0
2003-08-08,0.316
2003-08-09,0.213
2003-08-10,0.0
2003-08-11,0.0
2003-08-12,0.0
2003-08-13,0.0
2003-08-14,0.0
2003-08-15,0.0
2003-08-16,0.054
2003-08-17,0.117
2003-08-18,0.0
2003-08-19,0.002
2003-08-20,0.0
2003-08-21,0.021
2003-08-22,0.013
2003-08-23,0.327
2003-08-24,0.004
2003-08-25,0.001
2003-08-26,0.097
2003-08-27,0.027
2003-08-28,0.003
2003-08-29,0.002
2003-08-30,0.001
2003-08-31,0.009
2003-09-01,0.042
2003-09-02,0.043
2003-09-03,0.002
2003-09-04,0.014
2003-09-05,0.013
2003-09-06,0.002
2003-09-07,0.009
2003-09-08,0.0
2003-09-09,0.0
2003-09-10,0.81
2003-09-11,0.315
2003-09-12,0.017
2003-09-13,0.049
2003-09-14,0.001
2003-09-15,0.036
2003-09-16,0.002
2003-09-17,0.039
2003-09-18,0.004
2003-09-19,0.126
2003-09-20,0.683
2003-09-21,0.201
2003-09-22,1.226
2003-09-23,1.136
2003-09-24,0.977
2003-09-25,0.186
2003-09-26,0.836
2003-09-27,0.1
2003-09-28,0.134
2003-09-29,0.333
2003-09-30,0.709
2003-10-01,0.321
2003-10-02,0.079
2003-10-03,0.034
2003-10-04,0.009
2003-10-05,0.819
2003-10-06,0.0
2003-10-07,0.204
2003-10-08,0.383
2003-10-09,0.0
2003-10-10,0.338
2003-10-11,0.991
2003-10-12,0.205
2003-10-13,0.658
2003-10-14,0.095
2003-10-15,0.079
2003-10-16,0.0
2003-10-17,0.002
2003-10-18,0.219
2003-10-19,0.015
2003-10-20,0.82
2003-10-21,2.101
2003-10-22,0.034
2003-10-23,0.045
2003-10-24,0.108
2003-10-25,2.088
2003-10-26,0.161
2003-10-27,0.0
2003-10-28,4.491
2003-10-29,3.26
2003-10-30,0.688
2003-10-31,0.001
2003-11-01,0.306
2003-11-02,0.166
2003-11-03,1.967
2003-11-04,1.182
2003-11-05,0.785
2003-11-06,0.656
2003-11-07,0.699
2003-11-08,0.0
2003-11-09,0.591
2003-11-10,0.174
2003-11-11,0.114
2003-11-12,0.062
2003-11-13,0.052
2003-11-14,1.224
2003-11-15,0.448
2003-11-16,2.647
2003-11-17,0.012
2003-11-18,0.165
2003-11-19,0.015
2003-11-20,1.451
2003-11-21,0.944
2003-11-22,0.038
2003-11-23,0.327
2003-11-24,0.134
2003-11-25,0.735
2003-11-26,7.63
2003-11-27,3.618
2003-11-28,4.671
2003-11-29,0.336
2003-11-30,0.055
2003-12-01,6.615
2003-12-02,0.061
2003-12-03,5.574
2003-12-04,1.634
2003-12-05,3.675
2003-12-06,0.123
2003-12-07,0.001
2003-12-08,0.006
2003-12-09,0.6
2003-12-10,0.532
2003-12-11,1.514
2003-12-12,0.364
2003-12-13,1.27
2003-12-14,1.93
2003-12-15,2.958
2003-12-16,1.067
2003-12-17,1.987
2003-12-18,1.647
2003-12-19,3.226
2003-12-20,1.548
2003-12-21,6.351
2003-12-22,2.409
2003-12-23,0.669
2003-12-24,8.019
2003-12-25,10.444
2003-12-26,26.41
2003-12-27,4.754
2003-12-28,2.639
2003-12-29,0.312
2003-12-30,0.02
2003-12-31,0.034
2004-01-01,0.023
2004-01-02,0.285
2004-01-03,0.164
2004-01-04,2.188
2004-01-05,1.237
2004-01-06,1.353
2004-01-07,2.738
2004-01-08,2.42
2004-01-09,0.243
2004-01-10,0.022
2004-01-11,0.06
2004-01-12,0.058
2004-01-13,0.038
2004-01-14,0.229
2004-01-15,0.006
2004-01-16,0.013
2004-01-17,0.0
2004-01-18,0.014
2004-01-19,0.004
2004-01-20,0.136
2004-01-21,0.192
2004-01-22,0.024
2004-01-23,0.008
2004-01-24,0.0
2004-01-25,0.438
2004-01-26,2.815
2004-01-27,6.896
2004-01-28,1.041
2004-01-29,2.412
2004-01-30,1.517
2004-01-31,0.493
2004-02-01,0.288
2004-02-02,1.847
2004-02-03,2.332
2004-02-04,7.632
2004-02-05,2.978
2004-02-06,9.462
2004-02-07,7.107
2004-02-08,4.454
2004-02-09,3.804
2004-02-10,4.862
2004-02-11,7.169
2004-02-12,8.838
2004-02-13,7.004
2004-02-14,5.036
2004-02-15,7.106
2004-02-16,4.628
2004-02-17,2.819
2004-02-18,2.637
2004-02-19,0.219
2004-02-20,0.703
2004-02-21,0.0
2004-02-22,0.0
2004-02-23,0.988
2004-02-24,0.487
2004-02-25,5.885
2004-02-26,0.503
2004-02-27,3.845
2004-02-28,5.787
2004-02-29,0.184
2004-03-01,0.604
2004-03-02,0.649
2004-03-03,0.911
2004-03-04,4.232
2004-03-05,10.317
2004-03-06,6.333
2004-03-07,6.695
2004-03-08,2.343
2004-03-09,2.733
2004-03-10,3.708
2004-03-11,0.647
2004-03-12,0.146
2004-03-13,1.512
2004-03-14,0.418
2004-03-15,0.827
2004-03-16,2.603
2004-03-17,1.291
2004-03-18,2.315
2004-03-19,2.274
2004-03-20,8.424
2004-03-21,5.194
2004-03-22,2.83
2004-03-23,0.311
2004-03-24,5.202
2004-03-25,10.654
2004-03-26,0.968
2004-03-27,1.422
2004-03-28,0.358
2004-03-29,0.276
2004-03-30,0.232
2004-03-31,6.1
2004-04-01,5.196
2004-04-02,10.326
2004-04-03,2.086
2004-04-04,3.792
2004-04-05,1.602
2004-04-06,0.58
2004-04-07,0.031
2004-04-08,0.167
2004-04-09,0.292
2004-04-10,6.746
2004-04-11,0.786
2004-04-12,3.936
2004-04-13,3.154
2004-04-14,6.507
2004-04-15,4.222
2004-04-16,0.726
2004-04-17,0.021
2004-04-18,0.0
2004-04-19,0.05
2004-04-20,0.415
2004-04-21,0.0
2004-04-22,0.35
2004-04-23,0.122
2004-04-24,0.001
2004-04-25,1.619
2004-04-26,0.44
2004-04-27,1.939
2004-04-28,0.09
2004-04-29,0.078
2004-04-30,0.642
2004-05-01,1.407
2004-05-02,1.254
2004-05-03,1.917
2004-05-04,1.202
2004-05-05,3.111
2004-05-06,0.895
2004-05-07,2.174
2004-05-08,0.095
2004-05-09,0.034
2004-05-10,0.064
2004-05-11,0.408
2004-05-12,0.032
2004-05-13,0.142
2004-05-14,0.003
2004-05-15,0.212
2004-05-16,0.227
2004-05-17,0.576
2004-05-18,1.682
2004-05-19,3.909
2004-05-20,0.874
2004-05-21,0.731
2004-05-22,0.11
2004-05-23,0.059
2004-05-24,1.947
2004-05-25,1.604
2004-05-26,1.645
2004-05-27,0.985
2004-05-28,0.051
2004-05-29,0.0
2004-05-30,0.008
2004-05-31,0.0
2004-06-01,0.001
2004-06-02,0.058
2004-06-03,0.022
2004-06-04,0.009
2004-06-05,0.068
2004-06-06,0.008
2004-06-07,0.29
2004-06-08,0.298
2004-06-09,0.446
2004-06-10,0.058
2004-06-11,0.062
2004-06-12,0.164
2004-06-13,0.0
2004-06-14,0.0
2004-06-15,0.0
2004-06-16,0.0
2004-06-17,0.0
2004-06-18,0.015
2004-06-19,0.012
2004-06-20,0.0
2004-06-21,0.085
2004-06-22,0.0
2004-06-23,0.025
2004-06-24,0.0
2004-06-25,0.004
2004-06-26,0.33
2004-06-27,0.037
2004-06-28,0.004
2004-06-29,0.012
2004-06-30,0.002
2004-07-01,0.096
2004-07-02,1.316
2004-07-03,0.17
2004-07-04,0.003
2004-07-05,0.448
2004-07-06,0.036
2004-07-07,0.197
2004-07-08,0.015
2004-07-09,0.016
2004-07-10,0.002
2004-07-11,0.004
2004-07-12,0.012
2004-07-13,0.45
2004-07-14,0.984
2004-07-15,1.016
2004-07-16,0.022
2004-07-17,0.003
2004-07-18,0.198
2004-07-19,0.034
2004-07-20,0.036
2004-07-21,0.03
2004-07-22,0.0
2004-07-23,0.001
2004-07-24,0.008
2004-07-25,0.005
2004-07-26,0.007
2004-07-27,0.0
2004-07-28,0.002
2004-07-29,0.067
2004-07-30,0.052
2004-07-31,0.0
2004-08-01,0.0
2004-08-02,0.0
2004-08-03,0.0
2004-08-04,0.0
2004-08-05,0.0
2004-08-06,0.019
2004-08-07,0.037
2004-08-08,0.0
2004-08-09,0.0
2004-08-10,0.0
2004-08-11,0.0
2004-08-12,0.057
2004-08-13,0.0
2004-08-14,0.0
2004-08-15,0.0
2004-08-16,0.0
2004-08-17,0.071
2004-08-18,0.221
2004-08-19,0.0
2004-08-20,0.001
2004-08-21,0.001
2004-08-22,0.0
2004-08-23,0.07
2004-08-24,0.009
2004-08-25,0.165
2004-08-26,0.181
2004-08-27,0.161
2004-08-28,0.187
2004-08-29,0.052
2004-08-30,0.0
2004-08-31,0.002
2004-09-01,0.015
2004-09-02,0.009
2004-09-03,0.11
2004-09-04,0.04
2004-09-05,0.189
2004-09-06,1.368
2004-09-07,2.337
2004-09-08,1.318
2004-09-09,1.729
2004-09-10,1.245
2004-09-11,0.099
2004-09-12,0.039
2004-09-13,0.003
2004-09-14,0.013
2004-09-15,0.165
2004-09-16,0.015
2004-09-17,0.176
2004-09-18,0.464
2004-09-19,0.189
2004-09-20,2.356
2004-09-21,0.532
2004-09-22,0.334
2004-09-23,0.021
2004-09-24,0.251
2004-09-25,0.043
2004-09-26,0.338
2004-09-27,0.089
2004-09-28,1.728
2004-09-29,1.804
2004-09-30,1.644
2004-10-01,0.382
2004-10-02,1.035
2004-10-03,2.716
2004-10-04,2.473
2004-10-05,0.152
2004-10-06,0.448
2004-10-07,0.523
2004-10-08,0.158
2004-10-09,0.039
2004-10-10,0.022
2004-10-11,0.308
2004-10-12,0.23
2004-10-13,0.038
2004-10-14,0.078
2004-10-15,0.009
2004-10-16,0.234
2004-10-17,2.505
2004-10-18,3.49
2004-10-19,7.664
2004-10-20,4.202
2004-10-21,3.387
2004-10-22,3.121
2004-10-23,12.222
2004-10-24,1.741
2004-10-25,0.758
2004-10-26,0.029
2004-10-27,0.162
2004-10-28,1.679
2004-10-29,1.593
2004-10-30,1.213
2004-10-31,0.867
2004-11-01,0.317
2004-11-02,1.026
2004-11-03,3.326
2004-11-04,0.861
2004-11-05,1.022
2004-11-06,6.572
2004-11-07,7.549
2004-11-08,2.502
2004-11-09,2.935
2004-11-10,1.434
2004-11-11,0.943
2004-11-12,1.1
2004-11-13,0.012
2004-11-14,0.132
2004-11-15,0.0
2004-11-16,0.002
2004-11-17,0.023
2004-11-18,0.0
2004-11-19,1.224
2004-11-20,0.4
2004-11-21,0.248
2004-11-22,0.742
2004-11-23,0.023
2004-11-24,0.058
2004-11-25,0.399
2004-11-26,0.516
2004-11-27,0.754
2004-11-28,5.016
2004-11-29,0.034
2004-11-30,1.504
2004-12-01,4.17
2004-12-02,2.655
2004-12-03,1.378
2004-12-04,0.602
2004-12-05,1.245
2004-12-06,0.487
2004-12-07,0.768
2004-12-08,2.329
2004-12-09,5.681
2004-12-10,0.326
2004-12-11,4.807
2004-12-12,7.552
2004-12-13,3.87
2004-12-14,14.991
2004-12-15,10.209
2004-12-16,4.794
2004-12-17,0.341
2004-12-18,0.007
2004-12-19,0.0
2004-12-20,0.087
2004-12-21,0.82
2004-12-22,0.064
2004-12-23,0.067
2004-12-24,0.0
2004-12-25,0.56
2004-12-26,0.0
2004-12-27,0.197
2004-12-28,0.913
2004-12-29,5.518
2004-12-30,0.734
2004-12-31,10.499
2005-01-01,2.958
2005-01-02,4.602
2005-01-03,2.554
2005-01-04,6.52
2005-01-05,6.829
2005-01-06,9.921
2005-01-07,1.611
2005-01-08,2.929
2005-01-09,1.811
2005-01-10,2.406
2005-01-11,2.011
2005-01-12,3.974
2005-01-13,4.767
2005-01-14,2.654
2005-01-15,0.041
2005-01-16,0.037
2005-01-17,0.005
2005-01-18,0.025
2005-01-19,0.006
2005-01-20,0.017
2005-01-21,0.003
2005-01-22,0.0
2005-01-23,1.478
2005-01-24,1.86
2005-01-25,1.226
2005-01-26,0.043
2005-01-27,0.074
2005-01-28,0.588
2005-01-29,0.187
2005-01-30,0.487
2005-01-31,0.017
2005-02-01,0.14
2005-02-02,1.201
2005-02-03,1.847
2005-02-04,0.033
2005-02-05,0.001
2005-02-06,0.307
2005-02-07,2.674
2005-02-08,6.505
2005-02-09,3.461
2005-02-10,6.627
2005-02-11,6.805
2005-02-12,9.169
2005-02-13,5.787
2005-02-14,0.903
2005-02-15,3.627
2005-02-16,1.608
2005-02-17,1.013
2005-02-18,0.424
2005-02-19,2.415
2005-02-20,4.011
2005-02-21,3.801
2005-02-22,1.188
2005-02-23,0.31
2005-02-24,0.077
2005-02-25,0.002
2005-02-26,1.215
2005-02-27,2.585
2005-02-28,2.497
2005-03-01,6.84
2005-03-02,2.869
2005-03-03,12.165
2005-03-04,5.37
2005-03-05,7.075
2005-03-06,10.894
2005-03-07,4.548
2005-03-08,2.241
2005-03-09,5.674
2005-03-10,1.435
2005-03-11,4.16
2005-03-12,2.68
2005-03-13,9.809
2005-03-14,7.211
2005-03-15,4.097
2005-03-16,2.928
2005-03-17,6.141
2005-03-18,6.014
2005-03-19,3.95
2005-03-20,1.053
2005-03-21,0.596
2005-03-22,1.209
2005-03-23,1.748
2005-03-24,2.315
2005-03-25,1.4
2005-03-26,4.88
2005-03-27,9.889
2005-03-28,12.505
2005-03-29,6.932
2005-03-30,3.324
2005-03-31,4.611
2005-04-01,1.85
2005-04-02,2.001
2005-04-03,1.92
2005-04-04,0.424
2005-04-05,1.879
2005-04-06,2.115
2005-04-07,3.467
2005-04-08,1.263
2005-04-09,0.671
2005-04-10,0.752
2005-04-11,1.64
2005-04-12,0.573
2005-04-13,2.203
2005-04-14,0.274
2005-04-15,0.016
2005-04-16,0.167
2005-04-17,0.095
2005-04-18,0.924
2005-04-19,3.094
2005-04-20,2.06
2005-04-21,2.008
2005-04-22,1.171
2005-04-23,0.172
2005-04-24,0.181
2005-04-25,0.056
2005-04-26,4.127
2005-04-27,4.635
2005-04-28,1.675
2005-04-29,2.876
2005-04-30,0.89
2005-05-01,0.149
2005-05-02,0.455
2005-05-03,0.356
2005-05-04,0.001
2005-05-05,0.007
2005-05-06,0.111
2005-05-07,0.423
2005-05-08,0.103
2005-05-09,0.047
2005-05-10,0.012
2005-05-11,0.004
2005-05-12,0.0
2005-05-13,0.025
2005-05-14,0.211
2005-05-15,0.715
2005-05-16,0.049
2005-05-17,0.129
2005-05-18,0.03
2005-05-19,0.0
2005-05-20,0.0
2005-05-21,0.018
2005-05-22,0.0
2005-05-23,0.011
2005-05-24,0.001
2005-05-25,0.001
2005-05-26,0.003
2005-05-27,0.0
2005-05-28,0.055
2005-05-29,0.004
2005-05-30,0.001
2005-05-31,0.0
2005-06-01,0.0
2005-06-02,0.11
2005-06-03,0.08
2005-06-04,0.216
2005-06-05,0.168
2005-06-06,0.019
2005-06-07,0.1
2005-06-08,0.028
2005-06-09,0.0
2005-06-10,0.086
2005-06-11,0.0
2005-06-12,0.0
2005-06-13,0.051
2005-06-14,0.118
2005-06-15,0.0
2005-06-16,0.147
2005-06-17,0.045
2005-06-18,0.0
2005-06-19,0.037
2005-06-20,0.005
2005-06-21,0.156
2005-06-22,0.074
2005-06-23,0.023
2005-06-24,0.0
2005-06-25,0.0
2005-06-26,0.001
2005-06-27,0.003
2005-06-28,0.023
2005-06-29,0.021
2005-06-30,0.008
2005-07-01,0.0
2005-07-02,0.0
2005-07-03,0.001
2005-07-04,0.0
2005-07-05,0.26
2005-07-06,0.001
2005-07-07,0.01
2005-07-08,0.0
2005-07-09,0.0
2005-07-10,0.005
2005-07-11,0.0
2005-07-12,0.004
2005-07-13,0.007
2005-07-14,0.0
2005-07-15,0.0
2005-07-16,0.007
2005-07-17,0.014
2005-07-18,0.023
2005-07-19,0.0
2005-07-20,0.001
2005-07-21,0.003
2005-07-22,0.0
2005-07-23,0.0
2005-07-24,0.099
2005-07-25,0.032
2005-07-26,0.002
2005-07-27,0.002
2005-07-28,0.0
2005-07-29,0.0
2005-07-30,0.0
2005-07-31,0.0
2005-08-01,0.0
2005-08-02,0.006
2005-08-03,0.0
2005-08-04,0.0
2005-08-05,0.001
2005-08-06,0.059
2005-08-07,0.132
2005-08-08,0.089
2005-08-09,0.0
2005-08-10,0.0
2005-08-11,0.0
2005-08-12,0.0
2005-08-13,0.0
2005-08-14,0.0
2005-08-15,0.004
2005-08-16,0.004
2005-08-17,0.0
2005-08-18,0.065
2005-08-19,0.0
2005-08-20,0.006
2005-08-21,0.002
2005-08-22,0.279
2005-08-23,0.199
2005-08-24,0.529
2005-08-25,0.1
2005-08-26,0.179
2005-08-27,0.044
2005-08-28,0.013
2005-08-29,0.096
2005-08-30,0.129
2005-08-31,0.086
2005-09-01,0.123
2005-09-02,0.069
2005-09-03,0.112
2005-09-04,0.12
2005-09-05,0.047
2005-09-06,0.015
2005-09-07,0.07
2005-09-08,0.002
2005-09-09,0.055
2005-09-10,0.002
2005-09-11,0.03
2005-09-12,0.034
2005-09-13,0.022
2005-09-14,0.002
2005-09-15,0.002
2005-09-16,0.0
2005-09-17,0.021
2005-09-18,0.02
2005-09-19,0.013
2005-09-20,0.002
2005-09-21,0.0
2005-09-22,0.003
2005-09-23,0.093
2005-09-24,0.052
2005-09-25,0.01
2005-09-26,0.017
2005-09-27,1.343
2005-09-28,0.469
2005-09-29,0.719
2005-09-30,1.546
2005-10-01,0.349
2005-10-02,1.485
2005-10-03,1.074
2005-10-04,0.724
2005-10-05,0.018
2005-10-06,1.546
2005-10-07,3.02
2005-10-08,3.907
2005-10-09,3.308
2005-10-10,4.519
2005-10-11,2.219
2005-10-12,0.659
2005-10-13,0.895
2005-10-14,0.104
2005-10-15,0.0
2005-10-16,0.076
2005-10-17,0.227
2005-10-18,0.819
2005-10-19,3.049
2005-10-20,0.917
2005-10-21,1.44
2005-10-22,0.996
2005-10-23,2.377
2005-10-24,0.601
2005-10-25,0.0
2005-10-26,0.0
2005-10-27,0.035
2005-10-28,0.021
2005-10-29,0.532
2005-10-30,0.467
2005-10-31,0.207
2005-11-01,1.577
2005-11-02,0.501
2005-11-03,0.63
2005-11-04,0.007
2005-11-05,0.011
2005-11-06,1.305
2005-11-07,0.93
2005-11-08,0.006
2005-11-09,0.151
2005-11-10,0.211
2005-11-11,1.043
2005-11-12,0.9
2005-11-13,0.04
2005-11-14,0.005
2005-11-15,0.014
2005-11-16,0.276
2005-11-17,0.142
2005-11-18,0.0
2005-11-19,0.292
2005-11-20,0.05
2005-11-21,1.297
2005-11-22,0.0
2005-11-23,0.0
2005-11-24,0.0
2005-11-25,0.0
2005-11-26,0.0
2005-11-27,0.0
2005-11-28,0.0
2005-11-29,0.0
2005-11-30,0.0
2005-12-01,0.042
2005-12-02,0.0
2005-12-03,0.018
2005-12-04,0.058
2005-12-05,0.124
2005-12-06,0.0
2005-12-07,0.0
2005-12-08,0.0
2005-12-09,0.41
2005-12-10,0.083
2005-12-11,0.843
2005-12-12,1.233
2005-12-13,1.874
2005-12-14,5.67
2005-12-15,4.92
2005-12-16,4.172
2005-12-17,3.757
2005-12-18,2.486
2005-12-19,1.882
2005-12-20,0.999
2005-12-21,1.66
2005-12-22,9.167
2005-12-23,6.93
2005-12-24,7.111
2005-12-25,8.361
2005-12-26,10.239
2005-12-27,5.894
2005-12-28,2.055
2005-12-29,0.252
2005-12-30,0.119
2005-12-31,0.349
2006-01-01,0.212
2006-01-02,0.001
2006-01-03,0.055
2006-01-04,0.001
2006-01-05,0.0
2006-01-06,0.0
2006-01-07,0.18
2006-01-08,1.569
2006-01-09,0.654
2006-01-10,0.0
2006-01-11,0.06
2006-01-12,0.002
2006-01-13,0.823
2006-01-14,11.316
2006-01-15,6.002
2006-01-16,4.857
2006-01-17,7.898
2006-01-18,7.328
2006-01-19,0.929
2006-01-20,0.363
2006-01-21,1.188
2006-01-22,0.311
2006-01-23,3.449
2006-01-24,3.002
2006-01-25,1.592
2006-01-26,0.795
2006-01-27,4.223
2006-01-28,6.51
2006-01-29,8.298
2006-01-30,5.49
2006-01-31,7.433
2006-02-01,12.274
2006-02-02,12.429
2006-02-03,12.754
2006-02-04,15.795
2006-02-05,13.322
2006-02-06,6.163
2006-02-07,4.997
2006-02-08,5.734
2006-02-09,4.094
2006-02-10,5.498
2006-02-11,3.534
2006-02-12,4.483
2006-02-13,2.577
2006-02-14,1.608
2006-02-15,0.289
2006-02-16,0.067
2006-02-17,0.62
2006-02-18,1.137
2006-02-19,1.729
2006-02-20,1.42
2006-02-21,3.389
2006-02-22,9.55
2006-02-23,3.53
2006-02-24,8.987
2006-02-25,5.494
2006-02-26,9.348
2006-02-27,4.565
2006-02-28,7.387
2006-03-01,11.451
2006-03-02,9.935
2006-03-03,10.822
2006-03-04,4.825
2006-03-05,9.611
2006-03-06,11.914
2006-03-07,8.609
2006-03-08,11.524
2006-03-09,6.7
2006-03-10,9.136
2006-03-11,6.794
2006-03-12,11.222
2006-03-13,7.662
2006-03-14,9.099
2006-03-15,3.469
2006-03-16,18.718
2006-03-17,10.087
2006-03-18,3.541
2006-03-19,9.741
2006-03-20,5.173
2006-03-21,9.687
2006-03-22,7.842
2006-03-23,7.564
2006-03-24,8.228
2006-03-25,13.674
2006-03-26,4.335
2006-03-27,5.838
2006-03-28,6.928
2006-03-29,6.095
2006-03-30,5.692
2006-03-31,9.125
2006-04-01,6.519
2006-04-02,7.731
2006-04-03,6.177
2006-04-04,7.714
2006-04-05,13.445
2006-04-06,10.344
2006-04-07,7.222
2006-04-08,4.629
2006-04-09,3.663
2006-04-10,1.152
2006-04-11,0.832
2006-04-12,0.168
2006-04-13,0.117
2006-04-14,0.282
2006-04-15,9.3
2006-04-16,1.316
2006-04-17,1.73
2006-04-18,2.25
2006-04-19,1.384
2006-04-20,0.234
2006-04-21,0.58
2006-04-22,0.587
2006-04-23,0.087
2006-04-24,0.501
2006-04-25,1.101
2006-04-26,1.061
2006-04-27,2.2
2006-04-28,0.543
2006-04-29,0.551
2006-04-30,0.169
2006-05-01,0.025
2006-05-02,0.003
2006-05-03,0.002
2006-05-04,0.358
2006-05-05,0.602
2006-05-06,1.262
2006-05-07,1.329
2006-05-08,3.937
2006-05-09,0.181
2006-05-10,0.186
2006-05-11,0.174
2006-05-12,0.036
2006-05-13,0.064
2006-05-14,0.011
2006-05-15,0.02
2006-05-16,0.005
2006-05-17,0.016
2006-05-18,0.027
2006-05-19,0.022
2006-05-20,0.019
2006-05-21,0.025
2006-05-22,0.012
2006-05-23,0.05
2006-05-24,0.0
2006-05-25,0.008
2006-05-26,0.034
2006-05-27,0.007
2006-05-28,0.015
2006-05-29,0.004
2006-05-30,0.101
2006-05-31,0.144
2006-06-01,1.383
2006-06-02,0.566
2006-06-03,0.339
2006-06-04,2.922
2006-06-05,1.192
2006-06-06,0.558
2006-06-07,1.729
2006-06-08,3.282
2006-06-09,2.071
2006-06-10,1.834
2006-06-11,2.39
2006-06-12,1.15
2006-06-13,0.235
2006-06-14,1.208
2006-06-15,0.014
2006-06-16,0.065
2006-06-17,0.0
2006-06-18,0.085
2006-06-19,0.108
2006-06-20,0.0
2006-06-21,0.164
2006-06-22,0.063
2006-06-23,0.021
2006-06-24,0.014
2006-06-25,0.0
2006-06-26,0.054
2006-06-27,0.143
2006-06-28,0.014
2006-06-29,0.005
2006-06-30,0.0
2006-07-01,0.101
2006-07-02,0.0
2006-07-03,0.0
2006-07-04,0.003
2006-07-05,0.0
2006-07-06,0.0
2006-07-07,0.0
2006-07-08,0.004
2006-07-09,0.013
2006-07-10,0.005
2006-07-11,0.0
2006-07-12,0.0
2006-07-13,0.19
2006-07-14,0.121
2006-07-15,0.006
2006-07-16,0.013
2006-07-17,0.304
2006-07-18,0.0
2006-07-19,0.0
2006-07-20,0.0
2006-07-21,0.0
2006-07-22,0.035
2006-07-23,0.001
2006-07-24,0.542
2006-07-25,0.393
2006-07-26,0.234
2006-07-27,0.041
2006-07-28,0.301
2006-07-29,0.048
2006-07-30,0.11
2006-07-31,0.0
2006-08-01,0.01
2006-08-02,0.0
2006-08-03,0.013
2006-08-04,0.095
2006-08-05,0.0
2006-08-06,0.0
2006-08-07,0.0
2006-08-08,0.128
2006-08-09,0.112
2006-08-10,0.059
2006-08-11,0.0
2006-08-12,0.0
2006-08-13,0.0
2006-08-14,0.062
2006-08-15,0.002
2006-08-16,0.076
2006-08-17,0.614
2006-08-18,0.677
2006-08-19,0.121
2006-08-20,0.098
2006-08-21,0.039
2006-08-22,0.002
2006-08-23,0.025
2006-08-24,0.007
2006-08-25,0.003
2006-08-26,0.0
2006-08-27,0.001
2006-08-28,0.067
2006-08-29,0.0
2006-08-30,1.136
2006-08-31,0.156
2006-09-01,0.153
2006-09-02,0.881
2006-09-03,0.893
2006-09-04,0.28
2006-09-05,0.088
2006-09-06,0.003
2006-09-07,0.047
2006-09-08,0.505
2006-09-09,0.086
2006-09-10,0.14
2006-09-11,0.283
2006-09-12,0.256
2006-09-13,0.075
2006-09-14,0.144
2006-09-15,1.152
2006-09-16,0.074
2006-09-17,2.39
2006-09-18,0.267
2006-09-19,0.031
2006-09-20,0.157
2006-09-21,0.561
2006-09-22,3.49
2006-09-23,0.181
2006-09-24,1.748
2006-09-25,0.423
2006-09-26,0.033
2006-09-27,0.087
2006-09-28,0.044
2006-09-29,0.279
2006-09-30,0.248
2006-10-01,0.004
2006-10-02,0.092
2006-10-03,0.397
2006-10-04,0.155
2006-10-05,0.203
2006-10-06,0.009
2006-10-07,0.066
2006-10-08,0.235
2006-10-09,0.211
2006-10-10,0.04
2006-10-11,0.224
2006-10-12,0.0
2006-10-13,0.001
2006-10-14,0.0
2006-10-15,0.0
2006-10-16,0.023
2006-10-17,0.017
2006-10-18,0.066
2006-10-19,0.11
2006-10-20,0.021
2006-10-21,0.773
2006-10-22,1.006
2006-10-23,2.17
2006-10-24,1.268
2006-10-25,0.498
2006-10-26,0.559
2006-10-27,0.587
2006-10-28,1.031
2006-10-29,0.259
2006-10-30,0.186
2006-10-31,0.027
2006-11-01,0.001
2006-11-02,0.061
2006-11-03,0.001
2006-11-04,0.065
2006-11-05,0.315
2006-11-06,0.0
2006-11-07,0.612
2006-11-08,0.21
2006-11-09,2.091
2006-11-10,10.48
2006-11-11,6.897
2006-11-12,3.625
2006-11-13,1.154
2006-11-14,0.54
2006-11-15,0.952
2006-11-16,2.972
2006-11-17,1.002
2006-11-18,1.19
2006-11-19,7.323
2006-11-20,1.791
2006-11-21,0.359
2006-11-22,1.609
2006-11-23,1.669
2006-11-24,3.519
2006-11-25,3.887
2006-11-26,2.967
2006-11-27,4.501
2006-11-28,1.405
2006-11-29,0.805
2006-11-30,0.455
2006-12-01,3.761
2006-12-02,0.507
2006-12-03,0.762
2006-12-04,0.234
2006-12-05,1.525
2006-12-06,0.245
2006-12-07,3.721
2006-12-08,5.134
2006-12-09,1.436
2006-12-10,0.005
2006-12-11,0.62
2006-12-12,5.428
2006-12-13,1.482
2006-12-14,0.766
2006-12-15,0.095
2006-12-16,1.296
2006-12-17,2.864
2006-12-18,0.243
2006-12-19,12.033
2006-12-20,10.106
2006-12-21,11.565
2006-12-22,11.126
2006-12-23,10.012
2006-12-24,10.332
2006-12-25,4.235
2006-12-26,2.654
2006-12-27,2.215
2006-12-28,4.296
2006-12-29,0.983
2006-12-30,1.235
2006-12-31,2.853
2007-01-01,4.009
2007-01-02,0.818
2007-01-03,7.945
2007-01-04,2.789
2007-01-05,5.543
2007-01-06,1.171
2007-01-07,1.055
2007-01-08,2.349
2007-01-09,2.954
2007-01-10,1.99
2007-01-11,3.707
2007-01-12,1.226
2007-01-13,0.271
2007-01-14,0.12
2007-01-15,0.545
2007-01-16,1.656
2007-01-17,4.711
2007-01-18,6.826
2007-01-19,6.123
2007-01-20,2.188
2007-01-21,10.164
2007-01-22,1.428
2007-01-23,2.446
2007-01-24,4.528
2007-01-25,6.268
2007-01-26,4.735
2007-01-27,3.783
2007-01-28,4.642
2007-01-29,5.091
2007-01-30,1.997
2007-01-31,12.945
2007-02-01,1.773
2007-02-02,1.541
2007-02-03,1.964
2007-02-04,1.903
2007-02-05,1.834
2007-02-06,1.248
2007-02-07,0.086
2007-02-08,1.805
2007-02-09,6.538
2007-02-10,3.032
2007-02-11,4.888
2007-02-12,3.29
2007-02-13,6.985
2007-02-14,2.641
2007-02-15,1.058
2007-02-16,1.079
2007-02-17,0.888
2007-02-18,0.132
2007-02-19,0.191
2007-02-20,0.056
2007-02-21,0.142
2007-02-22,0.057
2007-02-23,0.252
2007-02-24,0.339
2007-02-25,0.516
2007-02-26,0.338
2007-02-27,0.004
2007-02-28,0.076
2007-03-01,1.199
2007-03-02,1.235
2007-03-03,1.467
2007-03-04,19.13
2007-03-05,10.862
2007-03-06,14.683
2007-03-07,13.244
2007-03-08,10.021
2007-03-09,8.587
2007-03-10,11.516
2007-03-11,18.247
2007-03-12,6.811
2007-03-13,14.079
2007-03-14,5.397
2007-03-15,7.053
2007-03-16,4.521
2007-03-17,13.606
2007-03-18,7.099
2007-03-19,4.79
2007-03-20,2.007
2007-03-21,2.902
2007-03-22,7.363
2007-03-23,3.479
2007-03-24,1.669
2007-03-25,1.931
2007-03-26,8.259
2007-03-27,6.391
2007-03-28,2.181
2007-03-29,5.665
2007-03-30,3.457
2007-03-31,6.237
2007-04-01,4.506
2007-04-02,6.369
2007-04-03,8.158
2007-04-04,7.469
2007-04-05,4.74
2007-04-06,4.688
2007-04-07,5.089
2007-04-08,19.435
2007-04-09,9.932
2007-04-10,3.694
2007-04-11,1.571
2007-04-12,5.768
2007-04-13,7.483
2007-04-14,3.918
2007-04-15,2.578
2007-04-16,1.969
2007-04-17,1.483
2007-04-18,0.593
2007-04-19,2.153
2007-04-20,0.725
2007-04-21,1.508
2007-04-22,1.366
2007-04-23,4.978
2007-04-24,4.463
2007-04-25,2.739
2007-04-26,3.791
2007-04-27,4.069
2007-04-28,1.635
2007-04-29,1.517
2007-04-30,1.978
2007-05-01,0.361
2007-05-02,0.34
2007-05-03,0.61
2007-05-04,0.19
2007-05-05,0.474
2007-05-06,0.804
2007-05-07,2.111
2007-05-08,2.792
2007-05-09,6.488
2007-05-10,0.359
2007-05-11,0.477
2007-05-12,0.17
2007-05-13,0.007
2007-05-14,0.056
2007-05-15,0.061
2007-05-16,0.133
2007-05-17,0.03
2007-05-18,1.011
2007-05-19,0.528
2007-05-20,0.235
2007-05-21,0.015
2007-05-22,0.0
2007-05-23,0.0
2007-05-24,0.414
2007-05-25,1.05
2007-05-26,2.232
2007-05-27,0.508
2007-05-28,0.864
2007-05-29,0.064
2007-05-30,0.095
2007-05-31,3.288
2007-06-01,0.104
2007-06-02,0.027
2007-06-03,0.015
2007-06-04,0.006
2007-06-05,0.027
2007-06-06,0.014
2007-06-07,0.004
2007-06-08,0.008
2007-06-09,0.024
2007-06-10,0.002
2007-06-11,0.293
2007-06-12,0.179
2007-06-13,0.002
2007-06-14,0.001
2007-06-15,0.03
2007-06-16,0.0
2007-06-17,0.0
2007-06-18,0.0
2007-06-19,0.0
2007-06-20,0.003
2007-06-21,0.079
2007-06-22,0.136
2007-06-23,0.006
2007-06-24,0.004
2007-06-25,0.0
2007-06-26,0.01
2007-06-27,0.001
2007-06-28,0.0
2007-06-29,0.003
2007-06-30,0.1
2007-07-01,0.0
2007-07-02,0.0
2007-07-03,0.001
2007-07-04,0.0
2007-07-05,0.0
2007-07-06,0.0
2007-07-07,0.152
2007-07-08,0.185
2007-07-09,0.004
2007-07-10,0.003
2007-07-11,0.001
2007-07-12,0.0
2007-07-13,0.085
2007-07-14,0.061
2007-07-15,0.07
2007-07-16,0.1
2007-07-17,0.002
2007-07-18,0.009
2007-07-19,0.0
2007-07-20,0.015
2007-07-21,0.372
2007-07-22,0.537
2007-07-23,0.031
2007-07-24,0.073
2007-07-25,0.056
2007-07-26,0.368
2007-07-27,0.027
2007-07-28,0.003
2007-07-29,0.0
2007-07-30,0.0
2007-07-31,0.001
2007-08-01,0.0
2007-08-02,0.0
2007-08-03,0.0
2007-08-04,0.003
2007-08-05,0.0
2007-08-06,0.0
2007-08-07,0.056
2007-08-08,0.0
2007-08-09,0.002
2007-08-10,0.062
2007-08-11,0.148
2007-08-12,0.001
2007-08-13,0.011
2007-08-14,0.183
2007-08-15,0.189
2007-08-16,0.012
2007-08-17,0.373
2007-08-18,0.197
2007-08-19,0.002
2007-08-20,0.0
2007-08-21,0.002
2007-08-22,0.0
2007-08-23,0.0
2007-08-24,0.0
2007-08-25,0.019
2007-08-26,0.009
2007-08-27,0.074
2007-08-28,0.44
2007-08-29,1.581
2007-08-30,0.144
2007-08-31,0.0
2007-09-01,0.001
2007-09-02,0.0
2007-09-03,0.016
2007-09-04,0.113
2007-09-05,0.243
2007-09-06,0.039
2007-09-07,0.019
2007-09-08,0.006
2007-09-09,0.0
2007-09-10,0.0
2007-09-11,0.001
2007-09-12,0.0
2007-09-13,0.112
2007-09-14,0.074
2007-09-15,0.025
2007-09-16,0.019
2007-09-17,0.002
2007-09-18,0.017
2007-09-19,0.24
2007-09-20,0.183
2007-09-21,1.443
2007-09-22,1.581
2007-09-23,0.491
2007-09-24,0.096
2007-09-25,0.02
2007-09-26,0.002
2007-09-27,0.089
2007-09-28,0.042
2007-09-29,0.095
2007-09-30,0.08
2007-10-01,0.0
2007-10-02,0.003
2007-10-03,0.002
2007-10-04,0.063
2007-10-05,0.056
2007-10-06,0.332
2007-10-07,3.424
2007-10-08,2.339
2007-10-09,2.538
2007-10-10,1.602
2007-10-11,0.526
2007-10-12,0.362
2007-10-13,0.407
2007-10-14,0.0
2007-10-15,0.096
2007-10-16,0.484
2007-10-17,3.67
2007-10-18,8.5
2007-10-19,1.487
2007-10-20,1.598
2007-10-21,2.449
2007-10-22,8.753
2007-10-23,2.378
2007-10-24,2.868
2007-10-25,3.071
2007-10-26,1.002
2007-10-27,0.279
2007-10-28,2.114
2007-10-29,0.34
2007-10-30,4.599
2007-10-31,2.091
2007-11-01,0.24
2007-11-02,0.276
2007-11-03,0.203
2007-11-04,0.525
2007-11-05,0.958
2007-11-06,1.578
2007-11-07,3.594
2007-11-08,3.208
2007-11-09,5.079
2007-11-10,5.158
2007-11-11,1.265
2007-11-12,0.128
2007-11-13,0.025
2007-11-14,0.702
2007-11-15,3.685
2007-11-16,2.952
2007-11-17,0.3
2007-11-18,0.301
2007-11-19,0.028
2007-11-20,1.907
2007-11-21,3.095
2007-11-22,0.458
2007-11-23,1.088
2007-11-24,0.253
2007-11-25,3.929
2007-11-26,0.534
2007-11-27,0.148
2007-11-28,0.512
2007-11-29,0.677
2007-11-30,0.154
2007-12-01,0.026
2007-12-02,0.016
2007-12-03,0.012
2007-12-04,0.019
2007-12-05,0.0
2007-12-06,0.11
2007-12-07,0.0
2007-12-08,0.006
2007-12-09,0.043
2007-12-10,0.792
2007-12-11,0.092
2007-12-12,0.641
2007-12-13,1.032
2007-12-14,0.352
2007-12-15,0.043
2007-12-16,0.0
2007-12-17,0.0
2007-12-18,0.053
2007-12-19,0.047
2007-12-20,6.171
2007-12-21,0.863
2007-12-22,3.105
2007-12-23,2.125
2007-12-24,0.064
2007-12-25,1.547
2007-12-26,3.833
2007-12-27,8.127
2007-12-28,3.51
2007-12-29,7.275
2007-12-30,6.349
2007-12-31,5.64
2008-01-01,1.478
2008-01-02,0.246
2008-01-03,0.599
2008-01-04,0.002
2008-01-05,0.986
2008-01-06,3.151
2008-01-07,10.312
2008-01-08,9.464
2008-01-09,2.69
2008-01-10,0.294
2008-01-11,0.18
2008-01-12,0.743
2008-01-13,3.027
2008-01-14,9.754
2008-01-15,9.062
2008-01-16,6.816
2008-01-17,5.909
2008-01-18,4.854
2008-01-19,3.702
2008-01-20,2.632
2008-01-21,2.977
2008-01-22,3.209
2008-01-23,5.244
2008-01-24,9.046
2008-01-25,8.825
2008-01-26,0.583
2008-01-27,4.207
2008-01-28,2.907
2008-01-29,1.769
2008-01-30,0.209
2008-01-31,0.129
2008-02-01,0.023
2008-02-02,0.949
2008-02-03,0.755
2008-02-04,0.521
2008-02-05,0.342
2008-02-06,0.683
2008-02-07,3.3
2008-02-08,4.657
2008-02-09,2.568
2008-02-10,2.781
2008-02-11,3.628
2008-02-12,2.122
2008-02-13,5.085
2008-02-14,6.188
2008-02-15,6.779
2008-02-16,10.08
2008-02-17,9.775
2008-02-18,21.059
2008-02-19,25.648
2008-02-20,16.941
2008-02-21,15.13
2008-02-22,8.989
2008-02-23,6.752
2008-02-24,4.93
2008-02-25,10.492
2008-02-26,9.765
2008-02-27,5.484
2008-02-28,10.728
2008-02-29,5.682
2008-03-01,2.648
2008-03-02,0.629
2008-03-03,1.729
2008-03-04,3.125
2008-03-05,1.118
2008-03-06,0.273
2008-03-07,0.131
2008-03-08,0.802
2008-03-09,1.88
2008-03-10,1.532
2008-03-11,1.893
2008-03-12,8.682
2008-03-13,8.637
2008-03-14,17.529
2008-03-15,7.441
2008-03-16,4.207
2008-03-17,6.533
2008-03-18,6.36
2008-03-19,3.119
2008-03-20,4.3
2008-03-21,5.047
2008-03-22,1.606
2008-03-23,3.685
2008-03-24,5.463
2008-03-25,2.842
2008-03-26,4.553
2008-03-27,13.246
2008-03-28,4.896
2008-03-29,8.76
2008-03-30,14.743
2008-03-31,5.086
2008-04-01,14.33
2008-04-02,7.064
2008-04-03,0.249
2008-04-04,1.522
2008-04-05,8.565
2008-04-06,3.838
2008-04-07,1.324
2008-04-08,1.57
2008-04-09,5.205
2008-04-10,3.367
2008-04-11,3.261
2008-04-12,12.892
2008-04-13,2.224
2008-04-14,3.677
2008-04-15,8.632
2008-04-16,1.096
2008-04-17,0.031
2008-04-18,0.283
2008-04-19,0.081
2008-04-20,0.494
2008-04-21,0.056
2008-04-22,0.98
2008-04-23,0.551
2008-04-24,1.967
2008-04-25,0.403
2008-04-26,12.23
2008-04-27,2.6
2008-04-28,3.005
2008-04-29,4.176
2008-04-30,3.656
2008-05-01,1.136
2008-05-02,0.11
2008-05-03,0.246
2008-05-04,0.111
2008-05-05,0.042
2008-05-06,0.121
2008-05-07,0.025
2008-05-08,0.017
2008-05-09,0.326
2008-05-10,0.258
2008-05-11,1.462
2008-05-12,0.385
2008-05-13,0.584
2008-05-14,0.685
2008-05-15,0.506
2008-05-16,0.162
2008-05-17,0.355
2008-05-18,0.065
2008-05-19,0.357
2008-05-20,0.03
2008-05-21,0.038
2008-05-22,0.214
2008-05-23,0.156
2008-05-24,0.228
2008-05-25,0.158
2008-05-26,0.083
2008-05-27,0.026
2008-05-28,0.107
2008-05-29,0.005
2008-05-30,0.05
2008-05-31,1.68
2008-06-01,0.955
2008-06-02,0.052
2008-06-03,0.05
2008-06-04,0.002
2008-06-05,0.05
2008-06-06,0.088
2008-06-07,0.015
2008-06-08,0.151
2008-06-09,0.488
2008-06-10,0.626
2008-06-11,0.118
2008-06-12,0.003
2008-06-13,0.166
2008-06-14,1.156
2008-06-15,0.299
2008-06-16,0.0
2008-06-17,0.0
2008-06-18,0.0
2008-06-19,0.007
2008-06-20,0.088
2008-06-21,0.018
2008-06-22,0.681
2008-06-23,6.178
2008-06-24,1.009
2008-06-25,0.183
2008-06-26,0.02
2008-06-27,0.007
2008-06-28,0.0
2008-06-29,0.0
2008-06-30,0.001
2008-07-01,0.0
2008-07-02,0.042
2008-07-03,0.0
2008-07-04,0.0
2008-07-05,0.0
2008-07-06,0.037
2008-07-07,0.141
2008-07-08,0.354
2008-07-09,0.325
2008-07-10,0.019
2008-07-11,0.074
2008-07-12,0.08
2008-07-13,0.001
2008-07-14,0.03
2008-07-15,0.005
2008-07-16,0.003
2008-07-17,0.221
2008-07-18,0.02
2008-07-19,0.039
2008-07-20,0.017
2008-07-21,0.006
2008-07-22,0.004
2008-07-23,0.035
2008-07-24,0.006
2008-07-25,0.0
2008-07-26,0.0
2008-07-27,0.0
2008-07-28,0.0
2008-07-29,0.0
2008-07-30,0.089
2008-07-31,0.012
2008-08-01,0.023
2008-08-02,0.056
2008-08-03,0.211
2008-08-04,0.003
2008-08-05,0.003
2008-08-06,0.001
2008-08-07,0.0
2008-08-08,0.098
2008-08-09,0.671
2008-08-10,0.043
2008-08-11,0.005
2008-08-12,0.002
2008-08-13,0.002
2008-08-14,0.029
2008-08-15,0.0
2008-08-16,0.002
2008-08-17,0.071
2008-08-18,0.012
2008-08-19,0.304
2008-08-20,0.116
2008-08-21,0.204
2008-08-22,0.128
2008-08-23,0.119
2008-08-24,0.317
2008-08-25,0.008
2008-08-26,0.058
2008-08-27,0.109
2008-08-28,0.166
2008-08-29,0.002
2008-08-30,0.0
2008-08-31,0.003
2008-09-01,0.0
2008-09-02,0.001
2008-09-03,0.014
2008-09-04,0.172
2008-09-05,0.017
2008-09-06,0.763
2008-09-07,1.775
2008-09-08,0.27
2008-09-09,0.001
2008-09-10,0.013
2008-09-11,0.016
2008-09-12,0.121
2008-09-13,0.227
2008-09-14,0.073
2008-09-15,0.074
2008-09-16,1.009
2008-09-17,0.188
2008-09-18,1.285
2008-09-19,0.711
2008-09-20,0.999
2008-09-21,2.046
2008-09-22,1.913
2008-09-23,0.272
2008-09-24,0.133
2008-09-25,0.057
2008-09-26,0.095
2008-09-27,0.254
2008-09-28,0.168
2008-09-29,0.255
2008-09-30,0.003
2008-10-01,2.385
2008-10-02,5.183
2008-10-03,3.644
2008-10-04,0.002
2008-10-05,0.963
2008-10-06,1.224
2008-10-07,1.396
2008-10-08,0.65
2008-10-09,0.183
2008-10-10,1.166
2008-10-11,0.195
2008-10-12,0.55
2008-10-13,0.824
2008-10-14,0.271
2008-10-15,0.633
2008-10-16,0.507
2008-10-17,0.061
2008-10-18,0.484
2008-10-19,1.406
2008-10-20,0.512
2008-10-21,1.483
2008-10-22,1.51
2008-10-23,2.714
2008-10-24,2.25
2008-10-25,3.016
2008-10-26,3.801
2008-10-27,2.449
2008-10-28,2.904
2008-10-29,4.571
2008-10-30,1.939
2008-10-31,4.307
2008-11-01,3.206
2008-11-02,7.872
2008-11-03,5.01
2008-11-04,7.429
2008-11-05,5.377
2008-11-06,1.663
2008-11-07,2.876
2008-11-08,1.989
2008-11-09,0.693
2008-11-10,0.837
2008-11-11,0.35
2008-11-12,0.311
2008-11-13,0.183
2008-11-14,0.002
2008-11-15,0.07
2008-11-16,0.099
2008-11-17,0.233
2008-11-18,0.0
2008-11-19,0.409
2008-11-20,0.204
2008-11-21,0.476
2008-11-22,0.198
2008-11-23,0.466
2008-11-24,1.489
2008-11-25,1.101
2008-11-26,1.578
2008-11-27,0.302
2008-11-28,0.878
2008-11-29,3.078
2008-11-30,4.468
2008-12-01,1.654
2008-12-02,0.05
2008-12-03,0.018
2008-12-04,0.023
2008-12-05,0.134
2008-12-06,2.29
2008-12-07,0.052
2008-12-08,0.128
2008-12-09,0.799
2008-12-10,0.369
2008-12-11,3.218
2008-12-12,0.037
2008-12-13,0.77
2008-12-14,1.367
2008-12-15,1.695
2008-12-16,0.012
2008-12-17,0.0
2008-12-18,0.0
2008-12-19,0.0
2008-12-20,0.48
2008-12-21,0.348
2008-12-22,0.136
2008-12-23,0.135
2008-12-24,0.041
2008-12-25,0.01
2008-12-26,0.002
2008-12-27,0.001
2008-12-28,0.0
2008-12-29,0.001
2008-12-30,1.891
2008-12-31,3.368
2009-01-01,2.527
2009-01-02,3.31
2009-01-03,2.522
2009-01-04,0.463
2009-01-05,0.616
2009-01-06,2.184
2009-01-07,1.4
2009-01-08,3.902
2009-01-09,5.373
2009-01-10,5.159
2009-01-11,5.716
2009-01-12,11.622
2009-01-13,16.459
2009-01-14,7.232
2009-01-15,6.326
2009-01-16,6.466
2009-01-17,13.079
2009-01-18,5.051
2009-01-19,2.748
2009-01-20,0.736
2009-01-21,0.046
2009-01-22,0.906
2009-01-23,1.843
2009-01-24,2.268
2009-01-25,5.881
2009-01-26,6.556
2009-01-27,6.688
2009-01-28,8.682
2009-01-29,11.738
2009-01-30,14.31
2009-01-31,9.142
2009-02-01,5.007
2009-02-02,4.687
2009-02-03,4.424
2009-02-04,2.59
2009-02-05,6.92
2009-02-06,10.282
2009-02-07,11.8
2009-02-08,6.922
2009-02-09,7.478
2009-02-10,7.979
2009-02-11,6.132
2009-02-12,10.058
2009-02-13,11.628
2009-02-14,5.981
2009-02-15,1.241
2009-02-16,1.448
2009-02-17,1.087
2009-02-18,1.908
2009-02-19,9.336
2009-02-20,5.805
2009-02-21,8.387
2009-02-22,3.992
2009-02-23,9.214
2009-02-24,4.408
2009-02-25,0.408
2009-02-26,0.365
2009-02-27,0.172
2009-02-28,1.929
2009-03-01,2.309
2009-03-02,4.889
2009-03-03,2.657
2009-03-04,4.574
2009-03-05,7.54
2009-03-06,9.45
2009-03-07,7.472
2009-03-08,4.742
2009-03-09,5.544
2009-03-10,6.046
2009-03-11,9.011
2009-03-12,14.963
2009-03-13,5.448
2009-03-14,13.068
2009-03-15,6.105
2009-03-16,1.147
2009-03-17,1.761
2009-03-18,2.716
2009-03-19,2.565
2009-03-20,2.072
2009-03-21,11.228
2009-03-22,17.18
2009-03-23,9.769
2009-03-24,14.015
2009-03-25,8.437
2009-03-26,12.894
2009-03-27,6.952
2009-03-28,3.798
2009-03-29,1.904
2009-03-30,3.314
2009-03-31,1.325
2009-04-01,1.758
2009-04-02,2.178
2009-04-03,1.391
2009-04-04,1.373
2009-04-05,4.148
2009-04-06,4.291
2009-04-07,11.239
2009-04-08,11.316
2009-04-09,8.148
2009-04-10,10.924
2009-04-11,3.638
2009-04-12,6.407
2009-04-13,10.64
2009-04-14,8.774
2009-04-15,1.03
2009-04-16,0.096
2009-04-17,0.178
2009-04-18,0.515
2009-04-19,0.266
2009-04-20,0.044
2009-04-21,1.659
2009-04-22,6.697
2009-04-23,4.474
2009-04-24,2.474
2009-04-25,4.3
2009-04-26,0.602
2009-04-27,0.156
2009-04-28,0.571
2009-04-29,0.831
2009-04-30,0.111
2009-05-01,4.89
2009-05-02,1.941
2009-05-03,3.296
2009-05-04,0.21
2009-05-05,0.17
2009-05-06,0.0
2009-05-07,0.075
2009-05-08,0.153
2009-05-09,0.0
2009-05-10,0.121
2009-05-11,0.329
2009-05-12,1.873
2009-05-13,0.278
2009-05-14,0.1
2009-05-15,0.437
2009-05-16,2.473
2009-05-17,0.208
2009-05-18,0.384
2009-05-19,0.059
2009-05-20,0.067
2009-05-21,0.005
2009-05-22,0.168
2009-05-23,0.107
2009-05-24,0.258
2009-05-25,0.435
2009-05-26,1.66
2009-05-27,0.94
2009-05-28,0.17
2009-05-29,0.042
2009-05-30,0.483
2009-05-31,0.164
2009-06-01,0.116
2009-06-02,0.171
2009-06-03,0.019
2009-06-04,0.345
2009-06-05,0.032
2009-06-06,0.013
2009-06-07,0.113
2009-06-08,0.027
2009-06-09,0.074
2009-06-10,0.248
2009-06-11,2.172
2009-06-12,0.265
2009-06-13,0.031
2009-06-14,0.0
2009-06-15,0.031
2009-06-16,0.042
2009-06-17,0.0
2009-06-18,0.0
2009-06-19,0.087
2009-06-20,0.375
2009-06-21,0.259
2009-06-22,0.021
2009-06-23,0.727
2009-06-24,0.403
2009-06-25,0.093
2009-06-26,0.062
2009-06-27,0.049
2009-06-28,0.0
2009-06-29,0.089
2009-06-30,0.0
2009-07-01,0.001
2009-07-02,0.234
2009-07-03,0.139
2009-07-04,0.752
2009-07-05,0.111
2009-07-06,0.156
2009-07-07,1.139
2009-07-08,1.307
2009-07-09,0.917
2009-07-10,0.164
2009-07-11,0.0
2009-07-12,0.071
2009-07-13,0.006
2009-07-14,0.008
2009-07-15,0.0
2009-07-16,0.0
2009-07-17,0.094
2009-07-18,0.001
2009-07-19,0.003
2009-07-20,0.066
2009-07-21,0.038
2009-07-22,0.319
2009-07-23,0.188
2009-07-24,0.38
2009-07-25,0.04
2009-07-26,0.001
2009-07-27,0.064
2009-07-28,0.0
2009-07-29,0.0
2009-07-30,0.081
2009-07-31,0.007
2009-08-01,0.0
2009-08-02,0.031
2009-08-03,0.026
2009-08-04,0.076
2009-08-05,0.001
2009-08-06,0.026
2009-08-07,0.0
2009-08-08,0.0
2009-08-09,0.034
2009-08-10,0.048
2009-08-11,0.108
2009-08-12,0.0
2009-08-13,0.166
2009-08-14,0.016
2009-08-15,0.02
2009-08-16,0.004
2009-08-17,0.01
2009-08-18,0.039
2009-08-19,0.0
2009-08-20,0.198
2009-08-21,0.035
2009-08-22,0.174
2009-08-23,0.006
2009-08-24,0.282
2009-08-25,0.007
2009-08-26,0.278
2009-08-27,0.027
2009-08-28,0.055
2009-08-29,0.054
2009-08-30,0.057
2009-08-31,0.051
2009-09-01,0.002
2009-09-02,0.001
2009-09-03,0.176
2009-09-04,0.011
2009-09-05,0.004
2009-09-06,0.013
2009-09-07,0.001
2009-09-08,0.047
2009-09-09,0.14
2009-09-10,0.312
2009-09-11,0.145
2009-09-12,0.005
2009-09-13,0.001
2009-09-14,0.005
2009-09-15,0.13
2009-09-16,0.816
2009-09-17,0.136
2009-09-18,0.01
2009-09-19,0.003
2009-09-20,0.028
2009-09-21,0.39
2009-09-22,0.477
2009-09-23,0.111
2009-09-24,0.236
2009-09-25,0.096
2009-09-26,0.024
2009-09-27,0.002
2009-09-28,0.164
2009-09-29,0.049
2009-09-30,0.001
2009-10-01,0.065
2009-10-02,0.36
2009-10-03,0.439
2009-10-04,0.286
2009-10-05,0.339
2009-10-06,1.817
2009-10-07,0.639
2009-10-08,0.332
2009-10-09,0.539
2009-10-10,0.85
2009-10-11,0.192
2009-10-12,0.105
2009-10-13,0.47
2009-10-14,0.291
2009-10-15,0.642
2009-10-16,2.502
2009-10-17,3.176
2009-10-18,4.13
2009-10-19,3.582
2009-10-20,1.505
2009-10-21,3.837
2009-10-22,8.803
2009-10-23,1.548
2009-10-24,8.891
2009-10-25,3.756
2009-10-26,1.932
2009-10-27,4.208
2009-10-28,4.598
2009-10-29,4.649
2009-10-30,1.91
2009-10-31,0.844
2009-11-01,2.606
2009-11-02,0.338
2009-11-03,0.1
2009-11-04,0.07
2009-11-05,0.0
2009-11-06,0.0
2009-11-07,0.324
2009-11-08,0.372
2009-11-09,0.131
2009-11-10,0.215
2009-11-11,0.651
2009-11-12,4.108
2009-11-13,4.818
2009-11-14,2.945
2009-11-15,2.741
2009-11-16,3.374
2009-11-17,0.766
2009-11-18,4.331
2009-11-19,0.072
2009-11-20,0.308
2009-11-21,0.811
2009-11-22,2.129
2009-11-23,9.647
2009-11-24,7.722
2009-11-25,4.175
2009-11-26,3.547
2009-11-27,8.287
2009-11-28,5.675
2009-11-29,4.218
2009-11-30,3.255
2009-12-01,2.262
2009-12-02,3.357
2009-12-03,2.266
2009-12-04,2.451
2009-12-05,0.508
2009-12-06,0.518
2009-12-07,0.023
2009-12-08,0.082
2009-12-09,1.501
2009-12-10,1.731
2009-12-11,1.515
2009-12-12,1.185
2009-12-13,1.365
2009-12-14,0.306
2009-12-15,0.775
2009-12-16,4.92
2009-12-17,5.583
2009-12-18,4.47
2009-12-19,8.048
2009-12-20,8.684
2009-12-21,3.69
2009-12-22,2.636
2009-12-23,8.539
2009-12-24,5.103
2009-12-25,5.311
2009-12-26,1.288
2009-12-27,1.843
2009-12-28,0.873
2009-12-29,1.301
2009-12-30,0.24
2009-12-31,0.266
2010-01-01,0.188
2010-01-02,0.056
2010-01-03,0.023
2010-01-04,0.101
2010-01-05,3.249
2010-01-06,1.388
2010-01-07,0.421
2010-01-08,1.417
2010-01-09,4.176
2010-01-10,3.165
2010-01-11,2.156
2010-01-12,2.445
2010-01-13,3.369
2010-01-14,4.279
2010-01-15,2.275
2010-01-16,1.291
2010-01-17,2.152
2010-01-18,1.115
2010-01-19,0.796
2010-01-20,1.005
2010-01-21,0.577
2010-01-22,4.934
2010-01-23,2.72
2010-01-24,2.215
2010-01-25,0.375
2010-01-26,0.197
2010-01-27,0.197
2010-01-28,0.849
2010-01-29,0.331
2010-01-30,0.035
2010-01-31,0.023
2010-02-01,0.002
2010-02-02,0.22
2010-02-03,0.159
2010-02-04,9.346
2010-02-05,20.732
2010-02-06,45.792
2010-02-07,10.935
2010-02-08,4.065
2010-02-09,3.163
2010-02-10,10.337
2010-02-11,3.983
2010-02-12,9.39
2010-02-13,3.238
2010-02-14,1.658
2010-02-15,8.907
2010-02-16,6.174
2010-02-17,2.597
2010-02-18,1.637
2010-02-19,1.938
2010-02-20,1.34
2010-02-21,2.58
2010-02-22,1.286
2010-02-23,0.105
2010-02-24,0.0
2010-02-25,1.116
2010-02-26,0.362
2010-02-27,0.235
2010-02-28,3.312
2010-03-01,2.534
2010-03-02,4.544
2010-03-03,14.486
2010-03-04,3.758
2010-03-05,1.05
2010-03-06,0.858
2010-03-07,5.288
2010-03-08,0.397
2010-03-09,0.316
2010-03-10,1.177
2010-03-11,1.425
2010-03-12,6.136
2010-03-13,5.751
2010-03-14,4.615
2010-03-15,4.041
2010-03-16,1.008
2010-03-17,1.6
2010-03-18,1.718
2010-03-19,2.832
2010-03-20,1.261
2010-03-21,0.665
2010-03-22,4.847
2010-03-23,2.049
2010-03-24,3.431
2010-03-25,7.738
2010-03-26,7.744
2010-03-27,1.577
2010-03-28,1.559
2010-03-29,1.868
2010-03-30,13.666
2010-03-31,19.937
2010-04-01,5.812
2010-04-02,2.424
2010-04-03,7.335
2010-04-04,11.862
2010-04-05,10.008
2010-04-06,3.584
2010-04-07,4.009
2010-04-08,1.918
2010-04-09,0.828
2010-04-10,1.541
2010-04-11,0.163
2010-04-12,1.195
2010-04-13,0.449
2010-04-14,0.063
2010-04-15,0.553
2010-04-16,1.683
2010-04-17,1.876
2010-04-18,0.176
2010-04-19,1.434
2010-04-20,1.729
2010-04-21,1.834
2010-04-22,0.12
2010-04-23,0.558
2010-04-24,0.473
2010-04-25,1.028
2010-04-26,4.426
2010-04-27,2.846
2010-04-28,1.865
2010-04-29,5.015
2010-04-30,12.921
2010-05-01,8.74
2010-05-02,2.204
2010-05-03,3.889
2010-05-04,1.101
2010-05-05,0.705
2010-05-06,0.383
2010-05-07,0.624
2010-05-08,0.245
2010-05-09,0.776
2010-05-10,0.232
2010-05-11,0.231
2010-05-12,0.029
2010-05-13,0.017
2010-05-14,0.015
2010-05-15,0.019
2010-05-16,0.206
2010-05-17,0.025
2010-05-18,0.02
2010-05-19,0.232
2010-05-20,0.687
2010-05-21,0.833
2010-05-22,1.409
2010-05-23,0.078
2010-05-24,0.003
2010-05-25,0.001
2010-05-26,0.006
2010-05-27,1.55
2010-05-28,0.128
2010-05-29,0.095
2010-05-30,0.004
2010-05-31,0.471
2010-06-01,0.193
2010-06-02,1.604
2010-06-03,0.565
2010-06-04,0.036
2010-06-05,0.042
2010-06-06,0.216
2010-06-07,1.7
2010-06-08,0.476
2010-06-09,0.0
2010-06-10,0.001
2010-06-11,0.0
2010-06-12,0.0
2010-06-13,0.029
2010-06-14,0.046
2010-06-15,0.01
2010-06-16,0.0
2010-06-17,0.087
2010-06-18,0.925
2010-06-19,0.081
2010-06-20,0.562
2010-06-21,0.279
2010-06-22,0.008
2010-06-23,0.098
2010-06-24,0.029
2010-06-25,0.075
2010-06-26,0.026
2010-06-27,0.026
2010-06-28,0.062
2010-06-29,0.145
2010-06-30,0.182
2010-07-01,0.049
2010-07-02,0.167
2010-07-03,0.0
2010-07-04,0.0
2010-07-05,0.002
2010-07-06,0.008
2010-07-07,0.0
2010-07-08,0.064
2010-07-09,0.801
2010-07-10,0.121
2010-07-11,0.151
2010-07-12,0.319
2010-07-13,0.26
2010-07-14,0.402
2010-07-15,0.116
2010-07-16,0.0
2010-07-17,0.143
2010-07-18,0.0
2010-07-19,0.077
2010-07-20,0.0
2010-07-21,0.007
2010-07-22,0.002
2010-07-23,0.004
2010-07-24,0.001
2010-07-25,0.109
2010-07-26,0.044
2010-07-27,0.0
2010-07-28,0.001
2010-07-29,0.124
2010-07-30,0.004
2010-07-31,0.0
2010-08-01,0.067
2010-08-02,0.083
2010-08-03,0.003
2010-08-04,0.0
2010-08-05,0.0
2010-08-06,0.002
2010-08-07,0.0
2010-08-08,0.0
2010-08-09,0.0
2010-08-10,0.001
2010-08-11,0.002
2010-08-12,0.144
2010-08-13,0.002
2010-08-14,0.0
2010-08-15,0.0
2010-08-16,0.033
2010-08-17,0.002
2010-08-18,0.0
2010-08-19,0.0
2010-08-20,0.0
2010-08-21,0.0
2010-08-22,0.004
2010-08-23,0.007
2010-08-24,0.001
2010-08-25,0.051
2010-08-26,0.0
2010-08-27,0.004
2010-08-28,0.003
2010-08-29,0.739
2010-08-30,0.234
2010-08-31,0.07
2010-09-01,0.002
2010-09-02,0.261
2010-09-03,0.449
2010-09-04,3.179
2010-09-05,1.059
2010-09-06,0.072
2010-09-07,0.024
2010-09-08,0.004
2010-09-09,0.001
2010-09-10,0.0
2010-09-11,0.0
2010-09-12,0.091
2010-09-13,0.028
2010-09-14,0.091
2010-09-15,0.309
2010-09-16,0.0
2010-09-17,0.0
2010-09-18,0.008
2010-09-19,0.001
2010-09-20,0.0
2010-09-21,0.044
2010-09-22,0.421
2010-09-23,1.118
2010-09-24,2.004
2010-09-25,6.767
2010-09-26,1.301
2010-09-27,1.238
2010-09-28,0.149
2010-09-29,0.889
2010-09-30,0.706
2010-10-01,1.076
2010-10-02,0.202
2010-10-03,0.018
2010-10-04,0.003
2010-10-05,0.02
2010-10-06,0.221
2010-10-07,0.116
2010-10-08,1.373
2010-10-09,0.173
2010-10-10,0.285
2010-10-11,0.033
2010-10-12,0.01
2010-10-13,0.005
2010-10-14,0.183
2010-10-15,0.613
2010-10-16,0.717
2010-10-17,0.337
2010-10-18,3.464
2010-10-19,6.271
2010-10-20,1.129
2010-10-21,0.166
2010-10-22,0.003
2010-10-23,0.0
2010-10-24,0.019
2010-10-25,0.365
2010-10-26,0.41
2010-10-27,0.327
2010-10-28,0.0
2010-10-29,0.0
2010-10-30,0.0
2010-10-31,0.084
2010-11-01,0.904
2010-11-02,5.082
2010-11-03,0.107
2010-11-04,0.0
2010-11-05,0.002
2010-11-06,0.286
2010-11-07,0.121
2010-11-08,0.19
2010-11-09,0.354
2010-11-10,1.74
2010-11-11,4.901
2010-11-12,2.595
2010-11-13,1.263
2010-11-14,2.491
2010-11-15,5.576
2010-11-16,8.003
2010-11-17,6.589
2010-11-18,1.829
2010-11-19,0.104
2010-11-20,0.001
2010-11-21,0.002
2010-11-22,0.001
2010-11-23,0.005
2010-11-24,0.011
2010-11-25,0.427
2010-11-26,0.112
2010-11-27,1.889
2010-11-28,1.007
2010-11-29,0.105
2010-11-30,0.072
2010-12-01,0.079
2010-12-02,0.0
2010-12-03,0.715
2010-12-04,0.831
2010-12-05,0.672
2010-12-06,6.811
2010-12-07,4.571
2010-12-08,1.834
2010-12-09,0.771
2010-12-10,0.994
2010-12-11,0.147
2010-12-12,0.228
2010-12-13,0.145
2010-12-14,0.856
2010-12-15,2.118
2010-12-16,0.151
2010-12-17,0.041
2010-12-18,0.145
2010-12-19,0.658
2010-12-20,0.25
2010-12-21,5.08
2010-12-22,2.991
2010-12-23,5.277
2010-12-24,4.172
2010-12-25,3.355
2010-12-26,3.896
2010-12-27,4.567
2010-12-28,5.323
2010-12-29,4.954
2010-12-30,1.934
2010-12-31,0.154
2011-01-01,0.051
2011-01-02,0.196
2011-01-03,0.005
2011-01-04,0.03
2011-01-05,0.446
2011-01-06,2.646
2011-01-07,3.471
2011-01-08,7.217
2011-01-09,2.582
2011-01-10,4.574
2011-01-11,3.213
2011-01-12,2.043
2011-01-13,1.967
2011-01-14,3.613
2011-01-15,2.549
2011-01-16,5.595
2011-01-17,9.163
2011-01-18,8.267
2011-01-19,7.356
2011-01-20,1.242
2011-01-21,0.783
2011-01-22,0.41
2011-01-23,0.25
2011-01-24,0.209
2011-01-25,0.053
2011-01-26,0.008
2011-01-27,0.102
2011-01-28,0.203
2011-01-29,3.305
2011-01-30,1.46
2011-01-31,0.506
2011-02-01,0.466
2011-02-02,1.884
2011-02-03,3.032
2011-02-04,4.231
2011-02-05,3.306
2011-02-06,3.591
2011-02-07,6.414
2011-02-08,3.537
2011-02-09,3.504
2011-02-10,4.866
2011-02-11,9.915
2011-02-12,4.778
2011-02-13,2.19
2011-02-14,0.039
2011-02-15,0.075
2011-02-16,2.271
2011-02-17,0.865
2011-02-18,0.103
2011-02-19,0.765
2011-02-20,0.0
2011-02-21,0.029
2011-02-22,0.005
2011-02-23,0.014
2011-02-24,0.115
2011-02-25,0.4
2011-02-26,0.126
2011-02-27,1.49
2011-02-28,0.321
2011-03-01,0.0
2011-03-02,0.119
2011-03-03,0.233
2011-03-04,2.24
2011-03-05,3.859
2011-03-06,10.043
2011-03-07,13.6
2011-03-08,1.746
2011-03-09,1.332
2011-03-10,0.156
2011-03-11,1.499
2011-03-12,0.326
2011-03-13,0.248
2011-03-14,0.017
2011-03-15,0.003
2011-03-16,0.093
2011-03-17,1.992
2011-03-18,3.823
2011-03-19,6.488
2011-03-20,5.494
2011-03-21,8.654
2011-03-22,5.993
2011-03-23,2.863
2011-03-24,19.512
2011-03-25,13.337
2011-03-26,7.717
2011-03-27,2.067
2011-03-28,1.569
2011-03-29,5.4
2011-03-30,5.981
2011-03-31,4.928
2011-04-01,7.333
2011-04-02,15.027
2011-04-03,4.54
2011-04-04,5.178
2011-04-05,6.583
2011-04-06,24.766
2011-04-07,12.479
2011-04-08,15.437
2011-04-09,20.016
2011-04-10,8.567
2011-04-11,2.014
2011-04-12,3.392
2011-04-13,1.997
2011-04-14,4.858
2011-04-15,5.749
2011-04-16,1.903
2011-04-17,2.082
2011-04-18,3.348
2011-04-19,2.487
2011-04-20,1.518
2011-04-21,1.95
2011-04-22,1.56
2011-04-23,0.714
2011-04-24,4.772
2011-04-25,5.8
2011-04-26,3.999
2011-04-27,1.853
2011-04-28,3.783
2011-04-29,2.025
2011-04-30,3.224
2011-05-01,0.261
2011-05-02,0.394
2011-05-03,0.017
2011-05-04,0.324
2011-05-05,0.023
2011-05-06,0.015
2011-05-07,0.016
2011-05-08,0.006
2011-05-09,0.12
2011-05-10,0.049
2011-05-11,0.126
2011-05-12,0.621
2011-05-13,0.468
2011-05-14,0.08
2011-05-15,0.02
2011-05-16,0.068
2011-05-17,0.0
2011-05-18,0.0
2011-05-19,0.019
2011-05-20,0.0
2011-05-21,0.002
2011-05-22,0.792
2011-05-23,0.047
2011-05-24,0.045
2011-05-25,0.052
2011-05-26,1.217
2011-05-27,0.995
2011-05-28,0.059
2011-05-29,0.021
2011-05-30,0.028
2011-05-31,0.011
2011-06-01,0.065
2011-06-02,0.103
2011-06-03,0.233
2011-06-04,0.05
2011-06-05,0.002
2011-06-06,0.001
2011-06-07,0.021
2011-06-08,0.013
2011-06-09,0.039
2011-06-10,0.252
2011-06-11,0.204
2011-06-12,0.0
2011-06-13,0.01
2011-06-14,0.012
2011-06-15,0.002
2011-06-16,0.013
2011-06-17,0.0
2011-06-18,0.059
2011-06-19,0.039
2011-06-20,0.04
2011-06-21,0.019
2011-06-22,0.148
2011-06-23,0.145
2011-06-24,0.018
2011-06-25,0.029
2011-06-26,0.141
2011-06-27,0.172
2011-06-28,0.101
2011-06-29,0.008
2011-06-30,0.035
2011-07-01,0.445
2011-07-02,0.431
2011-07-03,0.447
2011-07-04,0.157
2011-07-05,0.0
2011-07-06,0.001
2011-07-07,0.028
2011-07-08,0.091
2011-07-09,0.006
2011-07-10,0.203
2011-07-11,0.08
2011-07-12,0.04
2011-07-13,0.146
2011-07-14,0.489
2011-07-15,0.581
2011-07-16,0.007
2011-07-17,0.752
2011-07-18,0.143
2011-07-19,0.692
2011-07-20,0.017
2011-07-21,0.004
2011-07-22,0.041
2011-07-23,0.012
2011-07-24,0.0
2011-07-25,0.0
2011-07-26,0.003
2011-07-27,0.002
2011-07-28,0.01
2011-07-29,0.0
2011-07-30,0.0
2011-07-31,0.0
2011-08-01,0.0
2011-08-02,0.001
2011-08-03,0.1
2011-08-04,0.077
2011-08-05,0.0
2011-08-06,0.001
2011-08-07,0.001
2011-08-08,0.0
2011-08-09,0.0
2011-08-10,0.0
2011-08-11,0.0
2011-08-12,0.0
2011-08-13,0.001
2011-08-14,0.0
2011-08-15,0.0
2011-08-16,0.0
2011-08-17,0.0
2011-08-18,0.006
2011-08-19,0.042
2011-08-20,0.168
2011-08-21,0.034
2011-08-22,0.005
2011-08-23,0.001
2011-08-24,0.0
2011-08-25,0.0
2011-08-26,0.0
2011-08-27,0.0
2011-08-28,0.031
2011-08-29,0.005
2011-08-30,0.082
2011-08-31,0.085
2011-09-01,0.008
2011-09-02,0.039
2011-09-03,0.0
2011-09-04,0.017
2011-09-05,0.063
2011-09-06,0.184
2011-09-07,1.299
2011-09-08,1.631
2011-09-09,1.307
2011-09-10,3.708
2011-09-11,0.135
2011-09-12,0.024
2011-09-13,0.245
2011-09-14,0.07
2011-09-15,0.023
2011-09-16,0.415
2011-09-17,0.194
2011-09-18,0.541
2011-09-19,0.751
2011-09-20,0.113
2011-09-21,0.177
2011-09-22,0.759
2011-09-23,1.48
2011-09-24,1.601
2011-09-25,0.227
2011-09-26,0.253
2011-09-27,0.004
2011-09-28,0.048
2011-09-29,0.116
2011-09-30,0.075
2011-10-01,0.195
2011-10-02,0.613
2011-10-03,0.011
2011-10-04,0.021
2011-10-05,0.158
2011-10-06,0.195
2011-10-07,1.796
2011-10-08,1.984
2011-10-09,1.703
2011-10-10,0.047
2011-10-11,0.0
2011-10-12,0.037
2011-10-13,0.131
2011-10-14,0.068
2011-10-15,0.183
2011-10-16,0.0
2011-10-17,0.0
2011-10-18,0.0
2011-10-19,0.052
2011-10-20,0.201
2011-10-21,0.143
2011-10-22,0.04
2011-10-23,0.102
2011-10-24,0.569
2011-10-25,0.66
2011-10-26,0.237
2011-10-27,0.068
2011-10-28,0.267
2011-10-29,0.609
2011-10-30,0.731
2011-10-31,0.204
2011-11-01,0.009
2011-11-02,0.469
2011-11-03,0.257
2011-11-04,0.454
2011-11-05,0.415
2011-11-06,4.134
2011-11-07,0.441
2011-11-08,0.271
2011-11-09,0.258
2011-11-10,0.125
2011-11-11,1.585
2011-11-12,3.667
2011-11-13,1.522
2011-11-14,2.502
2011-11-15,2.139
2011-11-16,0.075
2011-11-17,0.002
2011-11-18,0.545
2011-11-19,0.0
2011-11-20,0.001
2011-11-21,0.066
2011-11-22,2.932
2011-11-23,2.36
2011-11-24,4.825
2011-11-25,0.789
2011-11-26,2.306
2011-11-27,0.404
2011-11-28,0.953
2011-11-29,0.053
2011-11-30,0.078
2011-12-01,1.303
2011-12-02,0.075
2011-12-03,0.014
2011-12-04,0.197
2011-12-05,0.197
2011-12-06,1.999
2011-12-07,1.694
2011-12-08,3.155
2011-12-09,3.005
2011-12-10,4.114
2011-12-11,2.126
2011-12-12,2.411
2011-12-13,5.507
2011-12-14,3.241
2011-12-15,5.15
2011-12-16,3.577
2011-12-17,2.394
2011-12-18,0.048
2011-12-19,1.519
2011-12-20,4.533
2011-12-21,9.128
2011-12-22,11.311
2011-12-23,2.947
2011-12-24,4.969
2011-12-25,7.182
2011-12-26,1.351
2011-12-27,1.6
2011-12-28,6.981
2011-12-29,4.567
2011-12-30,2.007
2011-12-31,0.751
2012-01-01,2.925
2012-01-02,1.43
2012-01-03,2.763
2012-01-04,6.059
2012-01-05,3.132
2012-01-06,2.71
2012-01-07,10.492
2012-01-08,2.47
2012-01-09,1.548
2012-01-10,2.522
2012-01-11,3.662
2012-01-12,1.987
2012-01-13,5.861
2012-01-14,13.321
2012-01-15,2.778
2012-01-16,3.446
2012-01-17,5.06
2012-01-18,3.067
2012-01-19,2.91
2012-01-20,6.163
2012-01-21,1.822
2012-01-22,1.333
2012-01-23,1.044
2012-01-24,2.112
2012-01-25,1.371
2012-01-26,2.77
2012-01-27,4.571
2012-01-28,6.162
2012-01-29,5.772
2012-01-30,3.257
2012-01-31,4.275
2012-02-01,4.074
2012-02-02,4.073
2012-02-03,5.775
2012-02-04,9.095
2012-02-05,10.533
2012-02-06,24.779
2012-02-07,21.737
2012-02-08,14.854
2012-02-09,14.44
2012-02-10,12.039
2012-02-11,9.447
2012-02-12,2.272
2012-02-13,1.243
2012-02-14,1.478
2012-02-15,0.281
2012-02-16,0.001
2012-02-17,0.337
2012-02-18,0.527
2012-02-19,0.239
2012-02-20,0.716
2012-02-21,4.327
2012-02-22,5.762
2012-02-23,4.427
2012-02-24,3.403
2012-02-25,4.49
2012-02-26,0.975
2012-02-27,3.503
2012-02-28,0.713
2012-02-29,0.237
2012-03-01,0.691
2012-03-02,0.308
2012-03-03,0.292
2012-03-04,6.52
2012-03-05,7.781
2012-03-06,8.821
2012-03-07,8.236
2012-03-08,3.637
2012-03-09,4.411
2012-03-10,7.712
2012-03-11,3.185
2012-03-12,0.734
2012-03-13,0.19
2012-03-14,0.132
2012-03-15,0.822
2012-03-16,6.879
2012-03-17,11.871
2012-03-18,10.978
2012-03-19,8.099
2012-03-20,9.033
2012-03-21,3.365
2012-03-22,9.71
2012-03-23,12.027
2012-03-24,8.55
2012-03-25,3.17
2012-03-26,4.508
2012-03-27,1.972
2012-03-28,3.129
2012-03-29,0.892
2012-03-30,0.236
2012-03-31,1.615
2012-04-01,1.548
2012-04-02,1.485
2012-04-03,5.461
2012-04-04,8.973
2012-04-05,4.751
2012-04-06,8.481
2012-04-07,6.87
2012-04-08,11.539
2012-04-09,5.555
2012-04-10,1.396
2012-04-11,1.914
2012-04-12,1.63
2012-04-13,0.152
2012-04-14,3.891
2012-04-15,1.802
2012-04-16,0.564
2012-04-17,2.623
2012-04-18,6.157
2012-04-19,6.135
2012-04-20,7.395
2012-04-21,3.618
2012-04-22,8.906
2012-04-23,4.912
2012-04-24,1.069
2012-04-25,2.034
2012-04-26,5.227
2012-04-27,4.75
2012-04-28,4.32
2012-04-29,11.114
2012-04-30,5.173
2012-05-01,6.532
2012-05-02,0.883
2012-05-03,0.234
2012-05-04,0.213
2012-05-05,0.076
2012-05-06,0.036
2012-05-07,0.059
2012-05-08,0.162
2012-05-09,0.015
2012-05-10,0.325
2012-05-11,0.428
2012-05-12,0.127
2012-05-13,0.891
2012-05-14,0.944
2012-05-15,0.753
2012-05-16,0.553
2012-05-17,1.092
2012-05-18,0.852
2012-05-19,3.381
2012-05-20,1.152
2012-05-21,4.598
2012-05-22,3.266
2012-05-23,3.91
2012-05-24,1.904
2012-05-25,0.722
2012-05-26,0.213
2012-05-27,0.171
2012-05-28,0.113
2012-05-29,0.004
2012-05-30,0.014
2012-05-31,0.038
2012-06-01,0.165
2012-06-02,0.01
2012-06-03,0.115
2012-06-04,0.047
2012-06-05,0.05
2012-06-06,0.479
2012-06-07,0.114
2012-06-08,0.033
2012-06-09,0.004
2012-06-10,0.0
2012-06-11,0.0
2012-06-12,0.0
2012-06-13,0.014
2012-06-14,0.035
2012-06-15,0.0
2012-06-16,0.111
2012-06-17,0.007
2012-06-18,0.0
2012-06-19,0.015
2012-06-20,0.242
2012-06-21,0.822
2012-06-22,0.6
2012-06-23,0.335
2012-06-24,0.042
2012-06-25,0.808
2012-06-26,0.053
2012-06-27,0.006
2012-06-28,0.003
2012-06-29,0.235
2012-06-30,0.047
2012-07-01,0.0
2012-07-02,0.0
2012-07-03,0.0
2012-07-04,0.0
2012-07-05,0.0
2012-07-06,0.002
2012-07-07,0.129
2012-07-08,0.004
2012-07-09,0.001
2012-07-10,0.042
2012-07-11,0.003
2012-07-12,0.058
2012-07-13,0.0
2012-07-14,0.0
2012-07-15,0.0
2012-07-16,0.032
2012-07-17,0.012
2012-07-18,0.0
2012-07-19,0.0
2012-07-20,0.006
2012-07-21,0.001
2012-07-22,0.0
2012-07-23,0.0
2012-07-24,0.002
2012-07-25,0.0
2012-07-26,0.0
2012-07-27,0.001
2012-07-28,0.0
2012-07-29,0.001
2012-07-30,0.088
2012-07-31,0.0
2012-08-01,0.001
2012-08-02,0.0
2012-08-03,0.0
2012-08-04,0.0
2012-08-05,0.0
2012-08-06,0.001
2012-08-07,0.0
2012-08-08,0.0
2012-08-09,0.0
2012-08-10,0.003
2012-08-11,0.0
2012-08-12,0.024
2012-08-13,0.032
2012-08-14,0.012
2012-08-15,0.025
2012-08-16,0.624
2012-08-17,0.272
2012-08-18,0.202
2012-08-19,0.232
2012-08-20,0.0
2012-08-21,0.007
2012-08-22,0.001
2012-08-23,0.055
2012-08-24,0.515
2012-08-25,0.079
2012-08-26,0.286
2012-08-27,0.114
2012-08-28,0.0
2012-08-29,0.006
2012-08-30,0.011
2012-08-31,0.061
2012-09-01,0.027
2012-09-02,0.174
2012-09-03,0.007
2012-09-04,0.005
2012-09-05,0.009
2012-09-06,0.089
2012-09-07,0.009
2012-09-08,0.004
2012-09-09,0.221
2012-09-10,0.017
2012-09-11,0.137
2012-09-12,0.16
2012-09-13,0.058
2012-09-14,0.013
2012-09-15,0.007
2012-09-16,0.014
2012-09-17,0.086
2012-09-18,0.097
2012-09-19,0.104
2012-09-20,0.152
2012-09-21,0.298
2012-09-22,0.134
2012-09-23,0.296
2012-09-24,1.666
2012-09-25,0.086
2012-09-26,0.256
2012-09-27,0.188
2012-09-28,0.082
2012-09-29,0.047
2012-09-30,0.084
2012-10-01,0.008
2012-10-02,0.259
2012-10-03,0.186
2012-10-04,0.211
2012-10-05,0.654
2012-10-06,0.145
2012-10-07,0.962
2012-10-08,2.185
2012-10-09,1.291
2012-10-10,0.853
2012-10-11,0.884
2012-10-12,0.334
2012-10-13,0.44
2012-10-14,0.015
2012-10-15,0.282
2012-10-16,0.63
2012-10-17,0.987
2012-10-18,2.525
2012-10-19,0.545
2012-10-20,7.658
2012-10-21,6.304
2012-10-22,2.451
2012-10-23,3.106
2012-10-24,5.634
2012-10-25,1.459
2012-10-26,0.224
2012-10-27,0.024
2012-10-28,0.693
2012-10-29,4.967
2012-10-30,2.832
2012-10-31,2.536
2012-11-01,1.743
2012-11-02,2.778
2012-11-03,3.298
2012-11-04,1.481
2012-11-05,3.178
2012-11-06,5.157
2012-11-07,4.088
2012-11-08,3.453
2012-11-09,1.498
2012-11-10,2.585
2012-11-11,2.452
2012-11-12,0.463
2012-11-13,0.54
2012-11-14,4.15
2012-11-15,3.735
2012-11-16,0.119
2012-11-17,0.653
2012-11-18,0.352
2012-11-19,1.131
2012-11-20,0.465
2012-11-21,0.479
2012-11-22,0.228
2012-11-23,0.795
2012-11-24,2.8
2012-11-25,2.196
2012-11-26,0.691
2012-11-27,0.618
2012-11-28,2.513
2012-11-29,2.097
2012-11-30,0.341
2012-12-01,0.439
2012-12-02,0.494
2012-12-03,0.351
2012-12-04,0.046
2012-12-05,0.047
2012-12-06,0.269
2012-12-07,0.42
2012-12-08,1.272
2012-12-09,0.792
2012-12-10,0.581
2012-12-11,0.527
2012-12-12,0.0
2012-12-13,2.719
2012-12-14,0.657
2012-12-15,0.01
2012-12-16,0.0
2012-12-17,0.0
2012-12-18,0.0
2012-12-19,0.284
2012-12-20,0.014
2012-12-21,1.206
2012-12-22,0.557
2012-12-23,1.665
2012-12-24,4.445
2012-12-25,7.016
2012-12-26,6.66
2012-12-27,7.487
2012-12-28,3.192
2012-12-29,5.058
2012-12-30,4.925
2012-12-31,4.101
2013-01-01,1.484
2013-01-02,2.472
2013-01-03,2.945
2013-01-04,0.91
2013-01-05,2.563
2013-01-06,0.315
2013-01-07,0.294
2013-01-08,0.316
2013-01-09,0.827
2013-01-10,1.973
2013-01-11,2.246
2013-01-12,1.518
2013-01-13,1.044
2013-01-14,1.658
2013-01-15,0.08
2013-01-16,1.606
2013-01-17,0.149
2013-01-18,0.408
2013-01-19,0.68
2013-01-20,0.26
2013-01-21,2.218
2013-01-22,8.801
2013-01-23,6.571
2013-01-24,3.377
2013-01-25,1.155
2013-01-26,1.319
2013-01-27,1.822
2013-01-28,3.073
2013-01-29,0.979
2013-01-30,0.571
2013-01-31,0.234
2013-02-01,1.77
2013-02-02,1.142
2013-02-03,5.043
2013-02-04,5.221
2013-02-05,11.099
2013-02-06,13.148
2013-02-07,7.22
2013-02-08,0.941
2013-02-09,3.068
2013-02-10,2.162
2013-02-11,0.483
2013-02-12,0.535
2013-02-13,0.026
2013-02-14,0.153
2013-02-15,0.398
2013-02-16,1.103
2013-02-17,9.361
2013-02-18,7.007
2013-02-19,4.773
2013-02-20,4.165
2013-02-21,8.106
2013-02-22,13.584
2013-02-23,5.5
2013-02-24,2.912
2013-02-25,4.265
2013-02-26,7.489
2013-02-27,12.007
2013-02-28,5.749
2013-03-01,16.309
2013-03-02,7.919
2013-03-03,8.862
2013-03-04,7.74
2013-03-05,10.564
2013-03-06,9.534
2013-03-07,5.158
2013-03-08,3.794
2013-03-09,8.116
2013-03-10,10.261
2013-03-11,5.762
2013-03-12,16.982
2013-03-13,14.381
2013-03-14,5.09
2013-03-15,11.701
2013-03-16,18.058
2013-03-17,20.937
2013-03-18,12.068
2013-03-19,5.368
2013-03-20,4.681
2013-03-21,13.074
2013-03-22,0.301
2013-03-23,2.508
2013-03-24,8.035
2013-03-25,1.154
2013-03-26,2.609
2013-03-27,6.107
2013-03-28,4.726
2013-03-29,1.074
2013-03-30,1.562
2013-03-31,0.809
2013-04-01,3.605
2013-04-02,7.966
2013-04-03,4.81
2013-04-04,6.266
2013-04-05,5.864
2013-04-06,2.845
2013-04-07,2.013
2013-04-08,5.987
2013-04-09,3.524
2013-04-10,1.401
2013-04-11,2.352
2013-04-12,0.979
2013-04-13,0.189
2013-04-14,0.557
2013-04-15,0.932
2013-04-16,4.155
2013-04-17,3.701
2013-04-18,0.925
2013-04-19,1.867
2013-04-20,0.429
2013-04-21,0.149
2013-04-22,0.378
2013-04-23,0.22
2013-04-24,0.002
2013-04-25,0.007
2013-04-26,0.15
2013-04-27,0.119
2013-04-28,0.029
2013-04-29,0.034
2013-04-30,0.087
2013-05-01,0.633
2013-05-02,1.191
2013-05-03,0.701
2013-05-04,3.562
2013-05-05,4.224
2013-05-06,2.735
2013-05-07,1.125
2013-05-08,0.094
2013-05-09,0.574
2013-05-10,0.189
2013-05-11,0.542
2013-05-12,0.825
2013-05-13,0.228
2013-05-14,1.55
2013-05-15,2.192
2013-05-16,0.636
2013-05-17,0.212
2013-05-18,0.583
2013-05-19,0.98
2013-05-20,1.184
2013-05-21,0.127
2013-05-22,0.291
2013-05-23,0.321
2013-05-24,0.363
2013-05-25,2.192
2013-05-26,1.987
2013-05-27,0.266
2013-05-28,0.822
2013-05-29,2.1
2013-05-30,4.576
2013-05-31,1.682
2013-06-01,1.197
2013-06-02,0.05
2013-06-03,0.009
2013-06-04,0.209
2013-06-05,0.017
2013-06-06,0.234
2013-06-07,0.054
2013-06-08,0.006
2013-06-09,0.014
2013-06-10,0.176
2013-06-11,0.209
2013-06-12,0.51
2013-06-13,0.25
2013-06-14,0.107
2013-06-15,0.007
2013-06-16,0.003
2013-06-17,0.0
2013-06-18,0.109
2013-06-19,0.285
2013-06-20,0.26
2013-06-21,0.0
2013-06-22,0.002
2013-06-23,0.001
2013-06-24,0.0
2013-06-25,0.001
2013-06-26,0.001
2013-06-27,0.399
2013-06-28,0.009
2013-06-29,0.001
2013-06-30,0.227
2013-07-01,0.122
2013-07-02,0.394
2013-07-03,0.497
2013-07-04,0.145
2013-07-05,0.004
2013-07-06,0.002
2013-07-07,0.566
2013-07-08,0.004
2013-07-09,0.002
2013-07-10,0.0
2013-07-11,0.0
2013-07-12,0.037
2013-07-13,0.105
2013-07-14,0.033
2013-07-15,0.004
2013-07-16,0.0
2013-07-17,0.0
2013-07-18,0.003
2013-07-19,0.002
2013-07-20,0.0
2013-07-21,0.129
2013-07-22,0.0
2013-07-23,0.267
2013-07-24,0.013
2013-07-25,0.0
2013-07-26,0.0
2013-07-27,0.022
2013-07-28,0.0
2013-07-29,0.0
2013-07-30,0.0
2013-07-31,0.0
2013-08-01,0.01
2013-08-02,0.0
2013-08-03,0.001
2013-08-04,0.0
2013-08-05,0.0
2013-08-06,0.003
2013-08-07,0.0
2013-08-08,0.0
2013-08-09,0.158
2013-08-10,0.221
2013-08-11,0.21
2013-08-12,0.288
2013-08-13,0.003
2013-08-14,0.263
2013-08-15,0.078
2013-08-16,0.053
2013-08-17,0.011
2013-08-18,0.001
2013-08-19,0.001
2013-08-20,0.096
2013-08-21,0.0
2013-08-22,0.111
2013-08-23,0.129
2013-08-24,0.164
2013-08-25,0.883
2013-08-26,0.955
2013-08-27,0.086
2013-08-28,0.012
2013-08-29,0.006
2013-08-30,0.015
2013-08-31,0.001
2013-09-01,0.027
2013-09-02,0.195
2013-09-03,0.007
2013-09-04,0.088
2013-09-05,0.038
2013-09-06,0.052
2013-09-07,0.011
2013-09-08,0.027
2013-09-09,0.025
2013-09-10,0.028
2013-09-11,0.001
2013-09-12,0.038
2013-09-13,0.364
2013-09-14,0.852
2013-09-15,0.187
2013-09-16,0.055
2013-09-17,0.053
2013-09-18,0.569
2013-09-19,0.01
2013-09-20,0.011
2013-09-21,0.004
2013-09-22,0.01
2013-09-23,0.045
2013-09-24,0.167
2013-09-25,0.019
2013-09-26,0.002
2013-09-27,0.008
2013-09-28,0.018
2013-09-29,0.051
2013-09-30,0.074
2013-10-01,0.918
2013-10-02,0.247
2013-10-03,0.339
2013-10-04,0.015
2013-10-05,1.844
2013-10-06,0.688
2013-10-07,0.644
2013-10-08,0.007
2013-10-09,0.27
2013-10-10,0.622
2013-10-11,0.704
2013-10-12,2.96
2013-10-13,3.116
2013-10-14,2.793
2013-10-15,6.7
2013-10-16,7.235
2013-10-17,3.658
2013-10-18,0.617
2013-10-19,0.417
2013-10-20,1.729
2013-10-21,1.751
2013-10-22,0.968
2013-10-23,1.819
2013-10-24,2.244
2013-10-25,4.761
2013-10-26,1.925
2013-10-27,4.183
2013-10-28,2.675
2013-10-29,3.218
2013-10-30,2.07
2013-10-31,0.16
2013-11-01,0.0
2013-11-02,0.017
2013-11-03,0.028
2013-11-04,0.0
2013-11-05,0.006
2013-11-06,0.0
2013-11-07,0.021
2013-11-08,0.005
2013-11-09,0.01
2013-11-10,0.144
2013-11-11,0.234
2013-11-12,0.224
2013-11-13,0.671
2013-11-14,0.06
2013-11-15,0.046
2013-11-16,0.127
2013-11-17,0.322
2013-11-18,0.027
2013-11-19,0.206
2013-11-20,0.137
2013-11-21,0.081
2013-11-22,0.017
2013-11-23,0.013
2013-11-24,0.123
2013-11-25,0.003
2013-11-26,0.0
2013-11-27,0.0
2013-11-28,0.0
2013-11-29,0.0
2013-11-30,0.595
2013-12-01,4.27
2013-12-02,2.648
2013-12-03,3.833
2013-12-04,13.081
2013-12-05,7.567
2013-12-06,3.652
2013-12-07,1.988
2013-12-08,3.738
2013-12-09,4.344
2013-12-10,3.534
2013-12-11,0.698
2013-12-12,1.307
2013-12-13,1.01
2013-12-14,1.804
2013-12-15,6.781
2013-12-16,3.513
2013-12-17,0.798
2013-12-18,1.114
2013-12-19,0.011
2013-12-20,0.159
2013-12-21,0.151
2013-12-22,0.0
2013-12-23,0.018
2013-12-24,0.333
2013-12-25,0.136
2013-12-26,0.005
2013-12-27,0.092
2013-12-28,0.0
2013-12-29,0.001
2013-12-30,0.276
2013-12-31,2.671
2014-01-01,1.47
2014-01-02,0.671
2014-01-03,0.659
2014-01-04,4.155
2014-01-05,5.483
2014-01-06,15.05
2014-01-07,3.013
2014-01-08,1.875
2014-01-09,0.994
2014-01-10,1.166
2014-01-11,3.367
2014-01-12,2.023
2014-01-13,1.108
2014-01-14,1.256
2014-01-15,2.456
2014-01-16,2.006
2014-01-17,3.554
2014-01-18,4.041
2014-01-19,2.135
2014-01-20,2.778
2014-01-21,0.746
2014-01-22,0.866
2014-01-23,2.274
2014-01-24,0.422
2014-01-25,0.075
2014-01-26,0.102
2014-01-27,0.001
2014-01-28,0.113
2014-01-29,0.755
2014-01-30,0.888
2014-01-31,1.562
2014-02-01,1.397
2014-02-02,1.517
2014-02-03,0.669
2014-02-04,0.085
2014-02-05,2.327
2014-02-06,1.217
2014-02-07,0.801
2014-02-08,0.677
2014-02-09,1.384
2014-02-10,1.446
2014-02-11,2.53
2014-02-12,1.278
2014-02-13,0.833
2014-02-14,0.292
2014-02-15,0.372
2014-02-16,1.171
2014-02-17,1.778
2014-02-18,1.244
2014-02-19,1.641
2014-02-20,3.244
2014-02-21,7.576
2014-02-22,6.035
2014-02-23,15.892
2014-02-24,13.759
2014-02-25,5.969
2014-02-26,2.53
2014-02-27,2.149
2014-02-28,4.874
2014-03-01,6.578
2014-03-02,12.428
2014-03-03,3.851
2014-03-04,4.82
2014-03-05,8.943
2014-03-06,4.977
2014-03-07,7.345
2014-03-08,5.947
2014-03-09,3.686
2014-03-10,1.875
2014-03-11,0.826
2014-03-12,0.302
2014-03-13,4.118
2014-03-14,4.228
2014-03-15,2.961
2014-03-16,0.634
2014-03-17,3.185
2014-03-18,2.275
2014-03-19,3.382
2014-03-20,5.543
2014-03-21,5.45
2014-03-22,8.788
2014-03-23,8.118
2014-03-24,7.3
2014-03-25,5.747
2014-03-26,8.234
2014-03-27,4.173
2014-03-28,0.876
2014-03-29,0.196
2014-03-30,0.258
2014-03-31,0.043
2014-04-01,0.001
2014-04-02,0.003
2014-04-03,0.125
2014-04-04,0.316
2014-04-05,0.255
2014-04-06,0.359
2014-04-07,0.474
2014-04-08,0.113
2014-04-09,1.55
2014-04-10,1.172
2014-04-11,0.294
2014-04-12,2.397
2014-04-13,2.026
2014-04-14,3.163
2014-04-15,2.61
2014-04-16,0.335
2014-04-17,1.836
2014-04-18,1.923
2014-04-19,0.238
2014-04-20,0.048
2014-04-21,1.575
2014-04-22,2.138
2014-04-23,3.62
2014-04-24,2.809
2014-04-25,3.373
2014-04-26,6.634
2014-04-27,4.785
2014-04-28,11.431
2014-04-29,5.688
2014-04-30,1.16
2014-05-01,1.788
2014-05-02,3.4
2014-05-03,3.348
2014-05-04,0.832
2014-05-05,2.882
2014-05-06,4.537
2014-05-07,3.629
2014-05-08,4.27
2014-05-09,2.93
2014-05-10,1.234
2014-05-11,0.442
2014-05-12,0.052
2014-05-13,0.177
2014-05-14,0.37
2014-05-15,1.514
2014-05-16,0.068
2014-05-17,1.446
2014-05-18,0.093
2014-05-19,0.083
2014-05-20,3.874
2014-05-21,0.184
2014-05-22,0.314
2014-05-23,0.14
2014-05-24,0.168
2014-05-25,0.098
2014-05-26,0.133
2014-05-27,0.048
2014-05-28,0.204
2014-05-29,0.006
2014-05-30,0.17
2014-05-31,0.007
2014-06-01,0.005
2014-06-02,0.083
2014-06-03,0.081
2014-06-04,0.144
2014-06-05,0.246
2014-06-06,0.061
2014-06-07,0.056
2014-06-08,0.042
2014-06-09,0.018
2014-06-10,0.009
2014-06-11,0.008
2014-06-12,0.02
2014-06-13,0.059
2014-06-14,0.083
2014-06-15,0.136
2014-06-16,0.0
2014-06-17,0.043
2014-06-18,0.06
2014-06-19,0.002
2014-06-20,0.0
2014-06-21,0.001
2014-06-22,0.088
2014-06-23,0.005
2014-06-24,0.001
2014-06-25,0.003
2014-06-26,0.357
2014-06-27,0.369
2014-06-28,0.011
2014-06-29,0.004
2014-06-30,0.077
2014-07-01,0.086
2014-07-02,0.34
2014-07-03,0.005
2014-07-04,0.061
2014-07-05,0.042
2014-07-06,0.144
2014-07-07,0.298
2014-07-08,0.027
2014-07-09,0.002
2014-07-10,0.038
2014-07-11,0.012
2014-07-12,0.002
2014-07-13,0.021
2014-07-14,0.0
2014-07-15,0.012
2014-07-16,0.024
2014-07-17,0.049
2014-07-18,0.11
2014-07-19,0.02
2014-07-20,0.03
2014-07-21,0.007
2014-07-22,0.041
2014-07-23,0.002
2014-07-24,0.014
2014-07-25,0.094
2014-07-26,0.067
2014-07-27,0.064
2014-07-28,0.0
2014-07-29,0.0
2014-07-30,0.0
2014-07-31,0.002
2014-08-01,0.023
2014-08-02,0.001
2014-08-03,0.0
2014-08-04,0.145
2014-08-05,0.004
2014-08-06,0.013
2014-08-07,0.04
2014-08-08,0.308
2014-08-09,0.017
2014-08-10,0.035
2014-08-11,0.006
2014-08-12,0.023
2014-08-13,0.0
2014-08-14,0.016
2014-08-15,0.0
2014-08-16,0.0
2014-08-17,0.046
2014-08-18,0.008
2014-08-19,0.033
2014-08-20,0.012
2014-08-21,0.004
2014-08-22,0.05
2014-08-23,0.011
2014-08-24,0.002
2014-08-25,0.006
2014-08-26,0.056
2014-08-27,0.125
2014-08-28,0.003
2014-08-29,0.184
2014-08-30,0.086
2014-08-31,0.022
2014-09-01,0.019
2014-09-02,0.104
2014-09-03,0.019
2014-09-04,0.186
2014-09-05,0.009
2014-09-06,0.011
2014-09-07,0.0
2014-09-08,0.096
2014-09-09,0.001
2014-09-10,0.043
2014-09-11,0.143
2014-09-12,0.353
2014-09-13,3.098
2014-09-14,2.704
2014-09-15,4.018
2014-09-16,3.212
2014-09-17,1.403
2014-09-18,0.538
2014-09-19,0.337
2014-09-20,0.633
2014-09-21,3.2
2014-09-22,2.782
2014-09-23,0.789
2014-09-24,2.45
2014-09-25,0.773
2014-09-26,0.828
2014-09-27,0.501
2014-09-28,0.664
2014-09-29,0.513
2014-09-30,0.281
2014-10-01,0.0
2014-10-02,0.101
2014-10-03,0.019
2014-10-04,0.087
2014-10-05,0.174
2014-10-06,0.375
2014-10-07,1.061
2014-10-08,7.988
2014-10-09,2.887
2014-10-10,1.269
2014-10-11,0.976
2014-10-12,0.002
2014-10-13,0.056
2014-10-14,0.0
2014-10-15,0.004
2014-10-16,0.034
2014-10-17,0.018
2014-10-18,0.4
2014-10-19,1.302
2014-10-20,1.089
2014-10-21,0.343
2014-10-22,1.203
2014-10-23,3.165
2014-10-24,1.234
2014-10-25,0.332
2014-10-26,0.258
2014-10-27,0.133
2014-10-28,0.315
2014-10-29,0.048
2014-10-30,0.03
2014-10-31,0.021
2014-11-01,0.369
2014-11-02,0.792
2014-11-03,1.318
2014-11-04,0.466
2014-11-05,0.478
2014-11-06,0.621
2014-11-07,0.979
2014-11-08,4.019
2014-11-09,10.999
2014-11-10,4.042
2014-11-11,2.84
2014-11-12,0.413
2014-11-13,2.88
2014-11-14,2.605
2014-11-15,0.699
2014-11-16,1.402
2014-11-17,2.82
2014-11-18,0.237
2014-11-19,0.001
2014-11-20,0.179
2014-11-21,0.0
2014-11-22,0.011
2014-11-23,0.006
2014-11-24,0.03
2014-11-25,0.449
2014-11-26,0.0
2014-11-27,0.0
2014-11-28,0.732
2014-11-29,1.533
2014-11-30,1.261
2014-12-01,1.861
2014-12-02,2.84
2014-12-03,4.15
2014-12-04,5.069
2014-12-05,3.734
2014-12-06,7.324
2014-12-07,4.962
2014-12-08,2.327
2014-12-09,1.562
2014-12-10,1.291
2014-12-11,1.648
2014-12-12,9.635
2014-12-13,3.488
2014-12-14,2.013
2014-12-15,1.222
2014-12-16,1.714
2014-12-17,2.326
2014-12-18,0.779
2014-12-19,0.057
2014-12-20,0.004
2014-12-21,0.057
2014-12-22,0.002
2014-12-23,0.02
2014-12-24,0.379
2014-12-25,1.268
2014-12-26,4.606
2014-12-27,4.958
2014-12-28,13.833
2014-12-29,9.54
2014-12-30,11.561
2014-12-31,6.706
2015-01-01,1.823
2015-01-02,0.905
2015-01-03,0.291
2015-01-04,1.691
2015-01-05,1.277
2015-01-06,0.237
2015-01-07,0.072
2015-01-08,0.439
2015-01-09,1.487
2015-01-10,1.24
2015-01-11,1.674
2015-01-12,2.749
2015-01-13,2.414
2015-01-14,1.402
2015-01-15,0.24
2015-01-16,1.883
2015-01-17,1.903
2015-01-18,7.402
2015-01-19,3.07
2015-01-20,3.973
2015-01-21,8.686
2015-01-22,7.477
2015-01-23,10.06
2015-01-24,8.836
2015-01-25,3.557
2015-01-26,4.072
2015-01-27,3.969
2015-01-28,3.921
2015-01-29,4.758
2015-01-30,6.105
2015-01-31,9.732
2015-02-01,3.023
2015-02-02,0.222
2015-02-03,0.83
2015-02-04,1.266
2015-02-05,3.116
2015-02-06,6.468
2015-02-07,3.789
2015-02-08,1.765
2015-02-09,1.402
2015-02-10,0.209
2015-02-11,0.513
2015-02-12,0.794
2015-02-13,1.713
2015-02-14,3.129
2015-02-15,8.988
2015-02-16,0.223
2015-02-17,0.177
2015-02-18,0.026
2015-02-19,0.036
2015-02-20,0.266
2015-02-21,2.02
2015-02-22,2.999
2015-02-23,7.218
2015-02-24,7.683
2015-02-25,10.091
2015-02-26,3.814
2015-02-27,4.797
2015-02-28,5.042
2015-03-01,8.188
2015-03-02,9.946
2015-03-03,5.797
2015-03-04,7.866
2015-03-05,3.728
2015-03-06,5.091
2015-03-07,2.682
2015-03-08,0.734
2015-03-09,0.105
2015-03-10,0.268
2015-03-11,0.333
2015-03-12,2.592
2015-03-13,1.862
2015-03-14,5.983
2015-03-15,6.332
2015-03-16,5.221
2015-03-17,12.418
2015-03-18,17.38
2015-03-19,10.036
2015-03-20,21.24
2015-03-21,15.576
2015-03-22,22.118
2015-03-23,11.469
2015-03-24,8.413
2015-03-25,10.02
2015-03-26,1.063
2015-03-27,3.842
2015-03-28,7.4
2015-03-29,1.824
2015-03-30,3.305
2015-03-31,5.76
2015-04-01,9.005
2015-04-02,2.997
2015-04-03,1.192
2015-04-04,3.997
2015-04-05,6.175
2015-04-06,0.112
2015-04-07,0.38
2015-04-08,0.081
2015-04-09,0.559
2015-04-10,1.752
2015-04-11,0.6
2015-04-12,2.753
2015-04-13,3.009
2015-04-14,3.205
2015-04-15,6.329
2015-04-16,1.903
2015-04-17,0.312
2015-04-18,1.15
2015-04-19,1.17
2015-04-20,2.208
2015-04-21,9.579
2015-04-22,0.754
2015-04-23,0.29
2015-04-24,1.095
2015-04-25,0.241
2015-04-26,0.155
2015-04-27,0.022
2015-04-28,0.413
2015-04-29,0.834
2015-04-30,2.807
2015-05-01,2.551
2015-05-02,2.876
2015-05-03,4.121
2015-05-04,2.363
2015-05-05,1.223
2015-05-06,0.07
2015-05-07,0.025
2015-05-08,0.038
2015-05-09,0.098
2015-05-10,0.157
2015-05-11,0.392
2015-05-12,1.178
2015-05-13,2.957
2015-05-14,1.499
2015-05-15,2.263
2015-05-16,8.733
2015-05-17,3.232
2015-05-18,4.31
2015-05-19,0.146
2015-05-20,0.066
2015-05-21,0.062
2015-05-22,0.049
2015-05-23,0.004
2015-05-24,0.362
2015-05-25,0.011
2015-05-26,0.118
2015-05-27,0.452
2015-05-28,0.586
2015-05-29,1.763
2015-05-30,1.139
2015-05-31,0.177
2015-06-01,0.049
2015-06-02,0.202
2015-06-03,0.055
2015-06-04,0.03
2015-06-05,0.004
2015-06-06,0.015
2015-06-07,0.224
2015-06-08,0.015
2015-06-09,0.139
2015-06-10,0.134
2015-06-11,0.0
2015-06-12,0.0
2015-06-13,0.123
2015-06-14,0.045
2015-06-15,0.02
2015-06-16,0.001
2015-06-17,0.002
2015-06-18,0.002
2015-06-19,0.022
2015-06-20,0.0
2015-06-21,0.01
2015-06-22,0.058
2015-06-23,0.001
2015-06-24,0.01
2015-06-25,0.0
2015-06-26,0.0
2015-06-27,0.0
2015-06-28,0.015
2015-06-29,0.029
2015-06-30,0.008
2015-07-01,0.0
2015-07-02,0.0
2015-07-03,0.0
2015-07-04,0.692
2015-07-05,0.133
2015-07-06,0.064
2015-07-07,0.0
2015-07-08,0.012
2015-07-09,0.002
2015-07-10,0.064
2015-07-11,0.111
2015-07-12,0.046
2015-07-13,0.116
2015-07-14,0.0
2015-07-15,0.036
2015-07-16,0.017
2015-07-17,0.431
2015-07-18,0.279
2015-07-19,0.001
2015-07-20,0.033
2015-07-21,0.127
2015-07-22,0.173
2015-07-23,0.381
2015-07-24,0.119
2015-07-25,0.0
2015-07-26,0.0
2015-07-27,0.0
2015-07-28,0.037
2015-07-29,0.102
2015-07-30,0.01
2015-07-31,0.003
2015-08-01,0.066
2015-08-02,0.0
2015-08-03,0.0
2015-08-04,0.004
2015-08-05,0.0
2015-08-06,0.001
2015-08-07,0.0
2015-08-08,0.0
2015-08-09,0.0
2015-08-10,0.005
2015-08-11,0.082
2015-08-12,0.137
2015-08-13,0.033
2015-08-14,0.055
2015-08-15,0.007
2015-08-16,0.004
2015-08-17,0.0
2015-08-18,0.0
2015-08-19,0.0
2015-08-20,0.0
2015-08-21,0.001
2015-08-22,0.001
2015-08-23,0.001
2015-08-24,0.123
2015-08-25,0.001
2015-08-26,0.022
2015-08-27,0.03
2015-08-28,0.007
2015-08-29,0.001
2015-08-30,0.002
2015-08-31,0.004
2015-09-01,0.003
2015-09-02,0.014
2015-09-03,0.007
2015-09-04,0.022
2015-09-05,0.062
2015-09-06,0.087
2015-09-07,0.019
2015-09-08,0.445
2015-09-09,0.303
2015-09-10,0.159
2015-09-11,0.001
2015-09-12,0.012
2015-09-13,0.005
2015-09-14,0.011
2015-09-15,0.005
2015-09-16,0.0
2015-09-17,0.009
2015-09-18,0.451
2015-09-19,0.003
2015-09-20,0.059
2015-09-21,0.005
2015-09-22,0.005
2015-09-23,0.638
2015-09-24,0.032
2015-09-25,0.034
2015-09-26,0.002
2015-09-27,0.084
2015-09-28,0.067
2015-09-29,3.067
2015-09-30,0.099
2015-10-01,0.178
2015-10-02,0.265
2015-10-03,0.726
2015-10-04,0.011
2015-10-05,0.115
2015-10-06,1.922
2015-10-07,1.025
2015-10-08,0.134
2015-10-09,0.53
2015-10-10,0.022
2015-10-11,0.713
2015-10-12,0.056
2015-10-13,0.258
2015-10-14,0.402
2015-10-15,0.939
2015-10-16,0.097
2015-10-17,0.144
2015-10-18,0.045
2015-10-19,0.373
2015-10-20,0.242
2015-10-21,1.14
2015-10-22,0.958
2015-10-23,1.519
2015-10-24,0.424
2015-10-25,2.073
2015-10-26,4.412
2015-10-27,1.334
2015-10-28,1.705
2015-10-29,2.397
2015-10-30,1.401
2015-10-31,0.323
2015-11-01,0.112
2015-11-02,0.004
2015-11-03,0.068
2015-11-04,0.0
2015-11-05,0.0
2015-11-06,0.759
2015-11-07,3.85
2015-11-08,5.721
2015-11-09,5.595
2015-11-10,0.937
2015-11-11,0.439
2015-11-12,1.115
2015-11-13,0.141
2015-11-14,1.004
2015-11-15,1.958
2015-11-16,2.068
2015-11-17,3.812
2015-11-18,4.097
2015-11-19,1.515
2015-11-20,1.806
2015-11-21,4.216
2015-11-22,0.48
2015-11-23,3.076
2015-11-24,3.75
2015-11-25,2.292
2015-11-26,0.768
2015-11-27,1.311
2015-11-28,0.692
2015-11-29,0.466
2015-11-30,4.062
2015-12-01,3.15
2015-12-02,0.053
2015-12-03,0.524
2015-12-04,0.09
2015-12-05,0.758
2015-12-06,0.125
2015-12-07,0.005
2015-12-08,2.133
2015-12-09,3.889
2015-12-10,0.191
2015-12-11,0.026
2015-12-12,0.078
2015-12-13,0.107
2015-12-14,1.315
2015-12-15,1.577
2015-12-16,0.551
2015-12-17,2.805
2015-12-18,4.669
2015-12-19,3.477
2015-12-20,4.162
2015-12-21,0.333
2015-12-22,0.497
2015-12-23,9.686
2015-12-24,2.465
2015-12-25,2.871
2015-12-26,1.59
2015-12-27,4.324
2015-12-28,2.886
2015-12-29,0.82
2015-12-30,0.349
2015-12-31,4.602
2016-01-01,0.517
2016-01-02,0.419
2016-01-03,0.03
2016-01-04,0.963
2016-01-05,2.747
2016-01-06,0.094
2016-01-07,0.621
2016-01-08,1.214
2016-01-09,0.476
2016-01-10,0.154
2016-01-11,0.005
2016-01-12,0.009
2016-01-13,0.006
2016-01-14,0.009
2016-01-15,0.694
2016-01-16,0.734
2016-01-17,0.993
2016-01-18,1.313
2016-01-19,2.813
2016-01-20,7.697
2016-01-21,1.685
2016-01-22,0.102
2016-01-23,0.166
2016-01-24,0.198
2016-01-25,0.353
2016-01-26,0.473
2016-01-27,2.266
2016-01-28,5.543
2016-01-29,5.662
2016-01-30,8.172
2016-01-31,8.515
2016-02-01,3.839
2016-02-02,15.701
2016-02-03,6.949
2016-02-04,6.531
2016-02-05,5.047
2016-02-06,2.009
2016-02-07,1.114
2016-02-08,6.935
2016-02-09,7.139
2016-02-10,2.812
2016-02-11,5.518
2016-02-12,1.914
2016-02-13,7.575
2016-02-14,0.917
2016-02-15,0.897
2016-02-16,0.203
2016-02-17,1.605
2016-02-18,0.734
2016-02-19,0.132
2016-02-20,1.778
2016-02-21,3.07
2016-02-22,6.432
2016-02-23,9.03
2016-02-24,7.88
2016-02-25,5.857
2016-02-26,5.486
2016-02-27,11.952
2016-02-28,12.016
2016-02-29,7.549
2016-03-01,3.302
2016-03-02,5.427
2016-03-03,9.324
2016-03-04,2.479
2016-03-05,9.173
2016-03-06,10.372
2016-03-07,5.784
2016-03-08,2.904
2016-03-09,4.157
2016-03-10,2.411
2016-03-11,0.632
2016-03-12,1.42
2016-03-13,3.711
2016-03-14,6.204
2016-03-15,0.828
2016-03-16,0.0
2016-03-17,0.094
2016-03-18,0.001
2016-03-19,1.149
2016-03-20,1.598
2016-03-21,0.346
2016-03-22,1.065
2016-03-23,1.273
2016-03-24,0.206
2016-03-25,0.044
2016-03-26,2.53
2016-03-27,9.119
2016-03-28,4.202
2016-03-29,2.929
2016-03-30,6.107
2016-03-31,3.776
2016-04-01,3.252
2016-04-02,10.901
2016-04-03,13.744
2016-04-04,2.892
2016-04-05,3.28
2016-04-06,0.329
2016-04-07,0.027
2016-04-08,2.502
2016-04-09,3.579
2016-04-10,3.252
2016-04-11,4.65
2016-04-12,0.473
2016-04-13,0.286
2016-04-14,0.457
2016-04-15,1.558
2016-04-16,6.786
2016-04-17,0.415
2016-04-18,1.369
2016-04-19,0.366
2016-04-20,0.106
2016-04-21,0.101
2016-04-22,0.285
2016-04-23,8.239
2016-04-24,2.089
2016-04-25,2.633
2016-04-26,0.013
2016-04-27,3.474
2016-04-28,2.222
2016-04-29,0.31
2016-04-30,0.04
2016-05-01,0.047
2016-05-02,0.233
2016-05-03,0.025
2016-05-04,0.01
2016-05-05,0.013
2016-05-06,0.066
2016-05-07,0.009
2016-05-08,0.357
2016-05-09,0.03
2016-05-10,0.638
2016-05-11,0.082
2016-05-12,0.886
2016-05-13,0.007
2016-05-14,0.339
2016-05-15,0.019
2016-05-16,0.0
2016-05-17,0.226
2016-05-18,0.173
2016-05-19,0.137
2016-05-20,0.849
2016-05-21,0.423
2016-05-22,0.014
2016-05-23,0.193
2016-05-24,0.055
2016-05-25,0.207
2016-05-26,0.506
2016-05-27,0.177
2016-05-28,0.067
2016-05-29,0.11
2016-05-30,0.001
2016-05-31,0.013
2016-06-01,0.642
2016-06-02,1.369
2016-06-03,0.286
2016-06-04,0.55
2016-06-05,2.563
2016-06-06,1.529
2016-06-07,0.066
2016-06-08,0.4
2016-06-09,0.035
2016-06-10,0.135
2016-06-11,0.27
2016-06-12,0.0
2016-06-13,0.0
2016-06-14,0.002
2016-06-15,0.0
2016-06-16,0.0
2016-06-17,0.0
2016-06-18,0.001
2016-06-19,0.0
2016-06-20,0.0
2016-06-21,0.007
2016-06-22,0.0
2016-06-23,0.001
2016-06-24,0.001
2016-06-25,0.255
2016-06-26,0.086
2016-06-27,0.015
2016-06-28,0.013
2016-06-29,0.003
2016-06-30,0.0
2016-07-01,0.0
2016-07-02,0.0
2016-07-03,0.0
2016-07-04,0.001
2016-07-05,0.0
2016-07-06,0.037
2016-07-07,0.079
2016-07-08,0.017
2016-07-09,0.006
2016-07-10,0.0
2016-07-11,0.001
2016-07-12,0.002
2016-07-13,0.0
2016-07-14,0.03
2016-07-15,0.6
2016-07-16,0.0
2016-07-17,0.002
2016-07-18,0.005
2016-07-19,0.0
2016-07-20,0.0
2016-07-21,0.0
2016-07-22,0.0
2016-07-23,0.0
2016-07-24,0.003
2016-07-25,0.001
2016-07-26,0.002
2016-07-27,0.003
2016-07-28,0.0
2016-07-29,0.0
2016-07-30,0.0
2016-07-31,0.008
2016-08-01,0.0
2016-08-02,0.0
2016-08-03,0.0
2016-08-04,0.0
2016-08-05,0.0
2016-08-06,0.0
2016-08-07,0.0
2016-08-08,0.0
2016-08-09,0.039
2016-08-10,0.077
2016-08-11,0.244
2016-08-12,0.002
2016-08-13,0.0
2016-08-14,0.0
2016-08-15,0.0
2016-08-16,0.0
2016-08-17,0.003
2016-08-18,0.002
2016-08-19,0.001
2016-08-20,0.002
2016-08-21,0.032
2016-08-22,0.0
2016-08-23,0.004
2016-08-24,0.003
2016-08-25,0.003
2016-08-26,0.0
2016-08-27,0.0
2016-08-28,0.108
2016-08-29,0.032
2016-08-30,0.039
2016-08-31,0.012
2016-09-01,0.142
2016-09-02,0.289
2016-09-03,0.032
2016-09-04,0.004
2016-09-05,0.062
2016-09-06,0.188
2016-09-07,0.001
2016-09-08,0.022
2016-09-09,0.001
2016-09-10,0.003
2016-09-11,0.104
2016-09-12,0.0
2016-09-13,0.082
2016-09-14,1.624
2016-09-15,1.092
2016-09-16,0.021
2016-09-17,0.0
2016-09-18,0.142
2016-09-19,0.373
2016-09-20,1.271
2016-09-21,0.205
2016-09-22,0.106
2016-09-23,0.0
2016-09-24,0.275
2016-09-25,0.676
2016-09-26,0.163
2016-09-27,0.387
2016-09-28,0.095
2016-09-29,0.208
2016-09-30,0.377
2016-10-01,0.355
2016-10-02,2.161
2016-10-03,0.023
2016-10-04,0.331
2016-10-05,1.585
2016-10-06,0.32
2016-10-07,0.02
2016-10-08,0.002
2016-10-09,0.248
2016-10-10,0.343
2016-10-11,1.653
2016-10-12,1.769
2016-10-13,1.507
2016-10-14,1.367
2016-10-15,5.184
2016-10-16,1.207
2016-10-17,1.778
2016-10-18,0.286
2016-10-19,0.041
2016-10-20,0.0
2016-10-21,0.317
2016-10-22,0.04
2016-10-23,0.003
2016-10-24,0.0
2016-10-25,0.0
2016-10-26,0.0
2016-10-27,0.0
2016-10-28,0.0
2016-10-29,0.001
2016-10-30,0.01
2016-10-31,0.0
2016-11-01,0.0
2016-11-02,0.063
2016-11-03,0.015
2016-11-04,3.554
2016-11-05,0.942
2016-11-06,0.001
2016-11-07,0.025
2016-11-08,0.049
2016-11-09,0.0
2016-11-10,0.78
2016-11-11,0.032
2016-11-12,0.0
2016-11-13,0.0
2016-11-14,0.0
2016-11-15,0.0
2016-11-16,0.0
2016-11-17,0.0
2016-11-18,0.0
2016-11-19,0.0
2016-11-20,0.0
2016-11-21,0.002
2016-11-22,0.001
2016-11-23,0.0
2016-11-24,0.035
2016-11-25,0.001
2016-11-26,0.187
2016-11-27,0.2
2016-11-28,0.071
2016-11-29,0.313
2016-11-30,0.723
2016-12-01,0.328
2016-12-02,0.075
2016-12-03,2.933
2016-12-04,1.127
2016-12-05,1.169
2016-12-06,1.284
2016-12-07,0.083
2016-12-08,3.237
2016-12-09,2.825
2016-12-10,0.195
2016-12-11,0.488
2016-12-12,0.438
2016-12-13,0.034
2016-12-14,1.069
2016-12-15,6.204
2016-12-16,0.383
2016-12-17,0.234
2016-12-18,2.376
2016-12-19,1.145
2016-12-20,0.444
2016-12-21,2.131
2016-12-22,8.101
2016-12-23,1.417
2016-12-24,0.712
2016-12-25,1.031
2016-12-26,2.36
2016-12-27,1.068
2016-12-28,3.639
2016-12-29,5.663
2016-12-30,6.081
2016-12-31,7.492
2017-01-01,3.083
2017-01-02,5.178
2017-01-03,2.777
2017-01-04,1.855
2017-01-05,3.781
2017-01-06,9.027
2017-01-07,5.059
2017-01-08,5.961
2017-01-09,0.858
2017-01-10,1.151
2017-01-11,1.319
2017-01-12,11.453
2017-01-13,11.469
2017-01-14,11.347
2017-01-15,3.409
2017-01-16,2.584
2017-01-17,0.316
2017-01-18,0.67
2017-01-19,1.82
2017-01-20,3.706
2017-01-21,6.379
2017-01-22,3.784
2017-01-23,1.122
2017-01-24,1.431
2017-01-25,1.91
2017-01-26,2.931
2017-01-27,2.985
2017-01-28,0.115
2017-01-29,0.974
2017-01-30,3.144
2017-01-31,7.313
2017-02-01,9.755
2017-02-02,14.864
2017-02-03,17.834
2017-02-04,7.373
2017-02-05,3.566
2017-02-06,3.3
2017-02-07,2.359
2017-02-08,9.157
2017-02-09,3.91
2017-02-10,8.46
2017-02-11,0.083
2017-02-12,0.198
2017-02-13,0.001
2017-02-14,1.944
2017-02-15,7.387
2017-02-16,4.298
2017-02-17,0.62
2017-02-18,0.146
2017-02-19,0.759
2017-02-20,3.456
2017-02-21,1.105
2017-02-22,1.596
2017-02-23,2.037
2017-02-24,2.699
2017-02-25,2.082
2017-02-26,8.186
2017-02-27,4.156
2017-02-28,8.57
2017-03-01,6.211
2017-03-02,2.276
2017-03-03,6.666
2017-03-04,2.241
2017-03-05,2.422
2017-03-06,10.559
2017-03-07,8.966
2017-03-08,10.466
2017-03-09,12.089
2017-03-10,8.819
2017-03-11,8.216
2017-03-12,13.829
2017-03-13,23.402
2017-03-14,19.553
2017-03-15,13.233
2017-03-16,19.637
2017-03-17,17.219
2017-03-18,23.294
2017-03-19,17.54
2017-03-20,16.506
2017-03-21,4.623
2017-03-22,13.156
2017-03-23,13.143
2017-03-24,7.038
2017-03-25,8.909
2017-03-26,11.593
2017-03-27,8.721
2017-03-28,6.082
2017-03-29,10.2
2017-03-30,8.894
2017-03-31,9.711
2017-04-01,8.755
2017-04-02,2.846
2017-04-03,5.099
2017-04-04,4.349
2017-04-05,0.435
2017-04-06,3.165
2017-04-07,3.917
2017-04-08,4.426
2017-04-09,9.951
2017-04-10,5.709
2017-04-11,8.729
2017-04-12,2.308
2017-04-13,2.073
2017-04-14,0.945
2017-04-15,0.091
2017-04-16,0.158
2017-04-17,0.6
2017-04-18,5.981
2017-04-19,7.754
2017-04-20,5.524
2017-04-21,3.796
2017-04-22,3.529
2017-04-23,4.219
2017-04-24,2.891
2017-04-25,2.118
2017-04-26,4.69
2017-04-27,0.34
2017-04-28,1.548
2017-04-29,2.044
2017-04-30,1.626
2017-05-01,0.324
2017-05-02,0.518
2017-05-03,0.067
2017-05-04,1.988
2017-05-05,1.959
2017-05-06,5.753
2017-05-07,3.438
2017-05-08,3.793
2017-05-09,4.42
2017-05-10,3.63
2017-05-11,0.842
2017-05-12,1.005
2017-05-13,0.662
2017-05-14,3.594
2017-05-15,4.433
2017-05-16,0.859
2017-05-17,1.818
2017-05-18,0.653
2017-05-19,1.577
2017-05-20,1.859
2017-05-21,1.2
2017-05-22,0.957
2017-05-23,0.093
2017-05-24,0.006
2017-05-25,0.012
2017-05-26,0.096
2017-05-27,0.56
2017-05-28,0.221
2017-05-29,0.003
2017-05-30,0.002
2017-05-31,0.514
2017-06-01,0.062
2017-06-02,0.039
2017-06-03,0.292
2017-06-04,0.027
2017-06-05,0.018
2017-06-06,0.0
2017-06-07,0.008
2017-06-08,0.004
2017-06-09,0.005
2017-06-10,0.259
2017-06-11,1.02
2017-06-12,1.262
2017-06-13,0.354
2017-06-14,0.059
2017-06-15,0.084
2017-06-16,0.0
2017-06-17,0.578
2017-06-18,0.0
2017-06-19,0.0
2017-06-20,0.601
2017-06-21,1.61
2017-06-22,0.001
2017-06-23,0.0
2017-06-24,0.003
2017-06-25,0.0
2017-06-26,0.0
2017-06-27,0.003
2017-06-28,0.0
2017-06-29,0.142
2017-06-30,0.03
2017-07-01,0.272
2017-07-02,0.006
2017-07-03,0.04
2017-07-04,0.0
2017-07-05,0.0
2017-07-06,0.007
2017-07-07,0.004
2017-07-08,0.001
2017-07-09,0.0
2017-07-10,0.0
2017-07-11,0.0
2017-07-12,0.001
2017-07-13,0.0
2017-07-14,0.001
2017-07-15,0.002
2017-07-16,0.0
2017-07-17,0.002
2017-07-18,0.039
2017-07-19,0.0
2017-07-20,0.002
2017-07-21,0.0
2017-07-22,0.0
2017-07-23,0.002
2017-07-24,0.0
2017-07-25,0.009
2017-07-26,0.001
2017-07-27,0.0
2017-07-28,0.003
2017-07-29,0.0
2017-07-30,0.006
2017-07-31,0.0
2017-08-01,0.042
2017-08-02,0.002
2017-08-03,0.0
2017-08-04,0.002
2017-08-05,0.004
2017-08-06,0.0
2017-08-07,0.0
2017-08-08,0.0
2017-08-09,0.0
2017-08-10,0.227
2017-08-11,0.022
2017-08-12,0.034
2017-08-13,0.067
2017-08-14,0.001
2017-08-15,0.113
2017-08-16,0.004
2017-08-17,0.272
2017-08-18,0.166
2017-08-19,0.002
2017-08-20,1.04
2017-08-21,0.005
2017-08-22,0.789
2017-08-23,0.471
2017-08-24,0.022
2017-08-25,0.002
2017-08-26,0.003
2017-08-27,0.487
2017-08-28,0.512
2017-08-29,0.009
2017-08-30,0.051
2017-08-31,0.0
2017-09-01,0.029
2017-09-02,0.012
2017-09-03,0.013
2017-09-04,0.007
2017-09-05,0.0
2017-09-06,0.003
2017-09-07,0.145
2017-09-08,0.016
2017-09-09,0.499
2017-09-10,0.559
2017-09-11,0.129
2017-09-12,0.536
2017-09-13,1.014
2017-09-14,0.361
2017-09-15,0.077
2017-09-16,0.282
2017-09-17,0.699
2017-09-18,0.0
2017-09-19,0.0
2017-09-20,0.0
2017-09-21,0.014
2017-09-22,0.028
2017-09-23,0.002
2017-09-24,0.829
2017-09-25,2.098
2017-09-26,1.837
2017-09-27,0.894
2017-09-28,1.569
2017-09-29,1.168
2017-09-30,0.283
2017-10-01,0.16
2017-10-02,0.612
2017-10-03,1.309
2017-10-04,1.276
2017-10-05,0.032
2017-10-06,0.266
2017-10-07,1.287
2017-10-08,4.554
2017-10-09,0.028
2017-10-10,0.04
2017-10-11,0.023
2017-10-12,0.053
2017-10-13,0.377
2017-10-14,0.381
2017-10-15,0.726
2017-10-16,0.04
2017-10-17,0.002
2017-10-18,0.0
2017-10-19,0.088
2017-10-20,0.467
2017-10-21,0.693
2017-10-22,4.72
2017-10-23,2.874
2017-10-24,0.123
2017-10-25,0.045
2017-10-26,0.705
2017-10-27,0.782
2017-10-28,2.234
2017-10-29,2.71
2017-10-30,0.017
2017-10-31,0.0
2017-11-01,0.024
2017-11-02,0.0
2017-11-03,0.006
2017-11-04,0.0
2017-11-05,0.0
2017-11-06,0.001
2017-11-07,0.114
2017-11-08,0.024
2017-11-09,0.0
2017-11-10,0.027
2017-11-11,0.0
2017-11-12,0.023
2017-11-13,0.017
2017-11-14,0.0
2017-11-15,0.0
2017-11-16,0.0
2017-11-17,0.0
2017-11-18,0.0
2017-11-19,0.0
2017-11-20,0.0
2017-11-21,0.0
2017-11-22,2.809
2017-11-23,4.138
2017-11-24,4.827
2017-11-25,0.151
2017-11-26,1.41
2017-11-27,1.51
2017-11-28,0.36
2017-11-29,0.777
2017-11-30,0.025
2017-12-01,1.657
2017-12-02,1.703
2017-12-03,1.299
2017-12-04,1.684
2017-12-05,10.519
2017-12-06,8.728
2017-12-07,2.274
2017-12-08,1.276
2017-12-09,3.832
2017-12-10,0.587
2017-12-11,0.008
2017-12-12,0.681
2017-12-13,0.296
2017-12-14,0.647
2017-12-15,4.177
2017-12-16,1.962
2017-12-17,0.147
2017-12-18,0.083
2017-12-19,2.341
2017-12-20,0.694
2017-12-21,0.685
2017-12-22,1.737
2017-12-23,0.475
2017-12-24,0.144
2017-12-25,0.006
2017-12-26,0.154
2017-12-27,6.746
2017-12-28,7.619
2017-12-29,4.899
2017-12-30,0.894
2017-12-31,0.075
2018-01-01,0.046
2018-01-02,0.009
2018-01-03,0.13
2018-01-04,0.565
2018-01-05,7.692
2018-01-06,4.819
2018-01-07,2.417
2018-01-08,0.286
2018-01-09,6.928
2018-01-10,4.672
2018-01-11,5.146
2018-01-12,7.715
2018-01-13,2.087
2018-01-14,2.665
2018-01-15,1.75
2018-01-16,6.54
2018-01-17,11.681
2018-01-18,7.169
2018-01-19,6.165
2018-01-20,0.984
2018-01-21,2.097
2018-01-22,3.828
2018-01-23,0.667
2018-01-24,1.649
2018-01-25,2.088
2018-01-26,0.918
2018-01-27,0.802
2018-01-28,0.299
2018-01-29,0.013
2018-01-30,0.002
2018-01-31,0.008
2018-02-01,0.435
2018-02-02,0.695
2018-02-03,0.003
2018-02-04,0.165
2018-02-05,1.949
2018-02-06,5.109
2018-02-07,2.901
2018-02-08,2.139
2018-02-09,1.416
2018-02-10,1.07
2018-02-11,2.204
2018-02-12,1.583
2018-02-13,1.944
2018-02-14,5.867
2018-02-15,20.038
2018-02-16,21.03
2018-02-17,11.778
2018-02-18,17.292
2018-02-19,13.865
2018-02-20,5.519
2018-02-21,0.325
2018-02-22,0.054
2018-02-23,0.004
2018-02-24,0.005
2018-02-25,0.022
2018-02-26,3.784
2018-02-27,1.985
2018-02-28,3.519
2018-03-01,6.095
2018-03-02,5.174
2018-03-03,5.007
2018-03-04,1.925
2018-03-05,4.732
2018-03-06,3.157
2018-03-07,0.042
2018-03-08,0.088
2018-03-09,0.867
2018-03-10,0.19
2018-03-11,0.211
2018-03-12,1.822
2018-03-13,0.883
2018-03-14,0.422
2018-03-15,5.374
2018-03-16,4.501
2018-03-17,5.557
2018-03-18,7.737
2018-03-19,10.232
2018-03-20,15.884
2018-03-21,0.706
2018-03-22,10.868
2018-03-23,8.203
2018-03-24,3.443
2018-03-25,2.138
2018-03-26,4.948
2018-03-27,5.249
2018-03-28,3.693
2018-03-29,3.735
2018-03-30,2.542
2018-03-31,1.433
2018-04-01,0.543
2018-04-02,1.785
2018-04-03,8.91
2018-04-04,15.281
2018-04-05,5.082
2018-04-06,0.863
2018-04-07,6.453
2018-04-08,17.482
2018-04-09,12.702
2018-04-10,4.504
2018-04-11,0.073
2018-04-12,2.335
2018-04-13,4.541
2018-04-14,0.3
2018-04-15,0.324
2018-04-16,0.037
2018-04-17,0.086
2018-04-18,0.021
2018-04-19,0.01
2018-04-20,0.351
2018-04-21,0.248
2018-04-22,1.261
2018-04-23,5.039
2018-04-24,5.404
2018-04-25,1.786
2018-04-26,0.683
2018-04-27,2.199
2018-04-28,6.748
2018-04-29,3.637
2018-04-30,2.308
2018-05-01,0.267
2018-05-02,0.074
2018-05-03,0.26
2018-05-04,1.895
2018-05-05,0.65
2018-05-06,3.123
2018-05-07,4.662
2018-05-08,4.244
2018-05-09,1.865
2018-05-10,0.413
2018-05-11,1.009
2018-05-12,5.338
2018-05-13,3.263
2018-05-14,0.06
2018-05-15,0.736
2018-05-16,2.982
2018-05-17,3.969
2018-05-18,4.886
2018-05-19,3.037
2018-05-20,2.488
2018-05-21,4.093
2018-05-22,0.481
2018-05-23,0.515
2018-05-24,0.002
2018-05-25,0.089
2018-05-26,0.118
2018-05-27,0.498
2018-05-28,0.029
2018-05-29,0.016
2018-05-30,0.592
2018-05-31,0.697
2018-06-01,0.135
2018-06-02,0.019
2018-06-03,0.537
2018-06-04,0.041
2018-06-05,0.001
2018-06-06,0.0
2018-06-07,0.001
2018-06-08,0.0
2018-06-09,0.038
2018-06-10,0.058
2018-06-11,0.004
2018-06-12,0.537
2018-06-13,0.0
2018-06-14,0.009
2018-06-15,0.013
2018-06-16,0.0
2018-06-17,0.0
2018-06-18,0.0
2018-06-19,0.0
2018-06-20,0.0
2018-06-21,0.0
2018-06-22,0.0
2018-06-23,0.0
2018-06-24,0.016
2018-06-25,0.587
2018-06-26,0.008
2018-06-27,0.008
2018-06-28,0.0
2018-06-29,0.016
2018-06-30,0.012
2018-07-01,0.0
2018-07-02,0.0
2018-07-03,0.002
2018-07-04,0.0
2018-07-05,0.0
2018-07-06,0.009
2018-07-07,0.0
2018-07-08,0.01
2018-07-09,0.01
2018-07-10,0.009
2018-07-11,0.007
2018-07-12,0.001
2018-07-13,0.0
2018-07-14,0.0
2018-07-15,0.002
2018-07-16,0.0
2018-07-17,0.001
2018-07-18,0.0
2018-07-19,0.006
2018-07-20,0.004
2018-07-21,0.058
2018-07-22,0.003
2018-07-23,0.0
2018-07-24,0.0
2018-07-25,0.008
2018-07-26,0.0
2018-07-27,0.0
2018-07-28,0.0
2018-07-29,0.0
2018-07-30,0.006
2018-07-31,0.0
2018-08-01,0.116
2018-08-02,0.0
2018-08-03,0.0
2018-08-04,0.0
2018-08-05,0.0
2018-08-06,0.003
2018-08-07,0.007
2018-08-08,0.0
2018-08-09,0.019
2018-08-10,0.033
2018-08-11,0.0
2018-08-12,0.0
2018-08-13,0.0
2018-08-14,0.023
2018-08-15,0.143
2018-08-16,0.231
2018-08-17,0.001
2018-08-18,0.038
2018-08-19,0.002
2018-08-20,0.105
2018-08-21,0.007
2018-08-22,0.003
2018-08-23,0.005
2018-08-24,0.001
2018-08-25,0.036
2018-08-26,0.009
2018-08-27,0.01
2018-08-28,0.003
2018-08-29,0.0
2018-08-30,0.002
2018-08-31,0.0
2018-09-01,0.002
2018-09-02,0.016
2018-09-03,0.157
2018-09-04,0.019
2018-09-05,0.066
2018-09-06,0.015
2018-09-07,0.003
2018-09-08,0.0
2018-09-09,0.004
2018-09-10,0.001
2018-09-11,0.003
2018-09-12,0.005
2018-09-13,0.037
2018-09-14,0.047
2018-09-15,1.849
2018-09-16,2.309
2018-09-17,5.006
2018-09-18,0.184
2018-09-19,0.448
2018-09-20,0.002
2018-09-21,0.007
2018-09-22,0.003
2018-09-23,0.879
2018-09-24,0.347
2018-09-25,0.291
2018-09-26,3.631
2018-09-27,0.541
2018-09-28,0.01
2018-09-29,0.001
2018-09-30,1.164
2018-10-01,0.242
2018-10-02,0.413
2018-10-03,0.565
2018-10-04,0.307
2018-10-05,0.294
2018-10-06,0.152
2018-10-07,0.752
2018-10-08,0.0
2018-10-09,0.049
2018-10-10,0.0
2018-10-11,0.0
2018-10-12,0.0
2018-10-13,0.009
2018-10-14,5.509
2018-10-15,0.598
2018-10-16,0.59
2018-10-17,1.539
2018-10-18,2.351
2018-10-19,0.378
2018-10-20,0.554
2018-10-21,0.035
2018-10-22,0.11
2018-10-23,0.128
2018-10-24,0.0
2018-10-25,0.0
2018-10-26,0.0
2018-10-27,0.803
2018-10-28,0.21
2018-10-29,2.279
2018-10-30,4.931
2018-10-31,3.898
2018-11-01,1.29
2018-11-02,1.482
2018-11-03,1.131
2018-11-04,0.572
2018-11-05,0.0
2018-11-06,0.001
2018-11-07,0.303
2018-11-08,1.469
2018-11-09,1.82
2018-11-10,1.291
2018-11-11,0.79
2018-11-12,0.392
2018-11-13,0.011
2018-11-14,0.135
2018-11-15,1.641
2018-11-16,1.884
2018-11-17,0.497
2018-11-18,2.67
2018-11-19,4.661
2018-11-20,6.882
2018-11-21,6.847
2018-11-22,0.362
2018-11-23,0.566
2018-11-24,1.115
2018-11-25,1.063
2018-11-26,0.765
2018-11-27,0.0
2018-11-28,0.0
2018-11-29,0.0
2018-11-30,0.0
2018-12-01,0.0
2018-12-02,0.0
2018-12-03,0.0
2018-12-04,0.0
2018-12-05,0.0
2018-12-06,1.126
2018-12-07,0.667
2018-12-08,2.187
2018-12-09,0.854
2018-12-10,1.29
2018-12-11,2.415
2018-12-12,0.394
2018-12-13,0.681
2018-12-14,5.178
2018-12-15,3.972
2018-12-16,1.66
2018-12-17,5.219
2018-12-18,7.367
2018-12-19,11.086
2018-12-20,12.929
2018-12-21,17.553
2018-12-22,10.574
2018-12-23,2.732
2018-12-24,2.264
2018-12-25,1.731
2018-12-26,0.778
2018-12-27,0.163
2018-12-28,0.136
2018-12-29,0.507
2018-12-30,0.0
2018-12-31,0.0
2019-01-01,0.001
2019-01-02,0.003
2019-01-03,0.001
2019-01-04,0.828
2019-01-05,1.853
2019-01-06,2.027
2019-01-07,2.39
2019-01-08,1.328
2019-01-09,0.556
2019-01-10,1.01
2019-01-11,0.45
2019-01-12,0.002
2019-01-13,0.025
2019-01-14,0.927
2019-01-15,8.8
2019-01-16,3.846
2019-01-17,4.673
2019-01-18,2.058
2019-01-19,2.295
2019-01-20,0.271
2019-01-21,1.155
2019-01-22,0.259
2019-01-23,0.968
2019-01-24,3.38
2019-01-25,5.838
2019-01-26,0.842
2019-01-27,2.793
2019-01-28,2.597
2019-01-29,2.572
2019-01-30,0.23
2019-01-31,6.109
2019-02-01,1.909
2019-02-02,2.959
2019-02-03,9.807
2019-02-04,3.819
2019-02-05,1.114
2019-02-06,11.514
2019-02-07,4.515
2019-02-08,7.172
2019-02-09,12.317
2019-02-10,2.701
2019-02-11,9.147
2019-02-12,10.661
2019-02-13,7.772
2019-02-14,9.337
2019-02-15,4.483
2019-02-16,4.85
2019-02-17,7.973
2019-02-18,12.428
2019-02-19,18.793
2019-02-20,12.716
2019-02-21,9.231
2019-02-22,7.257
2019-02-23,6.441
2019-02-24,11.3
2019-02-25,17.121
2019-02-26,2.052
2019-02-27,0.886
2019-02-28,3.399
2019-03-01,10.114
2019-03-02,6.508
2019-03-03,5.904
2019-03-04,1.511
2019-03-05,6.781
2019-03-06,5.263
2019-03-07,2.956
2019-03-08,2.998
2019-03-09,0.725
2019-03-10,1.66
2019-03-11,4.937
2019-03-12,12.093
2019-03-13,15.679
2019-03-14,13.471
2019-03-15,7.688
2019-03-16,2.654
2019-03-17,7.99
2019-03-18,8.198
2019-03-19,6.588
2019-03-20,7.867
2019-03-21,8.775
2019-03-22,3.849
2019-03-23,9.73
2019-03-24,5.762
2019-03-25,1.978
2019-03-26,1.585
2019-03-27,2.015
2019-03-28,3.141
2019-03-29,1.95
2019-03-30,0.095
2019-03-31,0.069
2019-04-01,12.726
2019-04-02,15.168
2019-04-03,7.126
2019-04-04,0.125
2019-04-05,0.14
2019-04-06,1.209
2019-04-07,0.504
2019-04-08,3.692
2019-04-09,1.534
2019-04-10,1.228
2019-04-11,0.453
2019-04-12,0.215
2019-04-13,1.094
2019-04-14,1.807
2019-04-15,3.216
2019-04-16,0.776
2019-04-17,1.193
2019-04-18,0.181
2019-04-19,3.878
2019-04-20,1.303
2019-04-21,6.775
2019-04-22,5.1
2019-04-23,3.058
2019-04-24,2.223
2019-04-25,0.332
2019-04-26,0.272
2019-04-27,1.669
2019-04-28,0.288
2019-04-29,0.726
2019-04-30,0.801
2019-05-01,0.648
2019-05-02,0.287
2019-05-03,0.934
2019-05-04,0.706
2019-05-05,0.617
2019-05-06,0.013
2019-05-07,0.0
2019-05-08,0.067
2019-05-09,0.142
2019-05-10,0.85
2019-05-11,0.124
2019-05-12,1.587
2019-05-13,7.287
2019-05-14,0.534
2019-05-15,0.397
2019-05-16,0.186
2019-05-17,0.075
2019-05-18,0.012
2019-05-19,0.092
2019-05-20,0.097
2019-05-21,0.184
2019-05-22,0.558
2019-05-23,1.157
2019-05-24,0.385
2019-05-25,1.68
2019-05-26,0.676
2019-05-27,0.005
2019-05-28,0.026
2019-05-29,0.001
2019-05-30,0.005
2019-05-31,0.0
2019-06-01,0.06
2019-06-02,0.052
2019-06-03,0.193
2019-06-04,0.015
2019-06-05,0.022
2019-06-06,0.0
2019-06-07,0.056
2019-06-08,0.007
2019-06-09,0.115
2019-06-10,0.016
2019-06-11,0.372
2019-06-12,0.0
2019-06-13,0.001
2019-06-14,0.024
2019-06-15,0.169
2019-06-16,0.288
2019-06-17,0.0
2019-06-18,0.0
2019-06-19,0.0
2019-06-20,0.0
2019-06-21,0.0
2019-06-22,0.0
2019-06-23,0.0
2019-06-24,0.145
2019-06-25,0.001
2019-06-26,0.001
2019-06-27,0.022
2019-06-28,0.109
2019-06-29,0.37
2019-06-30,0.008
2019-07-01,0.001
2019-07-02,0.0
2019-07-03,0.0
2019-07-04,0.0
2019-07-05,0.659
2019-07-06,0.892
2019-07-07,1.399
2019-07-08,0.004
2019-07-09,0.0
2019-07-10,0.0
2019-07-11,0.01
2019-07-12,0.102
2019-07-13,0.168
2019-07-14,1.188
2019-07-15,0.047
2019-07-16,0.033
2019-07-17,0.017
2019-07-18,0.004
2019-07-19,0.0
2019-07-20,0.0
2019-07-21,0.0
2019-07-22,0.379
2019-07-23,0.063
2019-07-24,0.346
2019-07-25,0.271
2019-07-26,0.041
2019-07-27,0.004
2019-07-28,0.0
2019-07-29,0.0
2019-07-30,0.0
2019-07-31,0.0
2019-08-01,0.0
2019-08-02,0.0
2019-08-03,0.0
2019-08-04,0.0
2019-08-05,0.0
2019-08-06,0.0
2019-08-07,0.0
2019-08-08,0.001
2019-08-09,0.0
2019-08-10,0.0
2019-08-11,0.0
2019-08-12,0.001
2019-08-13,0.008
2019-08-14,0.163
2019-08-15,0.006
2019-08-16,0.0
2019-08-17,0.0
2019-08-18,0.0
2019-08-19,0.005
2019-08-20,0.095
2019-08-21,0.015
2019-08-22,0.0
2019-08-23,0.0
2019-08-24,0.001
2019-08-25,0.006
2019-08-26,0.005
2019-08-27,0.003
2019-08-28,0.002
2019-08-29,0.0
2019-08-30,0.001
2019-08-31,0.0
2019-09-01,0.009
2019-09-02,0.002
2019-09-03,0.005
2019-09-04,0.002
2019-09-05,0.003
2019-09-06,0.015
2019-09-07,0.004
2019-09-08,0.024
2019-09-09,0.0
2019-09-10,0.0
2019-09-11,0.001
2019-09-12,0.071
2019-09-13,0.001
2019-09-14,0.002
2019-09-15,0.002
2019-09-16,0.013
2019-09-17,0.039
2019-09-18,0.196
2019-09-19,1.242
2019-09-20,5.566
2019-09-21,2.903
2019-09-22,2.421
2019-09-23,3.896
2019-09-24,0.379
2019-09-25,0.14
2019-09-26,0.005
2019-09-27,0.119
2019-09-28,0.435
2019-09-29,0.105
2019-09-30,0.028
2019-10-01,0.003
2019-10-02,0.371
2019-10-03,2.1
2019-10-04,1.787
2019-10-05,0.111
2019-10-06,1.129
2019-10-07,1.923
2019-10-08,3.932
2019-10-09,0.845
2019-10-10,0.032
2019-10-11,0.0
2019-10-12,0.002
2019-10-13,0.166
2019-10-14,1.098
2019-10-15,0.939
2019-10-16,2.461
2019-10-17,7.476
2019-10-18,4.18
2019-10-19,2.885
2019-10-20,0.692
2019-10-21,3.562
2019-10-22,0.321
2019-10-23,0.158
2019-10-24,0.007
2019-10-25,0.031
2019-10-26,0.025
2019-10-27,0.4
2019-10-28,3.906
2019-10-29,2.319
2019-10-30,2.211
2019-10-31,4.398
2019-11-01,7.072
2019-11-02,0.416
2019-11-03,2.561
2019-11-04,2.126
2019-11-05,5.348
2019-11-06,2.497
2019-11-07,0.137
2019-11-08,0.794
2019-11-09,1.295
2019-11-10,1.499
2019-11-11,1.492
2019-11-12,0.328
2019-11-13,0.3
2019-11-14,0.651
2019-11-15,0.415
2019-11-16,0.013
2019-11-17,0.135
2019-11-18,0.0
2019-11-19,0.185
2019-11-20,1.768
2019-11-21,0.098
2019-11-22,0.015
2019-11-23,0.944
2019-11-24,0.247
2019-11-25,0.462
2019-11-26,0.009
2019-11-27,0.168
2019-11-28,0.884
2019-11-29,0.004
2019-11-30,2.746
2019-12-01,9.722
2019-12-02,1.599
2019-12-03,4.915
2019-12-04,8.022
2019-12-05,4.249
2019-12-06,3.045
2019-12-07,0.421
2019-12-08,0.001
2019-12-09,0.669
2019-12-10,5.455
2019-12-11,6.23
2019-12-12,2.038
2019-12-13,0.015
2019-12-14,0.003
2019-12-15,4.042
2019-12-16,7.176
2019-12-17,12.131
2019-12-18,10.805
2019-12-19,9.368
2019-12-20,10.172
2019-12-21,3.196
2019-12-22,1.651
2019-12-23,0.566
2019-12-24,1.898
2019-12-25,2.372
2019-12-26,0.372
2019-12-27,3.851
2019-12-28,9.269
2019-12-29,5.459
2019-12-30,2.443
2019-12-31,0.145
2020-01-01,1.224
2020-01-02,1.007
2020-01-03,0.43
2020-01-04,0.528
2020-01-05,0.195
2020-01-06,0.002
2020-01-07,0.0
2020-01-08,0.332
2020-01-09,0.0
2020-01-10,0.0
2020-01-11,0.343
2020-01-12,0.421
2020-01-13,0.013
2020-01-14,0.136
2020-01-15,0.034
2020-01-16,0.179
2020-01-17,0.011
2020-01-18,0.017
2020-01-19,0.143
2020-01-20,2.128
2020-01-21,0.456
2020-01-22,1.832
2020-01-23,0.552
2020-01-24,9.285
2020-01-25,9.004
2020-01-26,0.849
2020-01-27,1.09
2020-01-28,2.176
2020-01-29,0.498
2020-01-30,0.411
2020-01-31,2.18
2020-02-01,5.658
2020-02-02,5.931
2020-02-03,3.64
2020-02-04,3.077
2020-02-05,3.235
2020-02-06,1.2
2020-02-07,3.217
2020-02-08,1.487
2020-02-09,4.041
2020-02-10,1.021
2020-02-11,0.275
2020-02-12,0.135
2020-02-13,2.425
2020-02-14,0.48
2020-02-15,0.674
2020-02-16,0.652
2020-02-17,0.016
2020-02-18,0.006
2020-02-19,0.282
2020-02-20,0.516
2020-02-21,0.268
2020-02-22,1.108
2020-02-23,3.393
2020-02-24,1.85
2020-02-25,1.803
2020-02-26,0.13
2020-02-27,0.126
2020-02-28,0.577
2020-02-29,4.144
2020-03-01,18.793
2020-03-02,14.073
2020-03-03,3.235
2020-03-04,1.742
2020-03-05,0.91
2020-03-06,1.192
2020-03-07,1.316
2020-03-08,1.216
2020-03-09,4.095
2020-03-10,2.638
2020-03-11,1.759
2020-03-12,3.569
2020-03-13,1.2
2020-03-14,1.708
2020-03-15,0.079
2020-03-16,2.195
2020-03-17,4.329
2020-03-18,9.369
2020-03-19,3.195
2020-03-20,1.123
2020-03-21,0.068
2020-03-22,0.169
2020-03-23,0.125
2020-03-24,0.579
2020-03-25,0.969
2020-03-26,2.227
2020-03-27,6.027
2020-03-28,1.244
2020-03-29,2.253
2020-03-30,5.258
2020-03-31,13.892
2020-04-01,7.317
2020-04-02,0.719
2020-04-03,0.061
2020-04-04,0.006
2020-04-05,2.068
2020-04-06,1.364
2020-04-07,0.022
2020-04-08,3.546
2020-04-09,0.388
2020-04-10,4.314
2020-04-11,10.024
2020-04-12,7.663
2020-04-13,6.427
2020-04-14,0.966
2020-04-15,1.134
2020-04-16,0.059
2020-04-17,2.384
2020-04-18,3.141
2020-04-19,0.209
2020-04-20,0.273
2020-04-21,0.201
2020-04-22,0.029
2020-04-23,0.228
2020-04-24,0.514
2020-04-25,1.134
2020-04-26,1.35
2020-04-27,0.684
2020-04-28,0.026
2020-04-29,0.856
2020-04-30,0.279
2020-05-01,0.561
2020-05-02,0.43
2020-05-03,4.085
2020-05-04,5.397
2020-05-05,0.438
2020-05-06,0.233
2020-05-07,0.248
2020-05-08,0.038
2020-05-09,0.184
2020-05-10,0.352
2020-05-11,0.166
2020-05-12,0.253
2020-05-13,0.195
2020-05-14,0.084
2020-05-15,0.056
2020-05-16,0.251
2020-05-17,0.525
2020-05-18,0.374
2020-05-19,0.061
2020-05-20,0.004
2020-05-21,0.002
2020-05-22,0.004
2020-05-23,0.003
2020-05-24,0.295
2020-05-25,0.02
2020-05-26,0.007
2020-05-27,0.005
2020-05-28,0.035
2020-05-29,0.004
2020-05-30,0.082
2020-05-31,0.183
2020-06-01,1.486
2020-06-02,0.215
2020-06-03,0.016
2020-06-04,0.003
2020-06-05,1.682
2020-06-06,1.439
2020-06-07,0.014
2020-06-08,0.17
2020-06-09,0.293
2020-06-10,0.434
2020-06-11,0.0
2020-06-12,0.0
2020-06-13,0.0
2020-06-14,0.0
2020-06-15,0.021
2020-06-16,0.0
2020-06-17,0.03
2020-06-18,0.0
2020-06-19,0.0
2020-06-20,0.014
2020-06-21,0.001
2020-06-22,0.0
2020-06-23,0.0
2020-06-24,0.427
2020-06-25,0.0
2020-06-26,0.055
2020-06-27,0.003
2020-06-28,0.002
2020-06-29,0.016
2020-06-30,0.067
2020-07-01,0.008
2020-07-02,0.052
2020-07-03,0.345
2020-07-04,0.798
2020-07-05,1.495
2020-07-06,1.007
2020-07-07,0.539
2020-07-08,0.822
2020-07-09,1.701
2020-07-10,0.684
2020-07-11,0.167
2020-07-12,0.008
2020-07-13,0.001
2020-07-14,0.003
2020-07-15,0.001
2020-07-16,0.004
2020-07-17,0.0
2020-07-18,0.0
2020-07-19,0.0
2020-07-20,0.0
2020-07-21,0.0
2020-07-22,0.0
2020-07-23,0.032
2020-07-24,0.002
2020-07-25,0.096
2020-07-26,0.334
2020-07-27,0.006
2020-07-28,0.0
2020-07-29,0.001
2020-07-30,0.018
2020-07-31,0.0
2020-08-01,0.0
2020-08-02,0.0
2020-08-03,0.001
2020-08-04,0.001
2020-08-05,0.0
2020-08-06,0.0
2020-08-07,0.0
2020-08-08,0.0
2020-08-09,0.0
2020-08-10,0.0
2020-08-11,0.001
2020-08-12,0.0
2020-08-13,0.0
2020-08-14,0.009
2020-08-15,0.122
2020-08-16,0.37
2020-08-17,0.015
2020-08-18,0.007
2020-08-19,0.229
2020-08-20,0.386
2020-08-21,0.166
2020-08-22,0.013
2020-08-23,0.002
2020-08-24,0.0
2020-08-25,0.001
2020-08-26,0.0
2020-08-27,0.0
2020-08-28,0.0
2020-08-29,0.001
2020-08-30,0.138
2020-08-31,0.155
2020-09-01,0.007
2020-09-02,0.001
2020-09-03,0.422
2020-09-04,0.034
2020-09-05,0.038
2020-09-06,0.002
2020-09-07,0.01
2020-09-08,0.077
2020-09-09,0.003
2020-09-10,0.0
2020-09-11,0.011
2020-09-12,0.012
2020-09-13,0.004
2020-09-14,0.014
2020-09-15,0.147
2020-09-16,0.318
2020-09-17,0.001
2020-09-18,0.053
2020-09-19,0.017
2020-09-20,0.001
2020-09-21,0.177
2020-09-22,1.173
2020-09-23,0.386
2020-09-24,0.002
2020-09-25,0.174
2020-09-26,0.5
2020-09-27,0.533
2020-09-28,0.685
2020-09-29,1.056
2020-09-30,1.177
2020-10-01,0.199
2020-10-02,0.116
2020-10-03,0.59
2020-10-04,0.004
2020-10-05,0.0
2020-10-06,0.003
2020-10-07,0.05
2020-10-08,0.188
2020-10-09,0.001
2020-10-10,0.007
2020-10-11,0.0
2020-10-12,0.0
2020-10-13,0.0
2020-10-14,0.033
2020-10-15,0.014
2020-10-16,0.0
2020-10-17,0.011
2020-10-18,0.322
2020-10-19,1.174
2020-10-20,2.719
2020-10-21,0.139
2020-10-22,0.617
2020-10-23,4.252
2020-10-24,1.582
2020-10-25,1.834
2020-10-26,1.124
2020-10-27,1.463
2020-10-28,0.449
2020-10-29,0.011
2020-10-30,0.002
2020-10-31,0.078
2020-11-01,0.0
2020-11-02,0.0
2020-11-03,0.0
2020-11-04,0.0
2020-11-05,0.025
2020-11-06,0.144
2020-11-07,0.0
2020-11-08,0.0
2020-11-09,0.0
2020-11-10,0.0
2020-11-11,0.3
2020-11-12,0.253
2020-11-13,0.494
2020-11-14,0.434
2020-11-15,0.148
2020-11-16,0.467
2020-11-17,1.577
2020-11-18,2.783
2020-11-19,1.82
2020-11-20,4.405
2020-11-21,0.246
2020-11-22,0.591
2020-11-23,0.113
2020-11-24,0.073
2020-11-25,0.193
2020-11-26,1.459
2020-11-27,2.838
2020-11-28,2.71
2020-11-29,2.248
2020-11-30,4.406
2020-12-01,7.404
2020-12-02,2.312
2020-12-03,5.785
2020-12-04,14.048
2020-12-05,7.984
2020-12-06,12.025
2020-12-07,18.398
2020-12-08,13.761
2020-12-09,15.965
2020-12-10,4.832
2020-12-11,4.332
2020-12-12,7.741
2020-12-13,5.845
2020-12-14,7.47
2020-12-15,10.638
2020-12-16,8.083
2020-12-17,2.308
2020-12-18,7.221
2020-12-19,2.503
2020-12-20,4.044
2020-12-21,6.324
2020-12-22,2.931
2020-12-23,2.541
2020-12-24,1.232
2020-12-25,0.495
2020-12-26,2.094
2020-12-27,1.549
2020-12-28,1.231
2020-12-29,0.173
2020-12-30,0.43
2020-12-31,0.038
2021-01-01,3.806
2021-01-02,3.486
2021-01-03,1.305
2021-01-04,0.922
2021-01-05,0.134
2021-01-06,0.01
2021-01-07,1.513
2021-01-08,2.395
2021-01-09,4.594
2021-01-10,0.448
2021-01-11,0.664
2021-01-12,5.051
2021-01-13,3.758
2021-01-14,9.38
2021-01-15,6.795
2021-01-16,3.965
2021-01-17,1.203
2021-01-18,4.001
2021-01-19,3.689
2021-01-20,8.164
2021-01-21,5.795
2021-01-22,2.855
2021-01-23,0.836
2021-01-24,2.357
2021-01-25,2.908
2021-01-26,5.249
2021-01-27,5.866
2021-01-28,5.973
2021-01-29,3.96
2021-01-30,1.004
2021-01-31,0.034
2021-02-01,0.659
2021-02-02,1.369
2021-02-03,1.74
2021-02-04,6.822
2021-02-05,6.937
2021-02-06,2.082
2021-02-07,3.299
2021-02-08,4.654
2021-02-09,0.457
2021-02-10,0.07
2021-02-11,0.091
2021-02-12,0.013
2021-02-13,0.018
2021-02-14,0.149
2021-02-15,0.074
2021-02-16,0.548
2021-02-17,0.03
2021-02-18,0.0
2021-02-19,0.0
2021-02-20,0.004
2021-02-21,0.013
2021-02-22,0.918
2021-02-23,4.805
2021-02-24,0.167
2021-02-25,3.687
2021-02-26,0.041
2021-02-27,3.003
2021-02-28,9.387
2021-03-01,2.754
2021-03-02,7.507
2021-03-03,3.769
2021-03-04,5.398
2021-03-05,2.785
2021-03-06,6.324
2021-03-07,21.25
2021-03-08,25.869
2021-03-09,28.25
2021-03-10,20.706
2021-03-11,5.204
2021-03-12,1.221
2021-03-13,0.0
2021-03-14,0.521
2021-03-15,2.769
2021-03-16,8.69
2021-03-17,8.781
2021-03-18,13.009
2021-03-19,2.073
2021-03-20,0.186
2021-03-21,1.243
2021-03-22,3.021
2021-03-23,6.196
2021-03-24,2.09
2021-03-25,2.442
2021-03-26,2.947
2021-03-27,3.708
2021-03-28,0.906
2021-03-29,3.491
2021-03-30,1.794
2021-03-31,6.063
2021-04-01,4.808
2021-04-02,3.022
2021-04-03,6.09
2021-04-04,2.59
2021-04-05,5.309
2021-04-06,6.45
2021-04-07,4.06
2021-04-08,4.335
2021-04-09,5.269
2021-04-10,5.725
2021-04-11,4.304
2021-04-12,1.121
2021-04-13,0.924
2021-04-14,3.212
2021-04-15,0.809
2021-04-16,6.372
2021-04-17,1.752
2021-04-18,5.931
2021-04-19,3.349
2021-04-20,2.704
2021-04-21,2.368
2021-04-22,1.565
2021-04-23,3.977
2021-04-24,0.573
2021-04-25,2.406
2021-04-26,9.301
2021-04-27,0.386
2021-04-28,0.736
2021-04-29,1.134
2021-04-30,3.632
2021-05-01,1.641
2021-05-02,1.113
2021-05-03,6.115
2021-05-04,1.055
2021-05-05,3.544
2021-05-06,1.86
2021-05-07,1.407
2021-05-08,0.162
2021-05-09,0.0
2021-05-10,0.0
2021-05-11,0.004
2021-05-12,0.001
2021-05-13,0.0
2021-05-14,0.55
2021-05-15,1.968
2021-05-16,1.164
2021-05-17,5.032
2021-05-18,1.605
2021-05-19,0.324
2021-05-20,0.053
2021-05-21,0.086
2021-05-22,0.986
2021-05-23,0.782
2021-05-24,0.136
2021-05-25,0.003
2021-05-26,0.036
2021-05-27,0.047
2021-05-28,0.1
2021-05-29,0.04
2021-05-30,0.066
2021-05-31,0.242
2021-06-01,0.0
2021-06-02,0.062
2021-06-03,0.004
2021-06-04,0.318
2021-06-05,0.004
2021-06-06,2.091
2021-06-07,3.908
2021-06-08,2.794
2021-06-09,0.729
2021-06-10,0.572
2021-06-11,0.057
2021-06-12,0.082
2021-06-13,3.007
2021-06-14,0.022
2021-06-15,0.056
2021-06-16,0.018
2021-06-17,0.016
2021-06-18,0.493
2021-06-19,0.313
2021-06-20,0.614
2021-06-21,0.003
2021-06-22,0.08
2021-06-23,0.0
2021-06-24,0.0
2021-06-25,0.001
2021-06-26,0.049
2021-06-27,0.373
2021-06-28,0.352
2021-06-29,0.986
2021-06-30,1.136
2021-07-01,0.001
2021-07-02,0.001
2021-07-03,0.0
2021-07-04,0.0
2021-07-05,0.0
2021-07-06,0.0
2021-07-07,0.0
2021-07-08,0.0
2021-07-09,0.006
2021-07-10,0.013
2021-07-11,0.002
2021-07-12,0.474
2021-07-13,0.004
2021-07-14,0.0
2021-07-15,0.0
2021-07-16,0.137
2021-07-17,1.315
2021-07-18,0.129
2021-07-19,0.001
2021-07-20,0.0
2021-07-21,0.0
2021-07-22,0.0
2021-07-23,0.001
2021-07-24,0.001
2021-07-25,0.001
2021-07-26,0.0
2021-07-27,0.014
2021-07-28,0.0
2021-07-29,0.002
2021-07-30,0.0
2021-07-31,0.0
2021-08-01,0.0
2021-08-02,0.0
2021-08-03,0.0
2021-08-04,0.0
2021-08-05,0.0
2021-08-06,0.0
2021-08-07,0.0
2021-08-08,0.0
2021-08-09,0.0
2021-08-10,0.028
2021-08-11,0.067
2021-08-12,0.006
2021-08-13,0.001
2021-08-14,0.434
2021-08-15,0.51
2021-08-16,0.285
2021-08-17,0.169
2021-08-18,0.004
2021-08-19,0.36
2021-08-20,0.337
2021-08-21,0.003
2021-08-22,0.221
2021-08-23,0.394
2021-08-24,0.519
2021-08-25,0.768
2021-08-26,0.104
2021-08-27,0.048
2021-08-28,0.837
2021-08-29,1.785
2021-08-30,2.477
2021-08-31,0.711
2021-09-01,0.11
2021-09-02,0.121
2021-09-03,1.665
2021-09-04,0.243
2021-09-05,0.827
2021-09-06,0.045
2021-09-07,0.289
2021-09-08,2.071
2021-09-09,0.262
2021-09-10,0.824
2021-09-11,1.161
2021-09-12,0.049
2021-09-13,0.031
2021-09-14,0.726
2021-09-15,0.032
2021-09-16,1.187
2021-09-17,0.629
2021-09-18,1.032
2021-09-19,0.484
2021-09-20,0.36
2021-09-21,0.013
2021-09-22,0.011
2021-09-23,0.002
2021-09-24,0.002
2021-09-25,0.002
2021-09-26,0.003
2021-09-27,0.003
2021-09-28,0.004
2021-09-29,0.491
2021-09-30,0.3
2021-10-01,1.815
2021-10-02,1.594
2021-10-03,2.475
2021-10-04,3.409
2021-10-05,2.536
2021-10-06,3.377
2021-10-07,0.855
2021-10-08,4.81
2021-10-09,1.483
2021-10-10,2.039
2021-10-11,0.359
2021-10-12,0.766
2021-10-13,0.249
2021-10-14,4.206
2021-10-15,2.96
2021-10-16,7.894
2021-10-17,4.384
2021-10-18,8.006
2021-10-19,16.243
2021-10-20,2.413
2021-10-21,2.097
2021-10-22,3.777
2021-10-23,0.764
2021-10-24,0.107
2021-10-25,0.277
2021-10-26,2.33
2021-10-27,1.518
2021-10-28,0.272
2021-10-29,0.927
2021-10-30,0.333
2021-10-31,1.497
2021-11-01,0.454
2021-11-02,0.644
2021-11-03,0.269
2021-11-04,1.013
2021-11-05,2.478
2021-11-06,1.787
2021-11-07,1.22
2021-11-08,1.138
2021-11-09,0.0
2021-11-10,0.0
2021-11-11,0.166
2021-11-12,0.325
2021-11-13,0.0
2021-11-14,0.161
2021-11-15,0.471
2021-11-16,1.747
2021-11-17,0.026
2021-11-18,0.0
2021-11-19,0.031
2021-11-20,0.003
2021-11-21,0.504
2021-11-22,1.444
2021-11-23,8.483
2021-11-24,1.99
2021-11-25,8.963
2021-11-26,8.356
2021-11-27,4.24
2021-11-28,3.323
2021-11-29,2.366
2021-11-30,0.957
2021-12-01,0.006
2021-12-02,1.198
2021-12-03,2.698
2021-12-04,5.874
2021-12-05,6.238
2021-12-06,7.561
2021-12-07,3.685
2021-12-08,3.173
2021-12-09,7.3
2021-12-10,12.922
2021-12-11,0.981
2021-12-12,0.12
2021-12-13,0.0
2021-12-14,0.016
2021-12-15,0.408
2021-12-16,1.487
2021-12-17,1.161
2021-12-18,3.929
2021-12-19,4.746
2021-12-20,1.043
2021-12-21,0.947
2021-12-22,0.046
2021-12-23,0.893
2021-12-24,0.001
2021-12-25,0.074
2021-12-26,0.003
2021-12-27,0.019
2021-12-28,0.564
2021-12-29,1.34
2021-12-30,3.666
2021-12-31,5.07
2022-01-01,2.02
2022-01-02,0.404
2022-01-03,0.091
2022-01-04,0.212
2022-01-05,0.003
2022-01-06,0.021
2022-01-07,0.441
2022-01-08,0.281
2022-01-09,0.16
2022-01-10,0.0
2022-01-11,0.0
2022-01-12,0.001
2022-01-13,0.802
2022-01-14,0.508
2022-01-15,1.676
2022-01-16,0.305
2022-01-17,2.756
2022-01-18,4.122
2022-01-19,1.111
2022-01-20,1.742
2022-01-21,2.863
2022-01-22,5.162
2022-01-23,2.205
2022-01-24,3.672
2022-01-25,10.471
2022-01-26,17.028
2022-01-27,2.346
2022-01-28,1.499
2022-01-29,0.288
2022-01-30,0.024
2022-01-31,0.082
2022-02-01,0.0
2022-02-02,0.0
2022-02-03,0.9
2022-02-04,1.006
2022-02-05,2.187
2022-02-06,1.749
2022-02-07,14.94
2022-02-08,10.81
2022-02-09,14.029
2022-02-10,15.013
2022-02-11,5.836
2022-02-12,7.798
2022-02-13,9.121
2022-02-14,4.552
2022-02-15,1.208
2022-02-16,12.323
2022-02-17,7.452
2022-02-18,3.17
2022-02-19,0.041
2022-02-20,0.002
2022-02-21,0.002
2022-02-22,1.165
2022-02-23,3.246
2022-02-24,4.536
2022-02-25,6.907
2022-02-26,5.735
2022-02-27,5.58
2022-02-28,4.489
2022-03-01,8.264
2022-03-02,22.237
2022-03-03,12.427
2022-03-04,11.472
2022-03-05,4.047
2022-03-06,0.471
2022-03-07,0.447
2022-03-08,3.286
2022-03-09,0.463
2022-03-10,0.182
2022-03-11,0.733
2022-03-12,3.042
2022-03-13,3.03
2022-03-14,7.181
2022-03-15,2.857
2022-03-16,0.784
2022-03-17,0.025
2022-03-18,0.328
2022-03-19,2.181
2022-03-20,2.741
2022-03-21,8.801
2022-03-22,2.441
2022-03-23,2.125
2022-03-24,7.341
2022-03-25,4.689
2022-03-26,3.844
2022-03-27,11.637
2022-03-28,6.255
2022-03-29,4.1
2022-03-30,4.972
2022-03-31,15.286
2022-04-01,17.063
2022-04-02,8.977
2022-04-03,9.501
2022-04-04,12.734
2022-04-05,5.329
2022-04-06,1.064
2022-04-07,0.591
2022-04-08,2.643
2022-04-09,2.546
2022-04-10,2.284
2022-04-11,3.761
2022-04-12,3.004
2022-04-13,1.207
2022-04-14,0.842
2022-04-15,3.006
2022-04-16,0.173
2022-04-17,0.059
2022-04-18,0.072
2022-04-19,1.16
2022-04-20,2.292
2022-04-21,4.413
2022-04-22,3.169
2022-04-23,0.484
2022-04-24,3.553
2022-04-25,2.487
2022-04-26,1.471
2022-04-27,0.072
2022-04-28,2.179
2022-04-29,0.022
2022-04-30,0.0
2022-05-01,0.46
2022-05-02,0.086
2022-05-03,0.008
2022-05-04,1.362
2022-05-05,2.788
2022-05-06,0.946
2022-05-07,0.004
2022-05-08,0.221
2022-05-09,0.007
2022-05-10,0.228
2022-05-11,1.254
2022-05-12,1.106
2022-05-13,0.32
2022-05-14,1.404
2022-05-15,0.995
2022-05-16,3.12
2022-05-17,0.739
2022-05-18,1.961
2022-05-19,1.039
2022-05-20,0.039
2022-05-21,0.029
2022-05-22,0.006
2022-05-23,0.012
2022-05-24,0.068
2022-05-25,0.273
2022-05-26,0.039
2022-05-27,0.253
2022-05-28,0.464
2022-05-29,0.499
2022-05-30,0.601
2022-05-31,0.008
2022-06-01,0.3
2022-06-02,0.736
2022-06-03,1.824
2022-06-04,1.41
2022-06-05,1.865
2022-06-06,0.167
2022-06-07,1.477
2022-06-08,0.638
2022-06-09,0.43
2022-06-10,1.91
2022-06-11,0.154
2022-06-12,0.0
2022-06-13,0.0
2022-06-14,0.0
2022-06-15,0.0
2022-06-16,0.005
2022-06-17,0.026
2022-06-18,0.388
2022-06-19,0.175
2022-06-20,0.03
2022-06-21,0.0
2022-06-22,0.0
2022-06-23,0.001
2022-06-24,1.059
2022-06-25,0.005
2022-06-26,0.008
2022-06-27,0.005
2022-06-28,0.001
2022-06-29,0.0
2022-06-30,0.006
2022-07-01,0.0
2022-07-02,0.051
2022-07-03,0.021
2022-07-04,0.002
2022-07-05,0.003
2022-07-06,0.0
2022-07-07,0.0
2022-07-08,0.647
2022-07-09,0.006
2022-07-10,0.025
2022-07-11,0.219
2022-07-12,0.204
2022-07-13,0.114
2022-07-14,0.004
2022-07-15,0.001
2022-07-16,0.169
2022-07-17,0.47
2022-07-18,0.005
2022-07-19,0.0
2022-07-20,0.0
2022-07-21,0.0
2022-07-22,0.0
2022-07-23,0.001
2022-07-24,0.013
2022-07-25,1.99
2022-07-26,0.746
2022-07-27,0.283
2022-07-28,0.007
2022-07-29,0.0
2022-07-30,0.019
2022-07-31,0.043
2022-08-01,0.0
2022-08-02,0.0
2022-08-03,0.193
2022-08-04,1.05
2022-08-05,0.352
2022-08-06,0.494
2022-08-07,0.124
2022-08-08,0.106
2022-08-09,0.264
2022-08-10,0.663
2022-08-11,0.0
2022-08-12,0.0
2022-08-13,0.0
2022-08-14,0.0
2022-08-15,0.014
2022-08-16,0.008
2022-08-17,0.086
2022-08-18,0.151
2022-08-19,0.354
2022-08-20,0.004
2022-08-21,0.008
2022-08-22,0.003
2022-08-23,0.001
2022-08-24,0.0
2022-08-25,0.001
2022-08-26,0.0
2022-08-27,0.0
2022-08-28,0.041
2022-08-29,0.004
2022-08-30,0.0
2022-08-31,0.0
2022-09-01,0.0
2022-09-02,0.02
2022-09-03,0.004
2022-09-04,0.01
2022-09-05,0.008
2022-09-06,0.0
2022-09-07,0.003
2022-09-08,0.005
2022-09-09,0.0
2022-09-10,0.004
2022-09-11,0.075
2022-09-12,1.201
2022-09-13,0.495
2022-09-14,0.157
2022-09-15,1.815
2022-09-16,4.906
2022-09-17,2.007
2022-09-18,1.231
2022-09-19,0.241
2022-09-20,0.235
2022-09-21,1.772
2022-09-22,0.118
2022-09-23,0.23
2022-09-24,1.317
2022-09-25,6.376
2022-09-26,2.399
2022-09-27,0.65
2022-09-28,1.461
2022-09-29,0.965
2022-09-30,3.358
2022-10-01,0.034
2022-10-02,0.006
2022-10-03,0.003
2022-10-04,0.529
2022-10-05,0.113
2022-10-06,0.14
2022-10-07,0.651
2022-10-08,0.092
2022-10-09,0.799
2022-10-10,0.123
2022-10-11,0.34
2022-10-12,0.366
2022-10-13,0.08
2022-10-14,1.104
2022-10-15,0.455
2022-10-16,0.653
2022-10-17,0.494
2022-10-18,1.455
2022-10-19,0.492
2022-10-20,0.383
2022-10-21,0.456
2022-10-22,0.024
2022-10-23,0.884
2022-10-24,1.205
2022-10-25,0.295
2022-10-26,0.001
2022-10-27,0.285
2022-10-28,0.0
2022-10-29,0.0
2022-10-30,0.0
2022-10-31,0.0
2022-11-01,0.079
2022-11-02,0.0
2022-11-03,0.0
2022-11-04,0.0
2022-11-05,0.0
2022-11-06,0.0
2022-11-07,0.187
2022-11-08,0.191
2022-11-09,0.497
2022-11-10,0.138
2022-11-11,0.0
2022-11-12,0.0
2022-11-13,0.025
2022-11-14,0.057
2022-11-15,0.152
2022-11-16,1.898
2022-11-17,0.07
2022-11-18,0.017
2022-11-19,0.001
2022-11-20,0.013
2022-11-21,0.11
2022-11-22,0.068
2022-11-23,0.0
2022-11-24,0.047
2022-11-25,0.006
2022-11-26,0.001
2022-11-27,0.0
2022-11-28,0.092
2022-11-29,0.009
2022-11-30,0.0
2022-12-01,0.066
2022-12-02,0.01
2022-12-03,0.003
2022-12-04,0.0
2022-12-05,0.054
2022-12-06,0.001
2022-12-07,0.007
2022-12-08,0.408
2022-12-09,0.358
2022-12-10,1.993
2022-12-11,2.468
2022-12-12,4.232
2022-12-13,1.292
2022-12-14,0.297
2022-12-15,5.929
2022-12-16,13.965
2022-12-17,4.625
2022-12-18,7.6
2022-12-19,1.418
2022-12-20,0.992
2022-12-21,1.883
2022-12-22,2.435
2022-12-23,0.976
2022-12-24,0.294
2022-12-25,0.867
2022-12-26,3.125
2022-12-27,0.799
2022-12-28,0.33
2022-12-29,2.91
2022-12-30,10.04
2022-12-31,10.788
2023-01-01,3.567
2023-01-02,0.126
2023-01-03,0.065
2023-01-04,0.256
2023-01-05,0.0
2023-01-06,0.063
2023-01-07,0.003
2023-01-08,2.032
2023-01-09,7.032
2023-01-10,1.925
2023-01-11,12.253
2023-01-12,17.541
2023-01-13,4.857
2023-01-14,5.222
2023-01-15,2.934
2023-01-16,2.939
2023-01-17,0.168
2023-01-18,2.952
2023-01-19,6.759
2023-01-20,7.358
2023-01-21,9.941
2023-01-22,2.454
2023-01-23,0.944
2023-01-24,1.57
2023-01-25,5.207
2023-01-26,4.017
2023-01-27,2.293
2023-01-28,0.25
2023-01-29,0.538
2023-01-30,1.354
2023-01-31,1.369
2023-02-01,0.544
2023-02-02,3.103
2023-02-03,0.543
2023-02-04,2.045
2023-02-05,0.297
2023-02-06,1.735
2023-02-07,1.369
2023-02-08,0.489
2023-02-09,7.363
2023-02-10,1.516
2023-02-11,7.871
2023-02-12,10.551
2023-02-13,23.694
2023-02-14,26.664
2023-02-15,9.622
2023-02-16,7.867
2023-02-17,8.22
2023-02-18,7.274
2023-02-19,2.4
2023-02-20,7.017
2023-02-21,7.866
2023-02-22,24.731
2023-02-23,19.466
2023-02-24,5.674
2023-02-25,4.951
2023-02-26,13.902
2023-02-27,10.01
2023-02-28,3.373
2023-03-01,2.731
2023-03-02,3.591
2023-03-03,1.45
2023-03-04,1.677
2023-03-05,11.975
2023-03-06,12.256
2023-03-07,13.694
2023-03-08,14.705
2023-03-09,24.124
2023-03-10,14.161
2023-03-11,21.196
2023-03-12,14.34
2023-03-13,34.199
2023-03-14,6.551
2023-03-15,2.957
2023-03-16,0.243
2023-03-17,0.753
2023-03-18,0.48
2023-03-19,2.11
2023-03-20,0.041
2023-03-21,0.124
2023-03-22,0.002
2023-03-23,0.297
2023-03-24,0.71
2023-03-25,9.914
2023-03-26,1.423
2023-03-27,0.598
2023-03-28,4.13
2023-03-29,9.704
2023-03-30,4.85
2023-03-31,2.46
2023-04-01,0.879
2023-04-02,7.459
2023-04-03,6.448
2023-04-04,10.944
2023-04-05,9.492
2023-04-06,5.485
2023-04-07,5.488
2023-04-08,6.924
2023-04-09,5.067
2023-04-10,0.972
2023-04-11,4.898
2023-04-12,3.563
2023-04-13,8.93
2023-04-14,6.572
2023-04-15,19.032
2023-04-16,15.886
2023-04-17,6.56
2023-04-18,6.134
2023-04-19,7.157
2023-04-20,8.87
2023-04-21,7.816
2023-04-22,5.44
2023-04-23,2.553
2023-04-24,0.685
2023-04-25,4.69
2023-04-26,1.874
2023-04-27,0.856
2023-04-28,0.123
2023-04-29,1.202
2023-04-30,1.467
2023-05-01,0.034
2023-05-02,0.029
2023-05-03,0.006
2023-05-04,0.005
2023-05-05,0.004
2023-05-06,0.046
2023-05-07,0.371
2023-05-08,0.346
2023-05-09,0.142
2023-05-10,0.4
2023-05-11,0.089
2023-05-12,0.101
2023-05-13,0.01
2023-05-14,0.005
2023-05-15,0.011
2023-05-16,0.003
2023-05-17,0.002
2023-05-18,0.017
2023-05-19,0.053
2023-05-20,0.003
2023-05-21,0.03
2023-05-22,0.026
2023-05-23,0.137
2023-05-24,0.096
2023-05-25,0.118
2023-05-26,0.046
2023-05-27,0.08
2023-05-28,0.076
2023-05-29,0.099
2023-05-30,0.09
2023-05-31,0.098
2023-06-01,0.013
2023-06-02,0.001
2023-06-03,0.01
2023-06-04,0.013
2023-06-05,0.014
2023-06-06,0.115
2023-06-07,0.029
2023-06-08,0.293
2023-06-09,0.07
2023-06-10,0.123
2023-06-11,0.056
2023-06-12,0.01
2023-06-13,0.076
2023-06-14,0.124
2023-06-15,0.0
2023-06-16,0.001
2023-06-17,0.0
2023-06-18,0.0
2023-06-19,0.0
2023-06-20,0.0
2023-06-21,0.0
2023-06-22,0.0
2023-06-23,0.017
2023-06-24,0.0
2023-06-25,0.0
2023-06-26,0.0
2023-06-27,0.004
2023-06-28,0.001
2023-06-29,0.001
2023-06-30,0.003
2023-07-01,0.0
2023-07-02,0.0
2023-07-03,0.009
2023-07-04,0.002
2023-07-05,0.065
2023-07-06,0.018
2023-07-07,0.37
2023-07-08,0.369
2023-07-09,0.011
2023-07-10,0.005
2023-07-11,0.009
2023-07-12,0.294
2023-07-13,0.0
2023-07-14,0.168
2023-07-15,0.019
2023-07-16,0.154
2023-07-17,0.002
2023-07-18,0.107
2023-07-19,0.125
2023-07-20,0.0
2023-07-21,0.0
2023-07-22,0.0
2023-07-23,0.0
2023-07-24,0.0
2023-07-25,0.02
2023-07-26,0.0
2023-07-27,0.173
2023-07-28,0.037
2023-07-29,0.0
2023-07-30,0.261
2023-07-31,0.0
2023-08-01,0.0
2023-08-02,0.0
2023-08-03,0.0
2023-08-04,0.0
2023-08-05,0.0
2023-08-06,0.0
2023-08-07,0.0
2023-08-08,0.0
2023-08-09,0.0
2023-08-10,0.0
2023-08-11,0.0
2023-08-12,1.153
2023-08-13,2.41
2023-08-14,1.651
2023-08-15,0.454
2023-08-16,0.029
2023-08-17,0.001
2023-08-18,0.001
2023-08-19,0.001
2023-08-20,0.021
2023-08-21,0.357
2023-08-22,0.406
2023-08-23,0.272
2023-08-24,0.336
2023-08-25,0.326
2023-08-26,0.0
2023-08-27,0.007
2023-08-28,0.249
2023-08-29,0.0
2023-08-30,0.0
2023-08-31,0.0
2023-09-01,0.001
2023-09-02,0.326
2023-09-03,0.264
2023-09-04,0.012
2023-09-05,0.002
2023-09-06,0.0
2023-09-07,0.083
2023-09-08,0.078
2023-09-09,0.001
2023-09-10,0.0
2023-09-11,0.0
2023-09-12,0.267
2023-09-13,0.508
2023-09-14,0.001
2023-09-15,0.003
2023-09-16,0.583
2023-09-17,0.029
2023-09-18,0.32
2023-09-19,0.283
2023-09-20,0.107
2023-09-21,0.004
2023-09-22,0.0
2023-09-23,0.003
2023-09-24,0.006
2023-09-25,0.038
2023-09-26,0.544
2023-09-27,0.704
2023-09-28,0.686
2023-09-29,1.263
2023-09-30,0.012
2023-10-01,0.337
2023-10-02,4.067
2023-10-03,9.794
2023-10-04,4.278
2023-10-05,2.358
2023-10-06,4.239
2023-10-07,7.595
2023-10-08,7.572
2023-10-09,11.247
2023-10-10,1.136
2023-10-11,0.696
2023-10-12,0.026
2023-10-13,3.427
2023-10-14,3.593
2023-10-15,0.431
2023-10-16,0.568
2023-10-17,1.148
2023-10-18,0.032
2023-10-19,0.004
2023-10-20,3.177
2023-10-21,0.076
2023-10-22,0.432
2023-10-23,0.261
2023-10-24,2.175
2023-10-25,6.144
2023-10-26,6.99
2023-10-27,2.254
2023-10-28,0.137
2023-10-29,0.049
2023-10-30,0.034
2023-10-31,0.214
2023-11-01,0.019
2023-11-02,0.002
2023-11-03,0.004
2023-11-04,0.189
2023-11-05,1.285
2023-11-06,0.375
2023-11-07,0.0
2023-11-08,0.0
2023-11-09,0.001
2023-11-10,0.664
2023-11-11,0.509
2023-11-12,0.556
2023-11-13,0.306
2023-11-14,14.125
2023-11-15,1.487
2023-11-16,3.248
2023-11-17,7.924
2023-11-18,6.534
2023-11-19,0.621
2023-11-20,0.003
2023-11-21,0.0
2023-11-22,0.0
2023-11-23,0.0
2023-11-24,0.021
2023-11-25,0.382
2023-11-26,0.422
2023-11-27,0.011
2023-11-28,2.118
2023-11-29,3.381
2023-11-30,5.473
2023-12-01,8.563
2023-12-02,3.945
2023-12-03,2.574
2023-12-04,3.85
2023-12-05,11.97
2023-12-06,5.814
2023-12-07,2.468
2023-12-08,0.017
2023-12-09,0.923
2023-12-10,3.933
2023-12-11,0.735
2023-12-12,0.706
2023-12-13,1.862
2023-12-14,5.512
2023-12-15,5.332
2023-12-16,9.132
2023-12-17,6.739
2023-12-18,8.455
2023-12-19,1.865
2023-12-20,1.988
2023-12-21,7.179
2023-12-22,6.177
2023-12-23,15.257
2023-12-24,10.705
2023-12-25,11.106
2023-12-26,10.76
2023-12-27,8.973
2023-12-28,14.987
2023-12-29,12.123
2023-12-30,12.851
2023-12-31,2.897
2024-01-01,0.689
2024-01-02,0.458
2024-01-03,0.986
2024-01-04,0.627
2024-01-05,0.592
2024-01-06,1.891
2024-01-07,0.458
2024-01-08,4.447
2024-01-09,5.981
2024-01-10,12.424
2024-01-11,4.354
2024-01-12,6.645
2024-01-13,11.31
2024-01-14,3.018
2024-01-15,0.639
2024-01-16,3.42
2024-01-17,9.255
2024-01-18,2.028
2024-01-19,3.135
2024-01-20,3.378
2024-01-21,7.538
2024-01-22,0.586
2024-01-23,0.379
2024-01-24,0.679
2024-01-25,0.572
2024-01-26,0.518
2024-01-27,2.465
2024-01-28,2.924
2024-01-29,0.226
2024-01-30,2.6
2024-01-31,2.286
2024-02-01,6.553
2024-02-02,13.422
2024-02-03,10.615
2024-02-04,0.754
2024-02-05,3.259
2024-02-06,0.947
2024-02-07,0.949
2024-02-08,1.731
2024-02-09,8.4
2024-02-10,1.854
2024-02-11,1.44
2024-02-12,1.895
2024-02-13,3.258
2024-02-14,1.036
2024-02-15,0.85
2024-02-16,0.776
2024-02-17,0.482
2024-02-18,1.463
2024-02-19,2.546
2024-02-20,0.085
2024-02-21,0.002
2024-02-22,0.066
2024-02-23,0.004
2024-02-24,0.012
2024-02-25,0.349
2024-02-26,0.361
2024-02-27,4.384
2024-02-28,9.735
2024-02-29,14.943
2024-03-01,4.496
2024-03-02,5.364
2024-03-03,7.991
2024-03-04,2.661
2024-03-05,4.455
2024-03-06,3.016
2024-03-07,1.904
2024-03-08,2.038
2024-03-09,1.342
2024-03-10,1.034
2024-03-11,0.544
2024-03-12,0.348
2024-03-13,0.753
2024-03-14,0.482
2024-03-15,2.044
2024-03-16,0.551
2024-03-17,0.688
2024-03-18,2.023
2024-03-19,8.438
2024-03-20,2.289
2024-03-21,8.582
2024-03-22,12.796
2024-03-23,0.586
2024-03-24,0.054
2024-03-25,0.02
2024-03-26,0.002
2024-03-27,0.0
2024-03-28,0.0
2024-03-29,0.005
2024-03-30,0.57
2024-03-31,0.861
2024-04-01,2.066
2024-04-02,7.437
2024-04-03,3.818
2024-04-04,1.936
2024-04-05,2.035
2024-04-06,4.133
2024-04-07,1.96
2024-04-08,4.669
2024-04-09,1.93
2024-04-10,5.142
2024-04-11,4.9
2024-04-12,0.787
2024-04-13,2.23
2024-04-14,0.326
2024-04-15,1.688
2024-04-16,0.159
2024-04-17,0.351
2024-04-18,0.256
2024-04-19,1.627
2024-04-20,1.746
2024-04-21,6.316
2024-04-22,2.573
2024-04-23,11.874
2024-04-24,4.972
2024-04-25,4.162
2024-04-26,2.492
2024-04-27,3.953
2024-04-28,3.167
2024-04-29,0.551
2024-04-30,0.644
2024-05-01,0.793
2024-05-02,1.533
2024-05-03,1.199
2024-05-04,2.353
2024-05-05,0.116
2024-05-06,0.382
2024-05-07,1.083
2024-05-08,0.646
2024-05-09,0.223
2024-05-10,0.523
2024-05-11,0.072
2024-05-12,0.017
2024-05-13,0.244
2024-05-14,0.662
2024-05-15,4.565
2024-05-16,0.766
2024-05-17,0.556
2024-05-18,0.356
2024-05-19,0.065
2024-05-20,0.094
2024-05-21,0.018
2024-05-22,0.006
2024-05-23,0.004
2024-05-24,0.065
2024-05-25,0.534
2024-05-26,2.091
2024-05-27,0.948
2024-05-28,0.28
2024-05-29,0.0
2024-05-30,0.0
2024-05-31,0.0
2024-06-01,0.0
2024-06-02,0.039
2024-06-03,0.095
2024-06-04,0.006
2024-06-05,0.086
2024-06-06,0.005
2024-06-07,0.0
2024-06-08,0.177
2024-06-09,0.306
2024-06-10,0.467
2024-06-11,0.075
2024-06-12,0.091
2024-06-13,0.334
2024-06-14,0.455
2024-06-15,0.22
2024-06-16,0.156
2024-06-17,0.535
2024-06-18,0.046
2024-06-19,0.362
2024-06-20,0.373
2024-06-21,0.582
2024-06-22,0.294
2024-06-23,0.683
2024-06-24,0.0
2024-06-25,0.0
2024-06-26,0.001
2024-06-27,0.012
2024-06-28,0.008
2024-06-29,0.0
2024-06-30,0.016
2024-07-01,0.632
2024-07-02,0.004
2024-07-03,0.025
2024-07-04,0.002
2024-07-05,0.015
2024-07-06,0.0
2024-07-07,0.008
2024-07-08,0.003
2024-07-09,0.132
2024-07-10,0.073
2024-07-11,0.051
2024-07-12,0.16
2024-07-13,0.003
2024-07-14,0.0
2024-07-15,0.0
2024-07-16,0.004
2024-07-17,0.0
2024-07-18,0.001
2024-07-19,0.002
2024-07-20,0.001
2024-07-21,0.0
2024-07-22,0.001
2024-07-23,0.0
2024-07-24,0.0
2024-07-25,0.01
2024-07-26,0.0
2024-07-27,0.0
2024-07-28,0.0
2024-07-29,0.0
2024-07-30,0.0
2024-07-31,0.013
2024-08-01,0.0
2024-08-02,0.0
2024-08-03,0.0
2024-08-04,0.002
2024-08-05,0.001
2024-08-06,0.004
2024-08-07,0.004
2024-08-08,0.008
2024-08-09,0.035
2024-08-10,0.004
2024-08-11,0.006
2024-08-12,0.0
2024-08-13,0.0
2024-08-14,0.002
2024-08-15,0.0
2024-08-16,0.001
2024-08-17,0.002
2024-08-18,0.001
2024-08-19,0.002
2024-08-20,0.004
2024-08-21,0.002
2024-08-22,0.044
2024-08-23,0.003
2024-08-24,0.065
2024-08-25,0.08
2024-08-26,0.185
2024-08-27,0.189
2024-08-28,0.0
2024-08-29,0.0
2024-08-30,0.0
2024-08-31,0.0
2024-09-01,0.003
2024-09-02,0.021
2024-09-03,0.0
2024-09-04,0.0
2024-09-05,0.062
2024-09-06,0.032
2024-09-07,0.001
2024-09-08,0.003
2024-09-09,0.004
2024-09-10,0.0
2024-09-11,0.0
2024-09-12,0.002
2024-09-13,0.008
2024-09-14,0.009
2024-09-15,0.04
2024-09-16,0.001
2024-09-17,0.0
2024-09-18,0.002
2024-09-19,0.0
2024-09-20,0.004
2024-09-21,0.053
2024-09-22,0.012
2024-09-23,0.003
2024-09-24,0.001
2024-09-25,0.021
2024-09-26,0.524
2024-09-27,8.642
2024-09-28,3.889
2024-09-29,1.522
2024-09-30,0.453
2024-10-01,1.36
2024-10-02,4.424
2024-10-03,1.485
2024-10-04,5.168
2024-10-05,1.62
2024-10-06,0.0
2024-10-07,0.007
2024-10-08,0.031
2024-10-09,0.037
2024-10-10,1.349
2024-10-11,3.832
2024-10-12,2.017
2024-10-13,0.121
2024-10-14,0.0
2024-10-15,0.07
2024-10-16,0.394
2024-10-17,1.498
2024-10-18,0.555
2024-10-19,0.347
2024-10-20,0.02
2024-10-21,0.0
2024-10-22,0.156
2024-10-23,0.964
2024-10-24,0.06
2024-10-25,0.03
2024-10-26,0.103
2024-10-27,0.503
2024-10-28,0.14
2024-10-29,0.038
2024-10-30,0.043
2024-10-31,0.774
2024-11-01,0.362
2024-11-02,0.296
2024-11-03,2.027
2024-11-04,0.076
2024-11-05,0.148
2024-11-06,1.818
2024-11-07,0.096
2024-11-08,0.094
2024-11-09,0.113
2024-11-10,0.0
2024-11-11,0.0
2024-11-12,0.009
2024-11-13,0.001
2024-11-14,0.0
2024-11-15,0.0
2024-11-16,0.005
2024-11-17,0.0
2024-11-18,0.0
2024-11-19,0.0
2024-11-20,0.148
2024-11-21,0.262
2024-11-22,0.728
2024-11-23,0.85
2024-11-24,1.229
2024-11-25,4.093
2024-11-26,0.578
2024-11-27,1.446
2024-11-28,3.123
2024-11-29,2.173
2024-11-30,0.5
2024-12-01,0.111
2024-12-02,3.026
2024-12-03,3.547
2024-12-04,1.018
2024-12-05,0.06
2024-12-06,0.125
2024-12-07,1.088
2024-12-08,1.802
2024-12-09,0.066
2024-12-10,0.473
2024-12-11,12.635
2024-12-12,8.538
2024-12-13,3.697
2024-12-14,0.133
2024-12-15,0.01
2024-12-16,0.03
2024-12-17,0.337
2024-12-18,0.756
2024-12-19,0.88
2024-12-20,3.353
2024-12-21,1.107
2024-12-22,3.448
2024-12-23,6.231
2024-12-24,1.284
2024-12-25,3.437
2024-12-26,6.353
2024-12-27,6.365
2024-12-28,9.716
2024-12-29,4.73
2024-12-30,6.758
2024-12-31,9.309
2025-01-01,6.545
2025-01-02,8.977
2025-01-03,14.025
2025-01-04,4.457
2025-01-05,4.533
2025-01-06,2.741
2025-01-07,7.856
2025-01-08,3.181
2025-01-09,0.395
2025-01-10,0.009
2025-01-11,0.558
2025-01-12,1.71
2025-01-13,0.918
2025-01-14,8.099
2025-01-15,0.352
2025-01-16,0.323
2025-01-17,0.089
2025-01-18,0.719
2025-01-19,0.595
2025-01-20,1.245
2025-01-21,0.087
2025-01-22,0.466
2025-01-23,0.25
2025-01-24,1.809
2025-01-25,1.118
2025-01-26,1.175
2025-01-27,0.61
2025-01-28,2.416
2025-01-29,3.231
2025-01-30,2.697
2025-01-31,0.893
2025-02-01,13.53
2025-02-02,8.256
2025-02-03,4.306
2025-02-04,6.094
2025-02-05,5.507
2025-02-06,10.791
2025-02-07,10.038
2025-02-08,10.043
2025-02-09,11.259
2025-02-10,9.704
2025-02-11,6.628
2025-02-12,11.297
2025-02-13,5.202
2025-02-14,5.922
2025-02-15,5.156
2025-02-16,2.339
2025-02-17,6.345
2025-02-18,8.451
2025-02-19,7.106
2025-02-20,4.241
2025-02-21,9.814
2025-02-22,8.52
2025-02-23,9.835
2025-02-24,20.008
2025-02-25,9.359
2025-02-26,4.364
2025-02-27,20.645
2025-02-28,3.089
2025-03-01,6.466
2025-03-02,13.983
2025-03-03,8.41
2025-03-04,3.691
2025-03-05,8.002
2025-03-06,5.538
2025-03-07,0.208
2025-03-08,0.107
2025-03-09,1.957
2025-03-10,1.621
2025-03-11,0.019
2025-03-12,0.252
2025-03-13,7.692
2025-03-14,9.536
2025-03-15,6.94
2025-03-16,16.233
2025-03-17,10.729
2025-03-18,10.088
2025-03-19,9.994
2025-03-20,3.949
2025-03-21,1.851
2025-03-22,2.961
2025-03-23,1.655
2025-03-24,1.759
2025-03-25,0.963
2025-03-26,4.895
2025-03-27,6.342
2025-03-28,4.194
2025-03-29,8.933
2025-03-30,13.445
2025-03-31,4.844
2025-04-01,4.359
2025-04-02,9.344
2025-04-03,9.536
2025-04-04,9.343
2025-04-05,5.307
2025-04-06,2.765
2025-04-07,0.537
2025-04-08,1.478
2025-04-09,1.016
2025-04-10,7.717
2025-04-11,4.169
2025-04-12,4.997
2025-04-13,1.574
2025-04-14,1.593
2025-04-15,0.768
2025-04-16,2.108
2025-04-17,3.758
2025-04-18,0.503
2025-04-19,0.355
2025-04-20,1.422
2025-04-21,5.613
2025-04-22,0.926
2025-04-23,2.818
2025-04-24,7.948
2025-04-25,6.23
2025-04-26,8.22
2025-04-27,3.031
2025-04-28,4.116
2025-04-29,4.378
2025-04-30,4.382
2025-05-01,9.846
2025-05-02,6.16
2025-05-03,3.734
2025-05-04,5.462
2025-05-05,3.999
2025-05-06,1.792
2025-05-07,0.19
2025-05-08,0.301
2025-05-09,0.315
2025-05-10,0.0
2025-05-11,0.022
2025-05-12,0.048
2025-05-13,0.009
2025-05-14,0.022
2025-05-15,0.057
2025-05-16,0.019
2025-05-17,0.036
2025-05-18,0.133
2025-05-19,0.085
2025-05-20,0.382
2025-05-21,0.01
2025-05-22,0.261
2025-05-23,0.0
2025-05-24,0.098
2025-05-25,0.078
2025-05-26,0.17
2025-05-27,0.234
2025-05-28,0.007
2025-05-29,0.004
2025-05-30,0.426
2025-05-31,0.919
2025-06-01,0.351
2025-06-02,0.578
2025-06-03,0.006
2025-06-04,0.011
2025-06-05,0.024
2025-06-06,0.0
2025-06-07,0.031
2025-06-08,0.021
2025-06-09,0.089
2025-06-10,0.033
2025-06-11,1.182
2025-06-12,4.89
2025-06-13,1.065
2025-06-14,0.085
2025-06-15,3.063
2025-06-16,2.203
2025-06-17,1.071
2025-06-18,0.219
2025-06-19,0.048
2025-06-20,0.0
2025-06-21,0.001
2025-06-22,0.002
2025-06-23,0.004
2025-06-24,0.004
2025-06-25,0.008
2025-06-26,0.347
2025-06-27,1.563
2025-06-28,0.128
2025-06-29,0.118
2025-06-30,0.005
2025-07-01,0.001
2025-07-02,0.19
2025-07-03,0.0
2025-07-04,0.0
2025-07-05,0.0
2025-07-06,0.002
2025-07-07,0.0
2025-07-08,0.001
2025-07-09,0.003
2025-07-10,0.003
2025-07-11,0.0
2025-07-12,0.0
2025-07-13,0.001
2025-07-14,0.0
2025-07-15,0.001
2025-07-16,0.0
2025-07-17,0.0
2025-07-18,0.004
2025-07-19,0.002
2025-07-20,0.0
2025-07-21,0.0
2025-07-22,0.0
2025-07-23,0.0
2025-07-24,0.001
2025-07-25,0.013
2025-07-26,0.0
2025-07-27,0.0
2025-07-28,0.022
2025-07-29,0.13
2025-07-30,0.001
2025-07-31,0.003
2025-08-01,0.001
2025-08-02,0.0
2025-08-03,0.013
2025-08-04,0.007
2025-08-05,0.002
2025-08-06,0.041
2025-08-07,0.166
2025-08-08,0.0
2025-08-09,0.046
2025-08-10,0.433
2025-08-11,0.22
2025-08-12,0.004
2025-08-13,0.021
2025-08-14,0.048
2025-08-15,0.17
2025-08-16,0.252
2025-08-17,0.124
2025-08-18,0.078
2025-08-19,0.001
2025-08-20,0.001
2025-08-21,0.001
2025-08-22,0.004
2025-08-23,0.005
2025-08-24,0.018
2025-08-25,0.037
2025-08-26,0.105
2025-08-27,0.003
2025-08-28,0.0
2025-08-29,0.0
2025-08-30,0.0
2025-08-31,0.001
2025-09-01,0.048
2025-09-02,0.01
2025-09-03,0.005
2025-09-04,0.008
2025-09-05,0.016
2025-09-06,0.018
2025-09-07,0.036
2025-09-08,0.006
2025-09-09,0.03
2025-09-10,0.006
2025-09-11,0.033
2025-09-12,0.034
2025-09-13,0.007
2025-09-14,0.009
2025-09-15,0.004
2025-09-16,0.004
2025-09-17,0.376
2025-09-18,1.382
2025-09-19,1.826
2025-09-20,3.591
2025-09-21,2.736
2025-09-22,4.667
2025-09-23,0.199
2025-09-24,0.2
2025-09-25,0.007
2025-09-26,0.447
2025-09-27,0.001
2025-09-28,0.029
2025-09-29,2.82
2025-09-30,0.721
2025-10-01,2.871
2025-10-02,3.96
2025-10-03,5.07
2025-10-04,4.468
2025-10-05,1.705
2025-10-06,0.339
2025-10-07,0.852
2025-10-08,1.67
2025-10-09,2.265
2025-10-10,3.18
2025-10-11,3.306
2025-10-12,3.808
2025-10-13,1.118
2025-10-14,0.0
2025-10-15,0.141
2025-10-16,1.503
2025-10-17,0.898
2025-10-18,0.4
2025-10-19,1.667
2025-10-20,1.923
2025-10-21,4.139
2025-10-22,4.214
2025-10-23,3.126
2025-10-24,0.581
2025-10-25,0.459
2025-10-26,4.808
2025-10-27,1.173
2025-10-28,1.381
2025-10-29,1.662
2025-10-30,1.187
2025-10-31,0.152
2025-11-01,0.057
2025-11-02,3.25
2025-11-03,2.109
2025-11-04,6.089
2025-11-05,8.237
2025-11-06,2.59
2025-11-07,1.0
2025-11-08,1.733
2025-11-09,0.833
2025-11-10,0.233
2025-11-11,0.801
2025-11-12,1.423
2025-11-13,0.236
2025-11-14,0.15
2025-11-15,0.003
2025-11-16,4.585
2025-11-17,8.87
2025-11-18,7.25
2025-11-19,3.233
2025-11-20,0.047
2025-11-21,0.072
2025-11-22,0.169
2025-11-23,0.528
2025-11-24,1.514
2025-11-25,0.089
2025-11-26,0.703
2025-11-27,1.615
2025-11-28,0.521
2025-11-29,0.13
2025-11-30,0.01
2025-12-01,0.02
2025-12-02,0.0
2025-12-03,0.0
2025-12-04,0.0
2025-12-05,0.0
2025-12-06,0.0
2025-12-07,0.002
2025-12-08,0.0
2025-12-09,0.01
2025-12-10,0.125
2025-12-11,0.017
2025-12-12,0.002
2025-12-13,0.004
2025-12-14,0.004
2025-12-15,0.037
2025-12-16,1.812
2025-12-17,0.947
2025-12-18,2.282
2025-12-19,1.262
2025-12-20,0.861
2025-12-21,0.015
2025-12-22,0.0
2025-12-23,0.0
2025-12-24,0.002
2025-12-25,0.0
2025-12-26,0.004
2025-12-27,0.001
2025-12-28,0.001
2025-12-29,0.026
2025-12-30,0.289
2025-12-31,0.611
