{
"type": "FeatureCollection",
"name": "cuenca_el_tambo_glo30_wgs84",
"crs": { "type": "name", "properties": { "name": "urn:ogc:def:crs:OGC:1.3:CRS84" } },
"features": [
{ "type": "Feature", "properties": { "gauge_id": "PE_47E0A2A8", "nombre": "El Tambo" }, "geometry": { "type": "Polygon", "coordinates": [ [ [ -78.559933603717823, -7.366190378869877 ], [ -78.556946194775392, -7.36617407462789 ], [ -78.556944709144588, -7.366445200970998 ], [ -78.555315215234202, -7.366436299028717 ], [ -78.555313728558687, -7.366707425037111 ], [ -78.554227399750431, -7.366701486898437 ], [ -78.554225912359641, -7.366972612682379 ], [ -78.553954330133422, -7.366971127681258 ], [ -78.553952842521625, -7.36724225340639 ], [ -78.553409677908419, -7.367239282800192 ], [ -78.553408189910826, -7.367510408411255 ], [ -78.55313660752384, -7.367508922806154 ], [ -78.553135119305196, -7.367780048358387 ], [ -78.55286353680971, -7.367778562533524 ], [ -78.552862048370002, -7.368049688026925 ], [ -78.552318883218305, -7.368046715773128 ], [ -78.552317394392745, -7.368317841152412 ], [ -78.552045811736548, -7.368316354723464 ], [ -78.552044322689895, -7.368587480043894 ], [ -78.551772739925198, -7.368585993395138 ], [ -78.551771250657438, -7.368857118656707 ], [ -78.551499667784228, -7.368855631788133 ], [ -78.551498178295375, -7.369126756990831 ], [ -78.551226595313665, -7.369125269902427 ], [ -78.551225105603692, -7.369396395046254 ], [ -78.550953522513481, -7.369394907738009 ], [ -78.550952032582344, -7.369666032822953 ], [ -78.550680449383663, -7.369664545294856 ], [ -78.550678959231377, -7.369935670320911 ], [ -78.550135792673331, -7.369932694660425 ], [ -78.550134302135064, -7.370203819572266 ], [ -78.549862718775714, -7.370202331439861 ], [ -78.54985973720045, -7.370744581142149 ], [ -78.549588153567782, -7.370743092734513 ], [ -78.549586662530771, -7.371014217524959 ], [ -78.54931507878959, -7.371012728897406 ], [ -78.549313587531373, -7.371283853628934 ], [ -78.549042003681691, -7.371282364781454 ], [ -78.549040512202254, -7.371553489454051 ], [ -78.548768928244101, -7.371552000386634 ], [ -78.548765944786354, -7.37209424961039 ], [ -78.548494360554812, -7.372092760267661 ], [ -78.548492868576503, -7.372363884818811 ], [ -78.548221284236462, -7.37236239525611 ], [ -78.548219792036889, -7.372633519748318 ], [ -78.547948207588348, -7.372632029965638 ], [ -78.547945222690217, -7.373174278828569 ], [ -78.546587299644614, -7.373166826892025 ], [ -78.546588792946366, -7.372895702739302 ], [ -78.545774040290766, -7.372891229768084 ], [ -78.545772546494319, -7.373162353754565 ], [ -78.544143041717874, -7.373153403034712 ], [ -78.544141546875537, -7.373424526684961 ], [ -78.54251204314302, -7.373415569705687 ], [ -78.542510547254764, -7.373686693019489 ], [ -78.5419673794662, -7.37368370593167 ], [ -78.541965883191565, -7.37395482913088 ], [ -78.541151131437985, -7.373950347097819 ], [ -78.541149634612069, -7.374221470126892 ], [ -78.540606466729244, -7.374218481170568 ], [ -78.540604969516934, -7.37448960408499 ], [ -78.540061801530499, -7.374486614358981 ], [ -78.540060303931767, -7.374757737158729 ], [ -78.539517135841763, -7.374754746662982 ], [ -78.539515637856582, -7.37502586934803 ], [ -78.539244053731522, -7.375024373797601 ], [ -78.539242555524794, -7.375295496423498 ], [ -78.53869938711459, -7.375292504717487 ], [ -78.538697888521369, -7.375563627228648 ], [ -78.538426304236239, -7.375562131073047 ], [ -78.538424805421442, -7.375833253525035 ], [ -78.537881636691083, -7.375830260608613 ], [ -78.537880137489751, -7.376101382945828 ], [ -78.537065384324066, -7.376096892169229 ], [ -78.537063884571211, -7.376368014336029 ], [ -78.536792300130955, -7.376366517025495 ], [ -78.536790800156481, -7.376637639133087 ], [ -78.536247631115998, -7.376634643906667 ], [ -78.536244630337137, -7.37717688788857 ], [ -78.535973045571936, -7.377175389917026 ], [ -78.535971544932522, -7.377446511846958 ], [ -78.535699960058977, -7.377445013655049 ], [ -78.535696958280141, -7.377987257392865 ], [ -78.535153788043104, -7.377984260292271 ], [ -78.535152286738636, -7.378255382044484 ], [ -78.534880701540146, -7.378253883191426 ], [ -78.534879200013975, -7.378525004884387 ], [ -78.53460761470717, -7.378523505810917 ], [ -78.534606112959281, -7.378794627444621 ], [ -78.533791356883995, -7.378790129068699 ], [ -78.533789854584327, -7.379061250531763 ], [ -78.532703513284659, -7.379055250167897 ], [ -78.532702010268125, -7.379326371404552 ], [ -78.532430424920022, -7.379324870845981 ], [ -78.532428921681699, -7.379595992023321 ], [ -78.53215733622531, -7.379594491244262 ], [ -78.532155832765184, -7.379865612362288 ], [ -78.531884247200523, -7.379864111362727 ], [ -78.531876728223182, -7.381219716620392 ], [ -78.531605141889955, -7.381218215177359 ], [ -78.531603637759105, -7.381489336162388 ], [ -78.531332051317563, -7.381487834498803 ], [ -78.531330546964853, -7.381758955424501 ], [ -78.530515787485683, -7.381754449277628 ], [ -78.53051729233367, -7.381483328519208 ], [ -78.530245706119288, -7.381481826196393 ], [ -78.530238180485895, -7.382837429673745 ], [ -78.530509767525771, -7.382838932275414 ], [ -78.530508262393795, -7.38311005301589 ], [ -78.530779849655602, -7.383111555508489 ], [ -78.530778344631955, -7.38338267630114 ], [ -78.531049932115664, -7.383384178684651 ], [ -78.531048427200361, -7.383655299529477 ], [ -78.531320014906001, -7.383656801803891 ], [ -78.531317005235309, -7.384199043594274 ], [ -78.531588593328024, -7.384200545815323 ], [ -78.531585583760503, -7.384742787702846 ], [ -78.531857172240294, -7.384744289870513 ], [ -78.531855667536547, -7.385015410864631 ], [ -78.532127256238255, -7.385016912923148 ], [ -78.532116722878726, -7.386914760171607 ], [ -78.531573543219395, -7.386911755109341 ], [ -78.531572037896268, -7.387182876018996 ], [ -78.531300447986567, -7.387181373184719 ], [ -78.531298942441424, -7.387452494035037 ], [ -78.53102735242328, -7.387450990980068 ], [ -78.531025846656135, -7.387722111771041 ], [ -78.530754256529548, -7.387720608495368 ], [ -78.530751244494439, -7.388262849955018 ], [ -78.530479654094165, -7.388261346402865 ], [ -78.530478147826173, -7.388532467071538 ], [ -78.529934966865568, -7.388529459360798 ], [ -78.529933460210273, -7.388800579914323 ], [ -78.529390279146426, -7.388797571432143 ], [ -78.5293887721038, -7.389068691870501 ], [ -78.528845590936768, -7.389065682616829 ], [ -78.528844083506783, -7.389336802939998 ], [ -78.528029311686765, -7.389332287654709 ], [ -78.528027803704148, -7.389603407806836 ], [ -78.527484622444533, -7.389600396680064 ], [ -78.527483114074514, -7.389871516716934 ], [ -78.527211523364741, -7.389870010850223 ], [ -78.52721001477255, -7.390141130827661 ], [ -78.526395242488718, -7.390136612070002 ], [ -78.526393733343795, -7.390407731876286 ], [ -78.526122142531023, -7.390406225237864 ], [ -78.526120633163913, -7.390677344984691 ], [ -78.52584904224274, -7.390675838125392 ], [ -78.525847532653444, -7.390946957812756 ], [ -78.525575941623885, -7.390945450732567 ], [ -78.525574431812345, -7.391216570360459 ], [ -78.524759658569309, -7.39121204796211 ], [ -78.524758148204938, -7.391483167418738 ], [ -78.52367178401677, -7.391477135020289 ], [ -78.523670272934197, -7.391748254249677 ], [ -78.521769136640913, -7.391737690807139 ], [ -78.52176762434415, -7.392008809641315 ], [ -78.520138080181084, -7.391999748489728 ], [ -78.520139593469764, -7.391728629991462 ], [ -78.519868003140843, -7.391727119277895 ], [ -78.51986951653781, -7.391456000832036 ], [ -78.517696797283236, -7.39144390963059 ], [ -78.51769831194558, -7.3911727916294 ], [ -78.517426722460939, -7.391171279542665 ], [ -78.517428237231485, -7.390900161593942 ], [ -78.516885058764117, -7.390897137037545 ], [ -78.516886573808151, -7.390626019197367 ], [ -78.516071807031352, -7.390621481293428 ], [ -78.516074837939769, -7.390079245938797 ], [ -78.515803249458997, -7.390077733086335 ], [ -78.515804764992779, -7.389806615459722 ], [ -78.515533176734408, -7.389805102498367 ], [ -78.515534692376306, -7.389533984924261 ], [ -78.515806280469405, -7.389535497829513 ], [ -78.515809311251274, -7.388993262558313 ], [ -78.515537723488691, -7.388991749765268 ], [ -78.515543785027688, -7.387907279404136 ], [ -78.514729024065687, -7.387902740708567 ], [ -78.514730539803239, -7.387631623277644 ], [ -78.51418736644483, -7.387628596768137 ], [ -78.514188882455642, -7.387357479445878 ], [ -78.513917296027429, -7.387355965999857 ], [ -78.513918812146258, -7.387084848730142 ], [ -78.513647225940431, -7.387083335175333 ], [ -78.513648742167305, -7.38681221795817 ], [ -78.51337715618385, -7.38681070429459 ], [ -78.513378672518726, -7.386539587129982 ], [ -78.51365025833698, -7.386541100737411 ], [ -78.513651774449485, -7.38626998351306 ], [ -78.513380188796418, -7.386268469961781 ], [ -78.51338322118022, -7.385726235614595 ], [ -78.513111635914711, -7.385724722010726 ], [ -78.513116184556935, -7.38491137063146 ], [ -78.512844599844129, -7.384909857031188 ], [ -78.512850664560204, -7.383825388699838 ], [ -78.512579080565175, -7.383823875159366 ], [ -78.51258362899695, -7.383010524041631 ], [ -78.512312045554495, -7.383009010504833 ], [ -78.512315077886498, -7.382466776520725 ], [ -78.511500328893078, -7.38246223525846 ], [ -78.511501845468544, -7.382191118429582 ], [ -78.511230262750288, -7.382189604402053 ], [ -78.511231779433601, -7.381918487625778 ], [ -78.510960196937674, -7.38191697348964 ], [ -78.510961713728832, -7.38164585676598 ], [ -78.510690131455249, -7.381644342521244 ], [ -78.510691648354239, -7.381373225850201 ], [ -78.510148484308971, -7.381370196978771 ], [ -78.510150001480852, -7.381099080416575 ], [ -78.509606837994781, -7.38109605099843 ], [ -78.509608355439525, -7.380824934545113 ], [ -78.509336773947453, -7.380823419645099 ], [ -78.509339808995207, -7.380281186840159 ], [ -78.508253484920303, -7.380275126042346 ], [ -78.508255003018434, -7.380004009859515 ], [ -78.507440261059102, -7.379999462699916 ], [ -78.507441779595041, -7.379728346682326 ], [ -78.506898618905524, -7.379725314531365 ], [ -78.506901656465487, -7.379183082710587 ], [ -78.506630076536808, -7.379181566500579 ], [ -78.506631595395788, -7.378910450641104 ], [ -78.506360015689452, -7.378908934322658 ], [ -78.506361534656136, -7.378637818515899 ], [ -78.505546796376279, -7.378633268741106 ], [ -78.505548315780615, -7.378362153099715 ], [ -78.504733578512116, -7.378357602011364 ], [ -78.504735098354061, -7.378086486535399 ], [ -78.504463519544316, -7.37808496923285 ], [ -78.504461999537384, -7.378356084652463 ], [ -78.503647262957585, -7.378351531587419 ], [ -78.503648783459525, -7.378080416336897 ], [ -78.5031056263567, -7.378077380249342 ], [ -78.503107147131203, -7.377806265107984 ], [ -78.502835568830918, -7.37780474687352 ], [ -78.502837089712983, -7.377533631784958 ], [ -78.502565511635112, -7.377532113442176 ], [ -78.502567032624725, -7.377260998406417 ], [ -78.502023876971265, -7.377257961339541 ], [ -78.502025398233386, -7.376986846412996 ], [ -78.501482243139662, -7.376983808800164 ], [ -78.501483764674248, -7.376712693982857 ], [ -78.501212187378542, -7.376711174985826 ], [ -78.501213709020632, -7.376440060221349 ], [ -78.50067055493156, -7.376437021846102 ], [ -78.50066903295955, -7.376708136497711 ], [ -78.496595382149309, -7.376685326839588 ], [ -78.496598430984434, -7.376143099227348 ], [ -78.496326855054008, -7.376141577379075 ], [ -78.496329903988737, -7.37559934986553 ], [ -78.49605832844577, -7.375597827965668 ], [ -78.496059852991678, -7.375326714260045 ], [ -78.494973552055484, -7.375320625240251 ], [ -78.49497507720352, -7.375049511757259 ], [ -78.494703502278398, -7.375047989147251 ], [ -78.494701976965445, -7.375319102573673 ], [ -78.493615677181538, -7.37531301026086 ], [ -78.493614151151263, -7.375584123457343 ], [ -78.491713127594366, -7.375573455174556 ], [ -78.491714654779145, -7.375302342374417 ], [ -78.491171506040388, -7.375299292925019 ], [ -78.491169978525775, -7.375570405611864 ], [ -78.490898404077996, -7.375568880583535 ], [ -78.490899931757554, -7.375297767953347 ], [ -78.490356783365002, -7.375294717516057 ], [ -78.490358311316697, -7.375023604995603 ], [ -78.490086737371925, -7.375022079586662 ], [ -78.490088265430799, -7.374750967119289 ], [ -78.489816691708654, -7.374749441602385 ], [ -78.489818219874721, -7.374478329188099 ], [ -78.489546646375217, -7.374476803563248 ], [ -78.489548174648448, -7.374205691202054 ], [ -78.489276601371586, -7.374204165469267 ], [ -78.489278129751966, -7.373933053161172 ], [ -78.488734983701249, -7.373930001315134 ], [ -78.488736512353682, -7.373658889116846 ], [ -78.486020787215097, -7.373643620577095 ], [ -78.486019256913792, -7.373914732207992 ], [ -78.48438982361607, -7.373905562842189 ], [ -78.484385229397105, -7.374718896691123 ], [ -78.484113656888567, -7.374717367716912 ], [ -78.484112125201634, -7.374988478935889 ], [ -78.483840552586059, -7.374986949740231 ], [ -78.483839020676328, -7.375258060898798 ], [ -78.483567447953703, -7.375256531481678 ], [ -78.483565915821202, -7.375527642579821 ], [ -78.483294342991528, -7.37552611294123 ], [ -78.483292810636215, -7.375797223978957 ], [ -78.483021237699489, -7.375795694118879 ], [ -78.483004376156487, -7.378777914671196 ], [ -78.48273280146303, -7.378776384021222 ], [ -78.482723600315424, -7.380403049252469 ], [ -78.482452024689763, -7.380401518096687 ], [ -78.48245049079749, -7.380672628899116 ], [ -78.481907339389764, -7.380669565979556 ], [ -78.481905805109506, -7.38094067666467 ], [ -78.481362653603355, -7.380937612972311 ], [ -78.481361118935084, -7.381208723540091 ], [ -78.480817967330523, -7.381205659074885 ], [ -78.480816432274196, -7.381476769525301 ], [ -78.480273280571296, -7.381473704287203 ], [ -78.480271745126913, -7.38174481462023 ], [ -78.479728593325675, -7.38174174860919 ], [ -78.479727057493207, -7.382012858824806 ], [ -78.477826026859589, -7.382002122196807 ], [ -78.477827563847555, -7.381731012379728 ], [ -78.477555988439789, -7.381729477973511 ], [ -78.477554451286764, -7.382000587733634 ], [ -78.476739724916428, -7.381995983355358 ], [ -78.476738187210159, -7.382267092940965 ], [ -78.476195036256598, -7.382264022417511 ], [ -78.476193498162147, -7.38253513188555 ], [ -78.475107196291304, -7.382528988633056 ], [ -78.47510565747848, -7.382800097869472 ], [ -78.473476205423921, -7.382790877704415 ], [ -78.473474665562478, -7.383061986595019 ], [ -78.472931515012249, -7.38305891177408 ], [ -78.472929974762508, -7.383330020546967 ], [ -78.472386824114551, -7.383326944952622 ], [ -78.472385283476484, -7.383598053607758 ], [ -78.468311658555791, -7.383574964778843 ], [ -78.468314744726712, -7.383032749178669 ], [ -78.46722844828038, -7.383026586351753 ], [ -78.46722690456366, -7.383297693924917 ], [ -78.466955330432597, -7.383296152748963 ], [ -78.466952242494216, -7.383838367770076 ], [ -78.466409093746464, -7.383835284694893 ], [ -78.466407549359644, -7.384106392085632 ], [ -78.46559282617973, -7.38410176606498 ], [ -78.465591281239313, -7.384372873280445 ], [ -78.465048132413912, -7.384369788328032 ], [ -78.465046587084956, -7.384640895425417 ], [ -78.464503438162509, -7.384637809699146 ], [ -78.464501892445, -7.38490891667843 ], [ -78.46395874342555, -7.384905830178248 ], [ -78.463957197319459, -7.385176937039403 ], [ -78.463414048203063, -7.385173849765267 ], [ -78.463412501708362, -7.38544495650827 ], [ -78.46314092707253, -7.385443412566633 ], [ -78.463139380354335, -7.385714519248745 ], [ -78.462867805611708, -7.385712975084955 ], [ -78.462866258670033, -7.385984081706169 ], [ -78.462594683820598, -7.385982537320213 ], [ -78.462593136655414, -7.386253643880525 ], [ -78.46232156169917, -7.386252099272394 ], [ -78.462320014310464, -7.386523205771801 ], [ -78.461776864242779, -7.386520115946276 ], [ -78.461775316465364, -7.386791222327449 ], [ -78.461232166300846, -7.386788131727728 ], [ -78.461230618134692, -7.387059237990647 ], [ -78.460959042974849, -7.387057692386117 ], [ -78.460957494585116, -7.387328798588095 ], [ -78.460142768960452, -7.387324160613074 ], [ -78.460141220016752, -7.387595266639408 ], [ -78.459869644760175, -7.38759372026057 ], [ -78.459868095592867, -7.387864826225943 ], [ -78.459324944924575, -7.387861732858799 ], [ -78.459323395368472, -7.388132838705831 ], [ -78.45905181995677, -7.388131291717511 ], [ -78.459050270177016, -7.388402397503556 ], [ -78.458778694658562, -7.388400850292935 ], [ -78.458777144655159, -7.388671956017989 ], [ -78.458233993463168, -7.388668860987175 ], [ -78.45823244307087, -7.388939966593839 ], [ -78.457417716225706, -7.388935322638396 ], [ -78.457416165279284, -7.389206428069232 ], [ -78.45714458961595, -7.389204879696789 ], [ -78.457146140727588, -7.388933774323373 ], [ -78.454701963877227, -7.388919832065907 ], [ -78.45470041127858, -7.389190936922279 ], [ -78.454157261180754, -7.38918783671356 ], [ -78.454155708193113, -7.389458941451357 ], [ -78.453612557999051, -7.389455840467875 ], [ -78.453611004622388, -7.389726945087071 ], [ -78.453067854332105, -7.38972384332878 ], [ -78.453066300566419, -7.389994947829352 ], [ -78.452523150179985, -7.389991845296199 ], [ -78.452521596025207, -7.390262949678116 ], [ -78.452250020754647, -7.390261398106569 ], [ -78.452248466376034, -7.39053250242735 ], [ -78.451976890998807, -7.390530950633302 ], [ -78.45197533639633, -7.390802054892935 ], [ -78.451432185487178, -7.390798950694834 ], [ -78.451430630495594, -7.391070054835764 ], [ -78.451159054963682, -7.391068502431694 ], [ -78.451157499748192, -7.391339606511459 ], [ -78.450885924109642, -7.391338053884845 ], [ -78.450884368670259, -7.391609157903434 ], [ -78.450341217238474, -7.391606052040097 ], [ -78.450344328719709, -7.391063844229574 ], [ -78.450072753422319, -7.391062291165568 ], [ -78.450082087450056, -7.38943566799277 ], [ -78.449810513202792, -7.389434115109283 ], [ -78.449815179920563, -7.388620803646878 ], [ -78.449543606227621, -7.388619250771215 ], [ -78.44954671740993, -7.388077043226731 ], [ -78.449275144106053, -7.388075490301331 ], [ -78.449278255384101, -7.387533282857593 ], [ -78.449006682469275, -7.387531729882481 ], [ -78.449009793843018, -7.386989522539503 ], [ -78.448738221317214, -7.386987969514704 ], [ -78.448739777081244, -7.386716865895404 ], [ -78.449282921861197, -7.386719971664907 ], [ -78.449284477236233, -7.386448867926788 ], [ -78.449556049549059, -7.386450420506615 ], [ -78.449557604700274, -7.386179316707291 ], [ -78.449829176906604, -7.386180869064646 ], [ -78.449830731834012, -7.385909765204128 ], [ -78.450102303933832, -7.38591131733903 ], [ -78.450103858637448, -7.385640213417313 ], [ -78.450375430630771, -7.385641765329771 ], [ -78.450376985110594, -7.385370661346866 ], [ -78.450920128942897, -7.385373764562064 ], [ -78.450921683033826, -7.385102660460418 ], [ -78.452007970741349, -7.385108864682346 ], [ -78.452009524113151, -7.384837760346892 ], [ -78.452824240013754, -7.384842411609831 ], [ -78.45282579283159, -7.384571307098188 ], [ -78.454455225223626, -7.384580604828257 ], [ -78.454456776992203, -7.384309499968002 ], [ -78.454728349097365, -7.384311048955263 ], [ -78.454739208682483, -7.382413314430113 ], [ -78.454467637732947, -7.382411765845199 ], [ -78.454466086374183, -7.382682870730708 ], [ -78.452836660916176, -7.382673575415631 ], [ -78.45283510850841, -7.382944679952534 ], [ -78.452020396074943, -7.382940029897672 ], [ -78.452018843113336, -7.38321113425839 ], [ -78.450117848330947, -7.383200277959436 ], [ -78.450116294155137, -7.383471381913636 ], [ -78.449573152986261, -7.383468278515509 ], [ -78.449574707492246, -7.383197174676479 ], [ -78.449303137160882, -7.383195622787794 ], [ -78.449304691773293, -7.382924519002747 ], [ -78.448489981626437, -7.382919862520669 ], [ -78.448488426518793, -7.383190966132896 ], [ -78.446315867388947, -7.383178541135099 ], [ -78.446314310901926, -7.383449644282589 ], [ -78.445499601701869, -7.383444982016126 ], [ -78.445498044660837, -7.383716084986987 ], [ -78.443597057428292, -7.383705200192995 ], [ -78.443598615624936, -7.383434097626069 ], [ -78.441697632428884, -7.383423205160413 ], [ -78.441696073076614, -7.383694307323108 ], [ -78.44088136637977, -7.3836896364781 ], [ -78.440879806473376, -7.38396073846385 ], [ -78.439793531041204, -7.383954508131935 ], [ -78.439791970415556, -7.384225609882876 ], [ -78.438705695265085, -7.384219376682579 ], [ -78.43870413392014, -7.38449047819861 ], [ -78.437617859051755, -7.384484242129746 ], [ -78.437616296987457, -7.384755343410769 ], [ -78.435443748758885, -7.384742862898194 ], [ -78.435442185314741, -7.385013963712519 ], [ -78.43408434376299, -7.385006157745444 ], [ -78.434082779434249, -7.385277258266531 ], [ -78.43381121113579, -7.385275696520654 ], [ -78.433812775629647, -7.385004596057511 ], [ -78.433541207555336, -7.385003034204741 ], [ -78.433542772155292, -7.384731933795935 ], [ -78.4332712043051, -7.384730371836283 ], [ -78.433274333658161, -7.384188171123738 ], [ -78.43300276619722, -7.384186609115179 ], [ -78.433015282568775, -7.382017806584169 ], [ -78.432743716487465, -7.382016244874527 ], [ -78.43274528093329, -7.381745144599863 ], [ -78.432473715076057, -7.381743582783427 ], [ -78.43247527962788, -7.381472482563121 ], [ -78.432203713994738, -7.3814709206399 ], [ -78.432205278652546, -7.38119982047396 ], [ -78.431933713243481, -7.381198258443965 ], [ -78.431935278007273, -7.3809271583324 ], [ -78.431663712822299, -7.380925596195643 ], [ -78.431665277692048, -7.380654496138459 ], [ -78.43139371273115, -7.380652933894956 ], [ -78.431395277706841, -7.380381833892157 ], [ -78.43112371297002, -7.380380271541918 ], [ -78.431122147829342, -7.380651371486716 ], [ -78.430579018202934, -7.380648246176015 ], [ -78.43057745267312, -7.380919346001172 ], [ -78.430305887783533, -7.380917783040695 ], [ -78.430302756216577, -7.38145998256413 ], [ -78.430031191056017, -7.381458419322851 ], [ -78.430029625018861, -7.381729519021122 ], [ -78.429486494545031, -7.381726391928214 ], [ -78.429484928118669, -7.381997491506796 ], [ -78.428941797551218, -7.381994363638739 ], [ -78.428940230735648, -7.382265463097611 ], [ -78.428397100074605, -7.382262334454359 ], [ -78.4283955328698, -7.38253343379349 ], [ -78.427852402115207, -7.382530304374995 ], [ -78.427850834521138, -7.382801403594364 ], [ -78.427579269067522, -7.382799838579863 ], [ -78.42757770124922, -7.383070937737533 ], [ -78.42730613568969, -7.383069372500157 ], [ -78.42730143138462, -7.383882669777209 ], [ -78.427029865389017, -7.383881104200752 ], [ -78.427022022871697, -7.385236599299726 ], [ -78.427293589692823, -7.385238165166665 ], [ -78.427288883967719, -7.386051462356951 ], [ -78.427017316651202, -7.386049896315727 ], [ -78.427014178875012, -7.386592094308313 ], [ -78.426471043758966, -7.386588961498859 ], [ -78.426469474451793, -7.386860060373515 ], [ -78.425654771726201, -7.386855359748438 ], [ -78.42565320186435, -7.387126458445115 ], [ -78.424838499176133, -7.387121756161737 ], [ -78.424836928759603, -7.387392854680374 ], [ -78.424293793599915, -7.387389718884068 ], [ -78.42429222279381, -7.387660817282781 ], [ -78.423749087540727, -7.387657680710589 ], [ -78.423747516345045, -7.38792877898935 ], [ -78.422932813414306, -7.387924072719819 ], [ -78.422931241663804, -7.388195170820412 ], [ -78.421844971258565, -7.388188893252974 ], [ -78.421843398788056, -7.388459991117131 ], [ -78.421300263610789, -7.388456851227539 ], [ -78.421298690750604, -7.388727948971633 ], [ -78.42102712308575, -7.38872637872124 ], [ -78.421028696111136, -7.388455281035379 ], [ -78.420757128670772, -7.388453710678308 ], [ -78.420766566568517, -7.386827124836579 ], [ -78.420495000178519, -7.386825554664061 ], [ -78.42049814600017, -7.386283359471026 ], [ -78.420226579999778, -7.386281789250139 ], [ -78.42022972591441, -7.385739594159132 ], [ -78.419958160303608, -7.385738023889894 ], [ -78.419959733337052, -7.385466926397219 ], [ -78.416972517352264, -7.38544964319689 ], [ -78.416970942502473, -7.385720740048347 ], [ -78.415069989461941, -7.385709730854781 ], [ -78.415071565467571, -7.385438634411756 ], [ -78.41452843689261, -7.385435487561022 ], [ -78.414530013169028, -7.385164391231127 ], [ -78.411542812075766, -7.38514707240876 ], [ -78.411541233983115, -7.385418168096098 ], [ -78.410998106955034, -7.385415016959596 ], [ -78.410996528472594, -7.3856861125264 ], [ -78.41072496488276, -7.38568453665243 ], [ -78.410723386175661, -7.385955632157153 ], [ -78.409094004896573, -7.385946173100756 ], [ -78.409092425139136, -7.386217268250948 ], [ -78.408006171484203, -7.386210958682343 ], [ -78.408007751902133, -7.385939863766215 ], [ -78.406921499861497, -7.385933551794133 ], [ -78.406919918783046, -7.386204646476103 ], [ -78.405833667036063, -7.386198331632235 ], [ -78.405835248775006, -7.385927237184522 ], [ -78.404748998643115, -7.385920919937392 ], [ -78.404750580982906, -7.385649825720421 ], [ -78.403121208566461, -7.385640345256125 ], [ -78.403119625235973, -7.385911439121378 ], [ -78.402576501244639, -7.385908277530628 ], [ -78.402574917524177, -7.386179371274976 ], [ -78.402303355452986, -7.386177790173681 ], [ -78.402301771507638, -7.386448883855754 ], [ -78.401758647214237, -7.386445721041297 ], [ -78.401757062878886, -7.386716814602423 ], [ -78.401213938494223, -7.386713651011196 ], [ -78.401212353768827, -7.386984744451349 ], [ -78.400669229292944, -7.38698158008331 ], [ -78.400670814348615, -7.386710486760528 ], [ -78.400399252365503, -7.386708904387909 ], [ -78.400400837526519, -7.386437811120201 ], [ -78.400129275768307, -7.386436228641423 ], [ -78.400130861034683, -7.386165135428797 ], [ -78.399859299501415, -7.386163552843873 ], [ -78.399860884873107, -7.38589245968633 ], [ -78.399589323564754, -7.385890876995272 ], [ -78.399590909041763, -7.385619783892827 ], [ -78.399319347958325, -7.385618201095647 ], [ -78.399324104525903, -7.384804921942729 ], [ -78.39905254399757, -7.384803339156893 ], [ -78.399055715073743, -7.384261153154289 ], [ -78.398784154935413, -7.384259570321105 ], [ -78.398785740548846, -7.3839884773731 ], [ -78.398242620781829, -7.383985311329803 ], [ -78.398245792489519, -7.383443125657894 ], [ -78.397974233025877, -7.383441542506552 ], [ -78.39797740482436, -7.382899356937657 ], [ -78.39716272778287, -7.382894606847495 ], [ -78.39716431408749, -7.382623514233901 ], [ -78.396621196689196, -7.382620346800821 ], [ -78.396622783264036, -7.382349254301164 ], [ -78.396079666435298, -7.382346086326603 ], [ -78.396081253280343, -7.3820749939409 ], [ -78.395809695120832, -7.38207340976528 ], [ -78.395811282071008, -7.381802317434754 ], [ -78.395539724136412, -7.381800733153186 ], [ -78.395538137021205, -7.382071825424909 ], [ -78.394451905221743, -7.382065486415892 ], [ -78.394450317386486, -7.382336578448708 ], [ -78.393635643670933, -7.382331822285524 ], [ -78.393634055280657, -7.382602914138191 ], [ -78.392004708477828, -7.382593397010166 ], [ -78.392003119037355, -7.382864488505993 ], [ -78.390916888374733, -7.382858140223123 ], [ -78.390915298214082, -7.38312923147972 ], [ -78.387385053047154, -7.38310858058722 ], [ -78.38738664535343, -7.382837490096997 ], [ -78.387115088618344, -7.382835900472392 ], [ -78.387116681029553, -7.382564810037537 ], [ -78.386302011679987, -7.382560040352154 ], [ -78.386300418773658, -7.382831130609989 ], [ -78.385757305844379, -7.382827949877893 ], [ -78.385755712547848, -7.383099040014055 ], [ -78.385484156008346, -7.38309744934183 ], [ -78.385482562486644, -7.383368539415338 ], [ -78.384939449257914, -7.383365357458493 ], [ -78.38493626137388, -7.383907537358466 ], [ -78.384664704519608, -7.383905946014781 ], [ -78.384663110322307, -7.384177035900279 ], [ -78.384391553363116, -7.384175444332747 ], [ -78.384389958940588, -7.384446534155563 ], [ -78.383575287928693, -7.384441758286999 ], [ -78.38357369295079, -7.384712847928983 ], [ -78.383030578913534, -7.384709663074438 ], [ -78.383028983545273, -7.384980752594629 ], [ -78.382757426451846, -7.384979159861055 ], [ -78.382755830858315, -7.385250249318524 ], [ -78.382484273659955, -7.385248656361039 ], [ -78.382482677841139, -7.385519745755783 ], [ -78.38193956329485, -7.385516559228146 ], [ -78.381937967085619, -7.385787648501041 ], [ -78.380851738055185, -7.385781273231377 ], [ -78.380850141125293, -7.386052362264141 ], [ -78.379492355367006, -7.38604438917265 ], [ -78.379490757551309, -7.386315477906013 ], [ -78.378676086324106, -7.386310691895568 ], [ -78.378674487952779, -7.386581780447763 ], [ -78.376773589377052, -7.386570606906232 ], [ -78.376771989789546, -7.386841695040329 ], [ -78.375142649515141, -7.386832110934588 ], [ -78.375141048876515, -7.387103198709557 ], [ -78.372153928868812, -7.387085611783329 ], [ -78.372152326353316, -7.387356698902349 ], [ -78.371337658033653, -7.387351898827957 ], [ -78.371336054962299, -7.387622985765314 ], [ -78.370792942721167, -7.387619784772705 ], [ -78.370791339259071, -7.387890871587712 ], [ -78.37024822692949, -7.387887669816898 ], [ -78.370246623076639, -7.388158756509529 ], [ -78.369431954540431, -7.388153952438615 ], [ -78.36943035013158, -7.388425038949452 ], [ -78.368344125602988, -7.38841863097567 ], [ -78.368342520473007, -7.388689717245238 ], [ -78.36752785221654, -7.38868490935535 ], [ -78.367526246530517, -7.388955995442996 ], [ -78.366983134331889, -7.388952789239744 ], [ -78.366981528254982, -7.389223875204866 ], [ -78.366166859915666, -7.389219064484908 ], [ -78.366150790859791, -7.391929922152425 ], [ -78.365879233215708, -7.391928317654571 ], [ -78.365877625811734, -7.392199403341861 ], [ -78.365606068063002, -7.392197798619567 ], [ -78.36560446043319, -7.392468884243744 ], [ -78.365332902579794, -7.392467279296998 ], [ -78.365331294724143, -7.392738364858054 ], [ -78.364788178868636, -7.392735154350656 ], [ -78.36478657062186, -7.393006239789084 ], [ -78.364243454678245, -7.393003028502764 ], [ -78.364241846040329, -7.393274113818543 ], [ -78.363970287994178, -7.393272507868391 ], [ -78.36396867913038, -7.393543593121016 ], [ -78.36369712097958, -7.393541986946353 ], [ -78.363695511889873, -7.393813072135814 ], [ -78.363152395439627, -7.393809859172435 ], [ -78.363150785958695, -7.3940809442392 ], [ -78.36260766942047, -7.394077730496734 ], [ -78.362606059548312, -7.394348815440771 ], [ -78.362062942922122, -7.394345600919161 ], [ -78.362061332658726, -7.39461668574045 ], [ -78.36178977427133, -7.394615078172558 ], [ -78.361788163781952, -7.394886162930644 ], [ -78.360973488487943, -7.394881339058135 ], [ -78.360971877441969, -7.395152423633842 ], [ -78.360700318966707, -7.395150815286701 ], [ -78.360698707694723, -7.395421899799183 ], [ -78.360155590595667, -7.395418682490612 ], [ -78.360153978932345, -7.395689766880254 ], [ -78.359882420308566, -7.395688157918808 ], [ -78.359880808419192, -7.395959242245201 ], [ -78.359609249690806, -7.395957633059099 ], [ -78.359607637575394, -7.396228717322239 ], [ -78.359336078742388, -7.396227107911464 ], [ -78.35933285399868, -7.396769276307588 ], [ -78.359061294895739, -7.396767666612507 ], [ -78.359058069578381, -7.39730983487482 ], [ -78.358786510205462, -7.397308224895402 ], [ -78.358781671277782, -7.398121477082677 ], [ -78.358510111469514, -7.398119866759262 ], [ -78.358508498206746, -7.398390950754769 ], [ -78.358236938293828, -7.398389340206609 ], [ -78.358235324804923, -7.398660424138829 ], [ -78.357963764787385, -7.398658813365915 ], [ -78.357962151072314, -7.398929897234845 ], [ -78.35769059095017, -7.398928286237164 ], [ -78.357687363006931, -7.399470453844778 ], [ -78.357415802614739, -7.399468842562655 ], [ -78.35741257409758, -7.40001101003638 ], [ -78.357141013435324, -7.400009398469789 ], [ -78.357137784344204, -7.400551565809603 ], [ -78.356866223411885, -7.400549953958519 ], [ -78.356859763838415, -7.401634288355748 ], [ -78.356588202305105, -7.401632676100776 ], [ -78.356586587094299, -7.401903759631292 ], [ -78.354685656905588, -7.401892468803685 ], [ -78.354684040475703, -7.402163551912602 ], [ -78.352783112109989, -7.402152252572992 ], [ -78.35278149446097, -7.40242333526 ], [ -78.350337446599937, -7.402408795106266 ], [ -78.350339065738197, -7.402137712957466 ], [ -78.348981264331002, -7.402129629611923 ], [ -78.348982884235639, -7.401858547758698 ], [ -78.345995728326642, -7.401840750521464 ], [ -78.345994106601921, -7.402111831715872 ], [ -78.345450987808121, -7.402108593587443 ], [ -78.345449365691437, -7.402379674658341 ], [ -78.344906246810893, -7.40237643574931 ], [ -78.344904624302217, -7.402647516696674 ], [ -78.34463306478807, -7.402645896934429 ], [ -78.344628196399128, -7.403459139574785 ], [ -78.344356636449618, -7.403457519467471 ], [ -78.344355013365657, -7.403728600280343 ], [ -78.344626573480667, -7.403730220447616 ], [ -78.344615211341349, -7.405627786455334 ], [ -78.344343650067671, -7.405626165868334 ], [ -78.34434202649507, -7.405897246652033 ], [ -78.344070465116943, -7.40589562583981 ], [ -78.344068841317693, -7.406166706559898 ], [ -78.343797279835101, -7.406165085522439 ], [ -78.343795655809217, -7.406436166178902 ], [ -78.343524094222147, -7.406434544916196 ], [ -78.343522469969599, -7.406705625509035 ], [ -78.343250908278065, -7.406704004021067 ], [ -78.343249283798841, -7.406975084550274 ], [ -78.342977722002843, -7.406973462837037 ], [ -78.34297609729694, -7.407244543302603 ], [ -78.342704535396493, -7.407242921364079 ], [ -78.342702910463885, -7.407514001765998 ], [ -78.342431348458973, -7.407512379602179 ], [ -78.342429723299659, -7.407783459940448 ], [ -78.342158161190284, -7.407781837551319 ], [ -78.34215653580425, -7.408052917825931 ], [ -78.341613411437706, -7.40804967243172 ], [ -78.341611785659325, -7.408320752582644 ], [ -78.34134022340217, -7.408319129577545 ], [ -78.341338597397041, -7.408590209664789 ], [ -78.341067035035437, -7.40858858643434 ], [ -78.341063782510503, -7.409130746477814 ], [ -78.340792219878807, -7.409129122961961 ], [ -78.340788966777978, -7.40967128287076 ], [ -78.340517403876191, -7.409669659069476 ], [ -78.340515777068404, -7.409940738958353 ], [ -78.340244214062153, -7.409939114931667 ], [ -78.340224685608945, -7.41319207259284 ], [ -78.339953120675744, -7.413190447680083 ], [ -78.339951492741264, -7.413461527401389 ], [ -78.339679927703529, -7.41345990226314 ], [ -78.339678299542129, -7.41373098192073 ], [ -78.339949864745591, -7.413732607119043 ], [ -78.339948236688741, -7.414003686833047 ], [ -78.340219802119108, -7.414005311925984 ], [ -78.340216546153314, -7.414547471463157 ], [ -78.340488111976342, -7.414549096510762 ], [ -78.340484856097333, -7.415091256153438 ], [ -78.340756422313063, -7.415092881155683 ], [ -78.340754794447534, -7.41536396103159 ], [ -78.341026360890197, -7.415365585928408 ], [ -78.341024733129288, -7.415636665860706 ], [ -78.341296299798884, -7.415638290652086 ], [ -78.341293044425115, -7.416180450625802 ], [ -78.341564611487414, -7.416182075371764 ], [ -78.341562983874596, -7.416453155413172 ], [ -78.341834551163828, -7.416454780053665 ], [ -78.341832923655659, -7.416725860151446 ], [ -78.342104491171824, -7.416727484686458 ], [ -78.342101236303634, -7.417269644991095 ], [ -78.3429159402138, -7.417274517963131 ], [ -78.342917567181047, -7.417003437632615 ], [ -78.343460703095147, -7.417006685333063 ], [ -78.343457449762795, -7.417548846230403 ], [ -78.343729018143136, -7.417550469952321 ], [ -78.343727391551113, -7.417821550455495 ], [ -78.343998960158373, -7.417823174071861 ], [ -78.343992453842603, -7.418907496287932 ], [ -78.344264023174318, -7.418909119978649 ], [ -78.34426076998156, -7.41945128118471 ], [ -78.344532339706063, -7.419452904829797 ], [ -78.344529086600687, -7.41999506614117 ], [ -78.344800656718022, -7.419996689740606 ], [ -78.344799030239557, -7.420267770450773 ], [ -78.345070600583853, -7.42026939394458 ], [ -78.345062468104928, -7.421624797740362 ], [ -78.345334039339775, -7.421626421368313 ], [ -78.345327532921004, -7.422710744578954 ], [ -78.345599104880606, -7.422712368281049 ], [ -78.345597478289193, -7.422983449134515 ], [ -78.345869050475798, -7.422985072730899 ], [ -78.345870676901271, -7.422713991817501 ], [ -78.346413821125779, -7.422717238393475 ], [ -78.346415447158321, -7.422446157356569 ], [ -78.347501735676047, -7.422452648281161 ], [ -78.34750336098385, -7.422181567000976 ], [ -78.348046505276983, -7.422184811349665 ], [ -78.348048130191913, -7.421913729946051 ], [ -78.348591274397222, -7.421916973512459 ], [ -78.348592898919321, -7.421645891985433 ], [ -78.349407615186962, -7.421650755913262 ], [ -78.349397870126296, -7.423277246098101 ], [ -78.349126296980501, -7.423275624595314 ], [ -78.349124672424352, -7.423546706220144 ], [ -78.348581525983803, -7.423543462597873 ], [ -78.348579901034753, -7.423814544099321 ], [ -78.348036754506253, -7.42381129969464 ], [ -78.348035129164273, -7.424082381072678 ], [ -78.347491982547865, -7.424079135885545 ], [ -78.347490356812941, -7.424350217140153 ], [ -78.346947210108667, -7.424346971170514 ], [ -78.346945583980755, -7.424618052301668 ], [ -78.346674010554196, -7.424616429008415 ], [ -78.346672384199266, -7.424887510075996 ], [ -78.346129237197275, -7.424884262872598 ], [ -78.346127610449329, -7.425155343816687 ], [ -78.345856036873926, -7.425153719906517 ], [ -78.345854409898919, -7.42542480078702 ], [ -78.345311262599296, -7.425421552349715 ], [ -78.345309635231246, -7.425692633106685 ], [ -78.34476648784387, -7.425689383886661 ], [ -78.344764860082748, -7.425960464520077 ], [ -78.344493286314673, -7.425958839601541 ], [ -78.344491658326433, -7.426229920171336 ], [ -78.34422008445344, -7.426228295027118 ], [ -78.344218456238096, -7.42649937553329 ], [ -78.343675308343364, -7.42649612462774 ], [ -78.343668793542733, -7.427580446136067 ], [ -78.343940368123683, -7.42758207191162 ], [ -78.343937110688813, -7.428124232763799 ], [ -78.344208685662977, -7.428125858493545 ], [ -78.344203799550641, -7.428939099924296 ], [ -78.343932224078259, -7.428937474014629 ], [ -78.343930595085851, -7.429208554424259 ], [ -78.343387443992242, -7.429205301987619 ], [ -78.343385814606577, -7.429476382273623 ], [ -78.343114238985351, -7.429474755746631 ], [ -78.343110979698452, -7.430016916187684 ], [ -78.343382555651871, -7.430018542834663 ], [ -78.343379296452696, -7.430560703381062 ], [ -78.343650872799444, -7.430562329982206 ], [ -78.343649243274299, -7.430833410309909 ], [ -78.343920819848293, -7.430835036805211 ], [ -78.343917560946934, -7.431377197569588 ], [ -78.344189137914285, -7.431378824019016 ], [ -78.344185879100777, -7.431920984888704 ], [ -78.34472903388334, -7.431924237529896 ], [ -78.344722516852428, -7.433008559705081 ], [ -78.344994094999976, -7.433010186016726 ], [ -78.344989207083927, -7.433823427789555 ], [ -78.345260785791112, -7.433825054115171 ], [ -78.345259156529792, -7.434096134758745 ], [ -78.345530735464251, -7.43409776097841 ], [ -78.345527477090798, -7.434639922374465 ], [ -78.345799056418727, -7.434641548548106 ], [ -78.345795798133423, -7.435183710049395 ], [ -78.346067377854851, -7.435185336176986 ], [ -78.346065748786842, -7.435456416982069 ], [ -78.346337328735558, -7.435458043003664 ], [ -78.34633407074881, -7.436000204722705 ], [ -78.346605651091053, -7.436001830698205 ], [ -78.346602393192612, -7.436543992522445 ], [ -78.346873973928382, -7.43654561845183 ], [ -78.346870716118275, -7.437087780381249 ], [ -78.347142297247629, -7.437089406264493 ], [ -78.347139039525914, -7.437631568299087 ], [ -78.347410621048837, -7.437633194136166 ], [ -78.347408992262714, -7.437904275207869 ], [ -78.347680574012955, -7.437905900938866 ], [ -78.347678945332092, -7.438176982066804 ], [ -78.348222109348228, -7.43818023315061 ], [ -78.34822048093892, -7.43845131439466 ], [ -78.349849975449175, -7.438461064021394 ], [ -78.349851602860682, -7.438189982418169 ], [ -78.350666350440136, -7.438194854811027 ], [ -78.350664723527515, -7.438465936593753 ], [ -78.351207889217861, -7.438469184145323 ], [ -78.351206262576909, -7.43874026604403 ], [ -78.352021012068391, -7.438745136305783 ], [ -78.352011253936737, -7.440371628697624 ], [ -78.352282838220376, -7.440373252144944 ], [ -78.352281211818209, -7.440644334257231 ], [ -78.352552796329121, -7.440645957598294 ], [ -78.352547917256231, -7.441459204092542 ], [ -78.353091087458964, -7.441462450635174 ], [ -78.353089461312251, -7.441733532912157 ], [ -78.353361046671353, -7.441735155994135 ], [ -78.353359420630127, -7.442006238327223 ], [ -78.353087835104631, -7.442004615185477 ], [ -78.353082956116396, -7.442817861983458 ], [ -78.353354542141062, -7.442819485304511 ], [ -78.353349663103941, -7.443632732248843 ], [ -78.353621249688743, -7.443634355583082 ], [ -78.353619623387672, -7.443905437950298 ], [ -78.353348036636447, -7.443903814556296 ], [ -78.353343156868576, -7.444717061456673 ], [ -78.353071569678946, -7.444715437717237 ], [ -78.353069942801412, -7.444986519950267 ], [ -78.353341530157508, -7.444988143749472 ], [ -78.353328514276569, -7.447156801959988 ], [ -78.35305692558866, -7.447155177682627 ], [ -78.353055298163, -7.447426259882683 ], [ -78.35278370936949, -7.447424635379351 ], [ -78.352772314518816, -7.449322210258698 ], [ -78.352500724620512, -7.449320585170685 ], [ -78.352494211270937, -7.450404913353402 ], [ -78.352222620767279, -7.450403287859986 ], [ -78.352219363393829, -7.450945451809769 ], [ -78.351947772617933, -7.45094382603049 ], [ -78.351944514667579, -7.451485989846023 ], [ -78.351672923619404, -7.451484363780859 ], [ -78.351659888047706, -7.453653018417882 ], [ -78.351931480428874, -7.453654644961459 ], [ -78.351924961847132, -7.454738972431155 ], [ -78.352196554955896, -7.454740599047572 ], [ -78.35219492532481, -7.455011680965622 ], [ -78.353281299035814, -7.455018186006719 ], [ -78.353279670010537, -7.455289268160225 ], [ -78.35355126375724, -7.455290894064325 ], [ -78.353549634837762, -7.45556197627393 ], [ -78.353821228812066, -7.455563602071407 ], [ -78.353816342188352, -7.456376848857484 ], [ -78.353544747713926, -7.456375222880727 ], [ -78.353541489326886, -7.456917387266913 ], [ -78.35326989457991, -7.456915761004219 ], [ -78.353266635615796, -7.457457925256199 ], [ -78.352995040596284, -7.457456298707537 ], [ -78.352993410856129, -7.457727380768252 ], [ -78.352721815730774, -7.457725753993385 ], [ -78.352720185762962, -7.457996835990651 ], [ -78.352448590531765, -7.45799520898956 ], [ -78.352446960336295, -7.458266290923371 ], [ -78.352175364999255, -7.458264663696049 ], [ -78.352173734576098, -7.458535745566397 ], [ -78.351902139133244, -7.458534118112826 ], [ -78.351898877770566, -7.459076281722925 ], [ -78.351627282055105, -7.459074653983294 ], [ -78.351625651115597, -7.459345735723033 ], [ -78.351354055294294, -7.459344107757126 ], [ -78.351350792898856, -7.459886271105971 ], [ -78.351622389053716, -7.4598878991915 ], [ -78.351620757931357, -7.460158980920228 ], [ -78.351892354313975, -7.460160608899069 ], [ -78.351887461081674, -7.46097385424264 ], [ -78.352159058025649, -7.460975482234386 ], [ -78.352155795899748, -7.461517645898001 ], [ -78.352427393238315, -7.46151927384282 ], [ -78.352425762250789, -7.461790355728914 ], [ -78.352697359817114, -7.461791983566997 ], [ -78.352695728935515, -7.462063065509207 ], [ -78.352424131202355, -7.462061437611337 ], [ -78.352422500092985, -7.462332519490087 ], [ -78.352150902253896, -7.462330891365892 ], [ -78.352129690118105, -7.46585495467815 ], [ -78.352401290126792, -7.465856583579646 ], [ -78.352398026141131, -7.46639874723064 ], [ -78.352669626544625, -7.46640037608509 ], [ -78.35266636264916, -7.466942539840957 ], [ -78.352937963447474, -7.466944168648339 ], [ -78.352920009503222, -7.469926069700494 ], [ -78.353191612199367, -7.469927698998758 ], [ -78.353185082332956, -7.471012026782938 ], [ -78.353456685758175, -7.471013656153566 ], [ -78.353453420793599, -7.471555820143142 ], [ -78.353725024613823, -7.471557449466562 ], [ -78.35371033076207, -7.473997187775551 ], [ -78.353981936147051, -7.473998817470044 ], [ -78.353970505355093, -7.475896391922765 ], [ -78.353698898800133, -7.475894761809965 ], [ -78.353687463853817, -7.477792335664149 ], [ -78.353959071579098, -7.477793966195263 ], [ -78.353957437938931, -7.478065048219479 ], [ -78.35287100673446, -7.478058524854602 ], [ -78.352869372364523, -7.478329606636063 ], [ -78.352326156793396, -7.478326343832676 ], [ -78.352324522028084, -7.478597425490886 ], [ -78.351781306366249, -7.478594161900292 ], [ -78.351779671205563, -7.478865243435218 ], [ -78.351236455453062, -7.478861979057375 ], [ -78.351234819896945, -7.479133060469004 ], [ -78.350963211944915, -7.47913142796989 ], [ -78.350961576160586, -7.479402509318017 ], [ -78.350689968102287, -7.479400876592158 ], [ -78.350688332089746, -7.479671957876775 ], [ -78.350416723925164, -7.479670324924161 ], [ -78.35041345138265, -7.480212487362686 ], [ -78.350141842944538, -7.480210854123462 ], [ -78.350140206414551, -7.480481935277361 ], [ -78.349596989386782, -7.480478668178386 ], [ -78.349595352461264, -7.480749749208911 ], [ -78.349323743871608, -7.480748115349142 ], [ -78.349322106717807, -7.481019196316125 ], [ -78.348778889386963, -7.481015927975992 ], [ -78.348777251837589, -7.481287008819558 ], [ -78.348505643096416, -7.481285374339175 ], [ -78.348504005318745, -7.481556455119184 ], [ -78.348232396471317, -7.481554820411952 ], [ -78.348229120398244, -7.482096981841158 ], [ -78.347957511277272, -7.482095346847172 ], [ -78.347955872981885, -7.482366427496364 ], [ -78.34741265458841, -7.48236315688765 ], [ -78.347411015897364, -7.482634237413364 ], [ -78.347139406624891, -7.482632601798614 ], [ -78.347137767705476, -7.482903682260733 ], [ -78.346866158326748, -7.482902046419076 ], [ -78.346862879970075, -7.483444207212441 ], [ -78.346591270317759, -7.483442571083941 ], [ -78.346587991382137, -7.483984731742735 ], [ -78.346316381456205, -7.483983095327369 ], [ -78.346314741729444, -7.484254175591311 ], [ -78.346043131697243, -7.484252538948988 ], [ -78.346041491742042, -7.484523619149317 ], [ -78.345769881603573, -7.484521982280023 ], [ -78.345768241419933, -7.484793062416729 ], [ -78.345225020991563, -7.484789788057133 ], [ -78.345223380412094, -7.485060868070257 ], [ -78.3446801598934, -7.485057592922567 ], [ -78.344678518918073, -7.485328672812086 ], [ -78.344135298309112, -7.485325396876258 ], [ -78.344133656937899, -7.485596476642147 ], [ -78.343862046557746, -7.485594838363668 ], [ -78.343855479792055, -7.486679157150454 ], [ -78.343583868803449, -7.48667751846496 ], [ -78.343580584718964, -7.487219677716261 ], [ -78.343308973456672, -7.487218038743698 ], [ -78.343304046369084, -7.488031277413019 ], [ -78.343032434665659, -7.488029638093354 ], [ -78.343025863689647, -7.489113956027502 ], [ -78.342754251377585, -7.489112316300697 ], [ -78.34275096518769, -7.489654475125633 ], [ -78.342479352601842, -7.489652835111662 ], [ -78.342476065832344, -7.490194993801822 ], [ -78.342204452972709, -7.490193353500657 ], [ -78.34220116562355, -7.490735512056029 ], [ -78.3419295524901, -7.49073387146765 ], [ -78.341924620504997, -7.491547109092963 ], [ -78.341653006930215, -7.491545468157315 ], [ -78.341651362645294, -7.491816547298343 ], [ -78.341108135344257, -7.491813264805381 ], [ -78.341106490663094, -7.492084343822637 ], [ -78.340834876936853, -7.492082702265306 ], [ -78.340833232026952, -7.492353781218823 ], [ -78.340561618194386, -7.492352139434229 ], [ -78.340559973055747, -7.492623218324001 ], [ -78.340288359116855, -7.492621576312133 ], [ -78.34028671374945, -7.492892655138149 ], [ -78.340015099704246, -7.492891012898994 ], [ -78.34001345410806, -7.493162091661258 ], [ -78.339470225866222, -7.493158806561119 ], [ -78.339468579873696, -7.493429885199535 ], [ -78.338925351541718, -7.493426599310295 ], [ -78.338923705152837, -7.493697677824836 ], [ -78.338108862611591, -7.493692747556403 ], [ -78.338107215658752, -7.493963825886938 ], [ -78.337835601433312, -7.493962182069528 ], [ -78.337833954251607, -7.49423326033625 ], [ -78.33756233991987, -7.49423161629147 ], [ -78.337560692509314, -7.494502694494377 ], [ -78.337289078071294, -7.494501050222214 ], [ -78.337287430431871, -7.494772128361303 ], [ -78.33592935832327, -7.49476390419086 ], [ -78.335927709784599, -7.495034982025508 ], [ -78.335656095379221, -7.495033336629462 ], [ -78.335654446611628, -7.495304414400253 ], [ -78.335382832099995, -7.495302768776762 ], [ -78.335381183103465, -7.495573846483687 ], [ -78.335109568485564, -7.495572200632742 ], [ -78.335107919260096, -7.495843278275793 ], [ -78.334021460731535, -7.49583669295842 ], [ -78.334019810774251, -7.496107770356999 ], [ -78.333748196127914, -7.496106123549227 ], [ -78.333746545941636, -7.4963772008839 ], [ -78.332931701867992, -7.496372259276162 ], [ -78.332930051117458, -7.496643336426474 ], [ -78.332658436381408, -7.496641688829064 ], [ -78.332660087299558, -7.496370611738987 ], [ -78.332388472792516, -7.496368964034513 ], [ -78.332386821706748, -7.496640041064348 ], [ -78.331028749254614, -7.496631799731215 ], [ -78.331027097269271, -7.496902876456059 ], [ -78.33021225403229, -7.496897929467688 ], [ -78.330210601482605, -7.497169006007989 ], [ -78.329395758295803, -7.497164057332934 ], [ -78.329394105181734, -7.497435133688626 ], [ -78.329122490741426, -7.497433483735333 ], [ -78.329117530527384, -7.498246712599299 ], [ -78.328845915645601, -7.498245062297719 ], [ -78.328842608193497, -7.498787214734581 ], [ -78.328299377943708, -7.498783913388085 ], [ -78.328297723790058, -7.499054989480309 ], [ -78.328026108589739, -7.499053338495697 ], [ -78.328027762911063, -7.498782262463815 ], [ -78.327484533030287, -7.498778960113219 ], [ -78.327482878373615, -7.499050036024405 ], [ -78.326668033510842, -7.4990450810623 ], [ -78.326653134304138, -7.5014847624668 ], [ -78.326381517963569, -7.501483109934663 ], [ -78.326379862020701, -7.501754185567408 ], [ -78.324750164263492, -7.501744266496589 ], [ -78.324748507252622, -7.502015341763247 ], [ -78.324205274823996, -7.502012033946138 ], [ -78.324203617416032, -7.502283109088252 ], [ -78.323932001126352, -7.502281454868133 ], [ -78.323930343489039, -7.502552529946115 ], [ -78.323658727093203, -7.502550875498132 ], [ -78.323657069226527, -7.502821950511978 ], [ -78.323385452724537, -7.50282029583612 ], [ -78.323383794628484, -7.503091370785816 ], [ -78.323112178020338, -7.503089715882066 ], [ -78.323110519694893, -7.503360790767619 ], [ -78.322838902980607, -7.503359135635967 ], [ -78.322837244425756, -7.503630210457364 ], [ -78.3225656276053, -7.503628555097796 ], [ -78.322563968821029, -7.503899629855028 ], [ -78.322292351894419, -7.503897974267535 ], [ -78.32228903380539, -7.504440123649958 ], [ -78.322560651067576, -7.50444177935839 ], [ -78.322558992098408, -7.504712854104522 ], [ -78.322830609590042, -7.504714509705939 ], [ -78.322828950727043, -7.504985584508835 ], [ -78.323100568448126, -7.504987240003233 ], [ -78.323098909691325, -7.505258314862886 ], [ -78.323642145653977, -7.505261625470113 ], [ -78.32364048717119, -7.50553270044696 ], [ -78.323912105412759, -7.505534355559774 ], [ -78.323908788598047, -7.506076505623249 ], [ -78.324180407236895, -7.506078160689428 ], [ -78.324178748904984, -7.506349235776048 ], [ -78.324450367773267, -7.506350890735145 ], [ -78.324448709547596, -7.50662196587849 ], [ -78.324720328645341, -7.506623620730489 ], [ -78.324717012344948, -7.507165771126922 ], [ -78.324988631839986, -7.507167425932224 ], [ -78.324986973765277, -7.507438501185306 ], [ -78.325258593489778, -7.507440155883481 ], [ -78.325251961246664, -7.508524457100438 ], [ -78.325523581704289, -7.508526111872683 ], [ -78.325521923657476, -7.508797187228072 ], [ -78.325793544344577, -7.508798841893143 ], [ -78.325791886404105, -7.50906991730523 ], [ -78.326063507320669, -7.509071571863118 ], [ -78.326061849486535, -7.509342647331896 ], [ -78.326333470632576, -7.509344301782588 ], [ -78.3263301551155, -7.509886452829805 ], [ -78.326601776658947, -7.509888107233668 ], [ -78.326600118976017, -7.510159182812106 ], [ -78.326871740748928, -7.510160837108744 ], [ -78.326873398263913, -7.509889761469933 ], [ -78.327416641658516, -7.509893069439662 ], [ -78.327418298776095, -7.509621993676422 ], [ -78.327961542080928, -7.509625300855046 ], [ -78.327963198801157, -7.509354224967402 ], [ -78.329592929184244, -7.509364142119035 ], [ -78.329591273471564, -7.50963521836864 ], [ -78.329862895585194, -7.509636870700988 ], [ -78.329861239978968, -7.5099079470072 ], [ -78.330132862322017, -7.509909599232255 ], [ -78.3301345177603, -7.509638522865742 ], [ -78.331221007075342, -7.50964512984879 ], [ -78.331222661780473, -7.50937405323744 ], [ -78.331765906470807, -7.509377355602854 ], [ -78.331764252101522, -7.509648432334734 ], [ -78.332307497373392, -7.509651734150288 ], [ -78.332305843278533, -7.509922810998978 ], [ -78.333935581575517, -7.509932712784675 ], [ -78.333937234662784, -7.509661635574607 ], [ -78.335023727416669, -7.509668233172181 ], [ -78.33502537977084, -7.509397155717619 ], [ -78.335840249476689, -7.509402101975476 ], [ -78.335841901265752, -7.509131024336678 ], [ -78.336385147707148, -7.509134320883626 ], [ -78.336386799099046, -7.508863243120805 ], [ -78.337473292045971, -7.508869833963061 ], [ -78.337474942704901, -7.508598755955971 ], [ -78.33828981255499, -7.508603697147679 ], [ -78.338291462648911, -7.508332618956523 ], [ -78.33883470918623, -7.508335912126226 ], [ -78.338836358883086, -7.508064833811163 ], [ -78.339651228644797, -7.508069772128663 ], [ -78.3396528777767, -7.507798693629625 ], [ -78.341010994431585, -7.507806920507134 ], [ -78.341009346139145, -7.508077999306506 ], [ -78.341280969821682, -7.508079644239375 ], [ -78.341279321635923, -7.508350723095098 ], [ -78.341550945547567, -7.508352367920443 ], [ -78.341549297468504, -7.508623446832511 ], [ -78.341820921609269, -7.508625091550322 ], [ -78.341819273636915, -7.508896170518729 ], [ -78.342090898006774, -7.508897815128988 ], [ -78.342089250141157, -7.509168894153731 ], [ -78.342360874740123, -7.509170538656428 ], [ -78.342359226981245, -7.509441617737501 ], [ -78.342630851809318, -7.509443262132625 ], [ -78.342629204157191, -7.509714341270013 ], [ -78.342900829214372, -7.50971598555755 ], [ -78.342899181668997, -7.509987064751256 ], [ -78.3431708069553, -7.509988708931195 ], [ -78.343169159516705, -7.510259788181212 ], [ -78.343440785032101, -7.51026143225354 ], [ -78.343439137700287, -7.510532511559857 ], [ -78.343710763444818, -7.510534155524561 ], [ -78.343709116219799, -7.510805234887175 ], [ -78.343980742193423, -7.510806878744245 ], [ -78.343979095075227, -7.511077958163148 ], [ -78.344250721277973, -7.511079601912573 ], [ -78.3442490742666, -7.511350681387762 ], [ -78.34642208743287, -7.511363825827853 ], [ -78.34642373310048, -7.511092745873027 ], [ -78.346966986667141, -7.511096030186767 ], [ -78.346968631937727, -7.510824950108399 ], [ -78.347511885412771, -7.510828233631761 ], [ -78.347513530286349, -7.510557153429872 ], [ -78.348056783669733, -7.510560436162907 ], [ -78.348058428146345, -7.510289355837521 ], [ -78.348873308175442, -7.510294278500225 ], [ -78.348870020168931, -7.510836439506606 ], [ -78.349413274498687, -7.510839720683112 ], [ -78.349411630739809, -7.511110801300493 ], [ -78.350769768471807, -7.511119001607406 ], [ -78.35075990967681, -7.51274548702952 ], [ -78.350488281000452, -7.512743846944403 ], [ -78.350484993911479, -7.513286008602529 ], [ -78.350756622923868, -7.513287648807317 ], [ -78.350753335926967, -7.513829810570329 ], [ -78.351024965336407, -7.513831450727084 ], [ -78.351020034887725, -7.514644693523364 ], [ -78.350748404974155, -7.514643053187119 ], [ -78.35074511736731, -7.515185214913157 ], [ -78.350473487178618, -7.515183574289519 ], [ -78.350470198991658, -7.515725735881091 ], [ -78.352643244897862, -7.515738857130728 ], [ -78.352644887677229, -7.515467775858268 ], [ -78.353188149427268, -7.515471054373651 ], [ -78.353186506984045, -7.515742135765684 ], [ -78.35345813811854, -7.515743774831539 ], [ -78.353456495782467, -7.516014856279647 ], [ -78.3542713900558, -7.516019772650028 ], [ -78.354269748163077, -7.516290854273725 ], [ -78.354541379877446, -7.5162924927881 ], [ -78.354539738091887, -7.516563574467848 ], [ -78.35481137003525, -7.516565212874205 ], [ -78.354806444817456, -7.517378458070512 ], [ -78.354534812369778, -7.517376819484919 ], [ -78.35453152825049, -7.51791898281114 ], [ -78.354259895527449, -7.517917343938263 ], [ -78.354256610828259, -7.518459507130192 ], [ -78.353984977829853, -7.518457867970003 ], [ -78.353983335220747, -7.518728949500662 ], [ -78.35371170211512, -7.518727310112899 ], [ -78.353710059276921, -7.518998391580094 ], [ -78.353438426064088, -7.518996751964749 ], [ -78.353425279819703, -7.521165403090989 ], [ -78.353696914377991, -7.521167043184501 ], [ -78.35369034046623, -7.522251368897908 ], [ -78.35396197575831, -7.522253009062607 ], [ -78.353958688773332, -7.522795172016641 ], [ -78.354230324462804, -7.522796812132964 ], [ -78.35422703757061, -7.523338975191711 ], [ -78.354498673657517, -7.523340615259635 ], [ -78.3544970302883, -7.52361169684321 ], [ -78.355040302981365, -7.523614976594787 ], [ -78.355038659887768, -7.523886058294149 ], [ -78.355581933160963, -7.523889337493488 ], [ -78.355580290342999, -7.524160419308616 ], [ -78.356395201214255, -7.524165337027289 ], [ -78.356393558840253, -7.524436419017859 ], [ -78.356665196087363, -7.524438057981246 ], [ -78.356660269104992, -7.525251304109874 ], [ -78.356931906917836, -7.525252943084409 ], [ -78.356930264636958, -7.525524025179581 ], [ -78.357745178945521, -7.525528941274469 ], [ -78.357741895211078, -7.526071105811828 ], [ -78.358013533772251, -7.526072744293531 ], [ -78.358011891982088, -7.526343826616332 ], [ -78.358283530772425, -7.526345464989723 ], [ -78.358281889089753, -7.526616547368493 ], [ -78.358553528109255, -7.526618185633557 ], [ -78.358551886534087, -7.526889268068286 ], [ -78.359095165092199, -7.526892544213736 ], [ -78.359093523792907, -7.52716362676407 ], [ -78.359365163331518, -7.527165264644435 ], [ -78.359363522139759, -7.527436347250711 ], [ -78.359635161907534, -7.527437985022709 ], [ -78.359633520823337, -7.527709067684921 ], [ -78.359905160820247, -7.527710705348536 ], [ -78.359903519843613, -7.527981788066679 ], [ -78.360175160069687, -7.527983425621899 ], [ -78.360173519200643, -7.528254508395967 ], [ -78.360445159655853, -7.528256145842779 ], [ -78.3604435188944, -7.528527228672765 ], [ -78.360715159578774, -7.528528866011158 ], [ -78.360698750305389, -7.53123969470353 ], [ -78.360970392734629, -7.531241332469963 ], [ -78.360968751641479, -7.531512415378444 ], [ -78.361240394299926, -7.531514053036378 ], [ -78.361238753314467, -7.531785136000761 ], [ -78.361510396202135, -7.531786773550185 ], [ -78.361503832326505, -7.53287110560906 ], [ -78.361232188764973, -7.532869467821252 ], [ -78.361227264714842, -7.533682716647736 ], [ -78.360955620708609, -7.533681078512982 ], [ -78.360952337367692, -7.534223244259576 ], [ -78.360680693085214, -7.534221605837451 ], [ -78.360679051155103, -7.534492688645583 ], [ -78.360407406764892, -7.534491049995676 ], [ -78.360404122385262, -7.535033215481599 ], [ -78.360675767112525, -7.535034854250739 ], [ -78.360672482826828, -7.53557701984107 ], [ -78.360944127951939, -7.535578658561241 ], [ -78.360940843760247, -7.536120824255978 ], [ -78.36121248928319, -7.536122462927156 ], [ -78.361210847264744, -7.536393545828568 ], [ -78.361482493017036, -7.536395184391134 ], [ -78.361480851106379, -7.536666267348439 ], [ -78.362024143130341, -7.536669544088097 ], [ -78.362022501496057, -7.536940627160871 ], [ -78.362294147767741, -7.536942265337944 ], [ -78.362292506241303, -7.537213348466591 ], [ -78.362835799304008, -7.537216624435189 ], [ -78.362832516743239, -7.53775879091965 ], [ -78.363104163702872, -7.537760428770716 ], [ -78.3631025225, -7.538031512066947 ], [ -78.363374169688939, -7.53803314980932 ], [ -78.363370887438208, -7.538575316509777 ], [ -78.363642535025079, -7.538576954202993 ], [ -78.363637611699488, -7.53939020440454 ], [ -78.363909259852917, -7.539391842108112 ], [ -78.363899412574398, -7.541018342768391 ], [ -78.364171061800448, -7.541019980660903 ], [ -78.364169420543561, -7.541291064150847 ], [ -78.364441069998961, -7.541292701934566 ], [ -78.364432863647465, -7.542648119626341 ], [ -78.364161213348609, -7.542646481544963 ], [ -78.364159571727527, -7.542917565012665 ], [ -78.364431222195094, -7.542919203153574 ], [ -78.364429580682014, -7.543190286677101 ], [ -78.364701231378987, -7.543191924709168 ], [ -78.364691382038345, -7.54481842612961 ], [ -78.364963033808436, -7.544820064350423 ], [ -78.364959750546888, -7.545362231579943 ], [ -78.364688098439288, -7.545360593240092 ], [ -78.364686456548711, -7.545631676789771 ], [ -78.364414804333009, -7.54563003822197 ], [ -78.364413162212969, -7.545901121708411 ], [ -78.364141509889208, -7.545899482912653 ], [ -78.364134940126917, -7.546983816583203 ], [ -78.363863287188678, -7.546982177380854 ], [ -78.363861644427544, -7.547253260729681 ], [ -78.363318338395587, -7.547249981700516 ], [ -78.363316695236108, -7.547521064926539 ], [ -78.363045042142389, -7.547519425099704 ], [ -78.363043398753376, -7.547790508262454 ], [ -78.362771745551569, -7.54778886820759 ], [ -78.362770101932995, -7.548059951307069 ], [ -78.3624984486231, -7.548058311024162 ], [ -78.362496804774963, -7.548329394060359 ], [ -78.362225151356981, -7.54832775354939 ], [ -78.362221863140789, -7.548869919491505 ], [ -78.36195020944588, -7.54886827869289 ], [ -78.361948565077796, -7.549139361598798 ], [ -78.361676911274785, -7.549137720572093 ], [ -78.361675266677096, -7.549408803414701 ], [ -78.361403612765997, -7.549407162159898 ], [ -78.36140196793869, -7.549678244939202 ], [ -78.361130313919489, -7.549676603456287 ], [ -78.361127023744828, -7.550218768884557 ], [ -78.360855369448657, -7.550217127113914 ], [ -78.360850433224201, -7.551030375049654 ], [ -78.36057877848215, -7.551028732931643 ], [ -78.360577132783533, -7.551299815509852 ], [ -78.360305477933366, -7.551298173163676 ], [ -78.360303832005059, -7.551569255678552 ], [ -78.360032177046776, -7.551567613104196 ], [ -78.360023945648692, -7.552923025324762 ], [ -78.359752289906609, -7.552921382283689 ], [ -78.359748996583861, -7.553463547026653 ], [ -78.359477340564695, -7.553461903697713 ], [ -78.359470752513658, -7.554546232900529 ], [ -78.359199095879447, -7.55454458916441 ], [ -78.359190858602346, -7.555900000286126 ], [ -78.358919201183994, -7.555898356083127 ], [ -78.358912609591428, -7.556982684675026 ], [ -78.359184267685848, -7.55698432911663 ], [ -78.35918261980467, -7.557255411314967 ], [ -78.359454278128965, -7.557257055647538 ], [ -78.35943450083947, -7.560510042453459 ], [ -78.359162840486277, -7.560508397405138 ], [ -78.359156245433724, -7.561592725982914 ], [ -78.359427906463438, -7.561594371269824 ], [ -78.359421311114275, -7.562678700026703 ], [ -78.359149649407982, -7.562677054501208 ], [ -78.359143052408982, -7.563761382960006 ], [ -78.358871390086804, -7.56375973702709 ], [ -78.358863141623416, -7.565115147218641 ], [ -78.358591478516047, -7.565113500818594 ], [ -78.358586528200306, -7.565926746709909 ], [ -78.358314864646104, -7.565925099961998 ], [ -78.358313214249932, -7.566196181858666 ], [ -78.357769886985579, -7.566192887736851 ], [ -78.357768236190068, -7.566463969510446 ], [ -78.357496572479931, -7.566462322136522 ], [ -78.357494921454304, -7.566733403846712 ], [ -78.357223257635781, -7.566731756244203 ], [ -78.357218303685897, -7.567545001173373 ], [ -78.356946639420471, -7.567543353222877 ], [ -78.356933424854603, -7.569712005726003 ], [ -78.357205090474437, -7.569713654154082 ], [ -78.357181957979478, -7.573508796297039 ], [ -78.357453626031344, -7.57351044539184 ], [ -78.357448668024034, -7.574323690220882 ], [ -78.357992005326892, -7.574326988261427 ], [ -78.357990352874907, -7.574598069983026 ], [ -78.35826202178707, -7.574599718809367 ], [ -78.358260369443684, -7.574870800586915 ], [ -78.358532038586134, -7.574872449303844 ], [ -78.358530386351319, -7.575143531137338 ], [ -78.35880205572407, -7.575145179744848 ], [ -78.358800403597868, -7.575416261634279 ], [ -78.35907207320092, -7.575417910132356 ], [ -78.359068769104908, -7.575960074019358 ], [ -78.359340439107712, -7.575961722467638 ], [ -78.359337135107296, -7.576503886459039 ], [ -78.359608805509893, -7.576505534857499 ], [ -78.359605501605159, -7.577047698953292 ], [ -78.359877172407536, -7.577049347301908 ], [ -78.359875520533421, -7.577320429403854 ], [ -78.360147191566128, -7.577322077642968 ], [ -78.360145539800698, -7.577593159800822 ], [ -78.360417211063734, -7.57759480793042 ], [ -78.360415559407002, -7.577865890144174 ], [ -78.360687230900339, -7.577867538164249 ], [ -78.360683927743509, -7.578409702699825 ], [ -78.36122727159065, -7.578412998470958 ], [ -78.361225620260086, -7.578684080852381 ], [ -78.361497292444383, -7.578685728543801 ], [ -78.361489035727502, -7.580041140693036 ], [ -78.361760708820327, -7.580042788513268 ], [ -78.361757406047232, -7.58058495346607 ], [ -78.361485732615265, -7.580583305526646 ], [ -78.361484080967983, -7.580854387937864 ], [ -78.361755754569515, -7.580856035936884 ], [ -78.361749148050905, -7.581940365782867 ], [ -78.362020822391599, -7.581942013851031 ], [ -78.362019170779618, -7.582213096362798 ], [ -78.362290845350699, -7.582214744321301 ], [ -78.362287542283653, -7.582756909452826 ], [ -78.362559217254756, -7.582758557361234 ], [ -78.362555914283902, -7.583300722597013 ], [ -78.362827589655026, -7.583302370455301 ], [ -78.362824286780437, -7.583844535795313 ], [ -78.362552611070029, -7.583842887817878 ], [ -78.362550959371944, -7.584113970422719 ], [ -78.362822635252002, -7.584115618459728 ], [ -78.362816028530759, -7.585199949080106 ], [ -78.363087705150264, -7.585201597186087 ], [ -78.363086053487763, -7.585472679891427 ], [ -78.363357730337697, -7.585474327887648 ], [ -78.363354427169824, -7.586016493406269 ], [ -78.363626104419893, -7.586018141352276 ], [ -78.36362445291455, -7.58628922416555 ], [ -78.363896130395077, -7.586290872001766 ], [ -78.363894478998702, -7.586561954870861 ], [ -78.364437834481365, -7.586565250154343 ], [ -78.364436183363694, -7.586836333138783 ], [ -78.364707861365829, -7.586837980586031 ], [ -78.364704559287787, -7.587380146662796 ], [ -78.364976237690101, -7.587381794059734 ], [ -78.364974586729758, -7.587652877152048 ], [ -78.365246265362501, -7.587654524439134 ], [ -78.365241312626466, -7.58846777387226 ], [ -78.365512991829178, -7.588469421168508 ], [ -78.365509690041179, -7.589011587557638 ], [ -78.366053049307723, -7.589014881879969 ], [ -78.36605139866225, -7.589285965187948 ], [ -78.36632307855632, -7.589287612154495 ], [ -78.366319777422859, -7.589829778878253 ], [ -78.366591457717192, -7.589831425794368 ], [ -78.366589807229246, -7.590102509210141 ], [ -78.366861487754036, -7.590104156016311 ], [ -78.36685983737523, -7.590375239487836 ], [ -78.36740319894642, -7.590378532710827 ], [ -78.367399898686031, -7.590920699880588 ], [ -78.367671579902222, -7.590922346356852 ], [ -78.367669929850891, -7.591193429995604 ], [ -78.367941611297553, -7.591195076361876 ], [ -78.36793996135539, -7.591466160056354 ], [ -78.368211643032524, -7.591467806312624 ], [ -78.368209993199542, -7.591738890062826 ], [ -78.368481675107148, -7.591740536209077 ], [ -78.368480025383391, -7.592011620014995 ], [ -78.368751707521454, -7.592013266051216 ], [ -78.368750057906908, -7.592284349912846 ], [ -78.369021740275457, -7.592285995839023 ], [ -78.369020090770135, -7.592557079756358 ], [ -78.369291773369142, -7.592558725572482 ], [ -78.369290123973073, -7.592829809545512 ], [ -78.369833489692638, -7.592833100788133 ], [ -78.369831840575685, -7.593104184876274 ], [ -78.370375206877384, -7.593107475559727 ], [ -78.370373558039574, -7.593378559762952 ], [ -78.370645241451186, -7.593380204909821 ], [ -78.370643592722672, -7.593651289168712 ], [ -78.371186960067377, -7.593654579072707 ], [ -78.371185311618049, -7.593925663446647 ], [ -78.37227204771375, -7.593932241457943 ], [ -78.372273695483528, -7.593661156846521 ], [ -78.373088747681365, -7.593666088396974 ], [ -78.373087100421245, -7.593937173186441 ], [ -78.373630469195547, -7.59394046015783 ], [ -78.373628822214698, -7.594211545062233 ], [ -78.373900506862512, -7.59421318835297 ], [ -78.373898859991044, -7.594484273312971 ], [ -78.376344026072459, -7.594499055834415 ], [ -78.376345671414811, -7.594227970340765 ], [ -78.376617356667396, -7.594229611936205 ], [ -78.376619001779389, -7.593958526379565 ], [ -78.379064170242771, -7.593973292576518 ], [ -78.379059239312838, -7.594786550834545 ], [ -78.378787553176679, -7.594784910646471 ], [ -78.378772755596458, -7.597224684686307 ], [ -78.379044443262089, -7.597226325407261 ], [ -78.379042798954515, -7.597497411452249 ], [ -78.379314486850504, -7.597499052062807 ], [ -78.379312842652524, -7.597770138163267 ], [ -78.379584530778871, -7.597771778663414 ], [ -78.379581242541732, -7.598313950971544 ], [ -78.379852931068442, -7.598315591420462 ], [ -78.379843065928014, -7.599942108610466 ], [ -78.380114755535189, -7.599943749244868 ], [ -78.380113111303842, -7.60021483548933 ], [ -78.380384801141403, -7.600216476013253 ], [ -78.38038315701975, -7.600487562313163 ], [ -78.380654847087726, -7.600489202726591 ], [ -78.380651559003425, -7.601031375433567 ], [ -78.380379868595341, -7.601029734901792 ], [ -78.380376579929518, -7.601571907475495 ], [ -78.380104889241665, -7.601570266655674 ], [ -78.380101599994219, -7.602112439096088 ], [ -78.379829909026597, -7.602110797988198 ], [ -78.379811811978101, -7.605092745492581 ], [ -78.379540119199561, -7.605091103563865 ], [ -78.37951872014753, -7.60861522198984 ], [ -78.37924702521687, -7.608613579121749 ], [ -78.379240438159144, -7.60969792288904 ], [ -78.378968742607924, -7.609696279614267 ], [ -78.378967095522242, -7.609967365487542 ], [ -78.378695399861144, -7.609965721983674 ], [ -78.37869375254482, -7.610236807794004 ], [ -78.378422056773843, -7.61023516406103 ], [ -78.378418761619415, -7.61077733555204 ], [ -78.378147065568314, -7.610775691530726 ], [ -78.378140473853364, -7.611860034231005 ], [ -78.377868777181504, -7.61185838980286 ], [ -78.377862183818579, -7.61294273220642 ], [ -78.377590486525889, -7.612941087371394 ], [ -78.377583891514789, -7.6140254294782 ], [ -78.377312193601142, -7.614023784236243 ], [ -78.377307246197205, -7.614837040599367 ], [ -78.377035547832904, -7.61483539500968 ], [ -78.377027300098945, -7.616190821910517 ], [ -78.376755600943142, -7.616189175854552 ], [ -78.376750651066175, -7.617002431772409 ], [ -78.377022350733228, -7.617004078006149 ], [ -78.377020700823763, -7.617275163363877 ], [ -78.377564100680061, -7.617278455439715 ], [ -78.377562451051006, -7.617549540912202 ], [ -78.378377551799986, -7.617554477928267 ], [ -78.378375902621841, -7.617825563574714 ], [ -78.379462705148015, -7.617832144118829 ], [ -78.379461056591225, -7.618103229998379 ], [ -78.379189355698642, -7.618101585058246 ], [ -78.379184409154561, -7.618914842496857 ], [ -78.378912707810997, -7.618913197209026 ], [ -78.37891105867169, -7.619184282955207 ], [ -78.378639357218049, -7.619182637438072 ], [ -78.378632759374881, -7.620266980148533 ], [ -78.378361057299699, -7.620265334224417 ], [ -78.378357757674635, -7.620807505438756 ], [ -78.37808605531886, -7.620805859226064 ], [ -78.378079454661631, -7.621890201372943 ], [ -78.377807751684173, -7.621888554753186 ], [ -78.377806101198274, -7.622159640221315 ], [ -78.377534398110711, -7.622157993372161 ], [ -78.377532747393815, -7.622429078777309 ], [ -78.37726104419616, -7.622427431698747 ], [ -78.377259393248266, -7.622698517040909 ], [ -78.376715986693156, -7.62269522225477 ], [ -78.37671103246349, -7.623508477903254 ], [ -78.376982736222516, -7.623510125559188 ], [ -78.376979433441605, -7.624052296091316 ], [ -78.377251137602244, -7.624053943695563 ], [ -78.377249486291703, -7.624325029015266 ], [ -78.377521190683368, -7.624326676508554 ], [ -78.377517888222158, -7.62486884725522 ], [ -78.377789593015464, -7.624870494696781 ], [ -78.37778794186481, -7.625141580123741 ], [ -78.378059646889156, -7.625143227454312 ], [ -78.378056344747776, -7.625685398415472 ], [ -78.378328050173792, -7.625687045694272 ], [ -78.378323097020413, -7.626500302285619 ], [ -78.378594803018743, -7.626501949571846 ], [ -78.378591500955693, -7.627044120732472 ], [ -78.378863207355749, -7.627045767966873 ], [ -78.378861556404246, -7.627316853600785 ], [ -78.379133263035371, -7.627318500724124 ], [ -78.379129961292506, -7.627860672099141 ], [ -78.379401668325357, -7.627862319170609 ], [ -78.379400017533996, -7.628133404911707 ], [ -78.37967172479793, -7.628135051872082 ], [ -78.379670074116859, -7.628406137668634 ], [ -78.379941781611876, -7.628407784517906 ], [ -78.379940131041096, -7.628678870369906 ], [ -78.380211838767181, -7.62868051710806 ], [ -78.380210188306719, -7.628951603015499 ], [ -78.381025312359341, -7.628956542385624 ], [ -78.381023662350614, -7.629227628466845 ], [ -78.381838787458591, -7.629232566481584 ], [ -78.381837137901627, -7.629503652736529 ], [ -78.383195681808587, -7.629511879650274 ], [ -78.383194033044873, -7.629782966197138 ], [ -78.383465742177947, -7.629784611128008 ], [ -78.383460796037127, -7.630597870923467 ], [ -78.38318908639188, -7.630596225815253 ], [ -78.383187437386923, -7.630867312347138 ], [ -78.382915727631229, -7.630865667009451 ], [ -78.382914078395203, -7.631136753478466 ], [ -78.382642368529091, -7.631135107911293 ], [ -78.382640719061996, -7.631406194317438 ], [ -78.382369009085437, -7.631404548520764 ], [ -78.382367359387246, -7.631675634864032 ], [ -78.382095649300283, -7.631673988837845 ], [ -78.382092349381381, -7.632216161394869 ], [ -78.381820639013185, -7.632214515080011 ], [ -78.381817338511382, -7.632756687503762 ], [ -78.381545627861968, -7.632755040900213 ], [ -78.381542326777179, -7.633297213190676 ], [ -78.381270615846532, -7.633295566298407 ], [ -78.38126236122433, -7.634650996663213 ], [ -78.380990649499964, -7.634649349304708 ], [ -78.380988998223614, -7.634920435307266 ], [ -78.380717286388759, -7.634918787719149 ], [ -78.380715634881213, -7.635189873658787 ], [ -78.380443922935882, -7.63518822584104 ], [ -78.380442271197111, -7.635459311717755 ], [ -78.38017055914132, -7.635457663670369 ], [ -78.38016890717131, -7.635728749484154 ], [ -78.379897195005043, -7.635727101207115 ], [ -78.379895542803794, -7.635998186957961 ], [ -78.379623830527066, -7.635996538451258 ], [ -78.37962217809455, -7.636267624139163 ], [ -78.379350465707361, -7.636265975402783 ], [ -78.379348813043578, -7.636537061027739 ], [ -78.379077100545913, -7.63653541206167 ], [ -78.379075447650848, -7.636806497623671 ], [ -78.378803735042709, -7.636804848427902 ], [ -78.378802081916362, -7.637075933926936 ], [ -78.378530369197762, -7.637074284501456 ], [ -78.378528715840091, -7.637345369937522 ], [ -78.378257003011015, -7.637343720282315 ], [ -78.378255349422034, -7.637614805655411 ], [ -78.377983636482497, -7.637613155770465 ], [ -78.377981982662192, -7.637884241080576 ], [ -78.37771026961218, -7.637882590965884 ], [ -78.377708615560536, -7.638153676213005 ], [ -78.377436902400063, -7.638152025868552 ], [ -78.377435248117052, -7.63842311105268 ], [ -78.377163534846105, -7.638421460478455 ], [ -78.377161880331727, -7.638692545599581 ], [ -78.376890166950318, -7.638690894795568 ], [ -78.376888512204559, -7.638961979853686 ], [ -78.376616798712689, -7.638960328819876 ], [ -78.376613488697913, -7.63950249880634 ], [ -78.37634177492464, -7.63950084748345 ], [ -78.376340119655595, -7.639771932411786 ], [ -78.376068405771861, -7.639770280859068 ], [ -78.376066750271391, -7.640041365724377 ], [ -78.375795036277182, -7.640039713941819 ], [ -78.375793380545275, -7.640310798744096 ], [ -78.375521666440591, -7.640309146731685 ], [ -78.375520010477231, -7.640580231470921 ], [ -78.375248296262072, -7.640578579228645 ], [ -78.375246640067274, -7.64084966390484 ], [ -78.37497492574164, -7.640848011432688 ], [ -78.374973269315362, -7.641119096045824 ], [ -78.374701554879266, -7.641117443343783 ], [ -78.374698241503197, -7.641659612440194 ], [ -78.374426526785641, -7.64165795944894 ], [ -78.374424869835849, -7.641929043932202 ], [ -78.374153155007832, -7.641927390711028 ], [ -78.374149840584664, -7.64246955954766 ], [ -78.373878125475159, -7.642467906037228 ], [ -78.373873152873429, -7.643281159086055 ], [ -78.373601437311393, -7.643279505227011 ], [ -78.373599779485403, -7.643550589509781 ], [ -78.373328063812863, -7.643548935420765 ], [ -78.373326405755293, -7.643820019640442 ], [ -78.373054689972278, -7.643818365321437 ], [ -78.373051373333382, -7.64436053363085 ], [ -78.372779657268836, -7.644358879022497 ], [ -78.372777998687496, -7.644629963112219 ], [ -78.371147702545827, -7.644620031522003 ], [ -78.371149362153503, -7.644348947788511 ], [ -78.369247353942825, -7.644337353583866 ], [ -78.369249014687213, -7.644066270262498 ], [ -78.367890440068166, -7.644057983865246 ], [ -78.367892101607111, -7.64378690083736 ], [ -78.367076958076808, -7.64378192712961 ], [ -78.36707862006817, -7.643510844276391 ], [ -78.365720049586699, -7.643502551648076 ], [ -78.365721712372505, -7.643231469088583 ], [ -78.365178284946964, -7.643228150961832 ], [ -78.365179948014102, -7.642957068517618 ], [ -78.364364807844353, -7.64295209022636 ], [ -78.364363144264175, -7.643223172491971 ], [ -78.363819717446034, -7.643219852658913 ], [ -78.363818053463064, -7.64349093480167 ], [ -78.363274626545945, -7.643487614166968 ], [ -78.363272962160124, -7.643758696186845 ], [ -78.363001248621714, -7.643757035553973 ], [ -78.362999584004086, -7.644028117510526 ], [ -78.362184443240423, -7.644023134409306 ], [ -78.362182778048904, -7.644294216183354 ], [ -78.361911064411572, -7.644292554748723 ], [ -78.361909398988189, -7.644563636459417 ], [ -78.361365971553866, -7.644560312958991 ], [ -78.361364305727577, -7.644831394546723 ], [ -78.361636019585376, -7.644833056441874 ], [ -78.361634353869306, -7.645104138085449 ], [ -78.361362639840451, -7.645102476130694 ], [ -78.361354309492526, -7.646457883994187 ], [ -78.361082594669099, -7.646456221570691 ], [ -78.361077595217168, -7.647269466064849 ], [ -78.360805879941253, -7.64726780329179 ], [ -78.360787542051014, -7.650249698825099 ], [ -78.36105925920954, -7.650251362253986 ], [ -78.361052589745483, -7.651335688028153 ], [ -78.36132430764961, -7.651337351524712 ], [ -78.36129929105951, -7.655403573536114 ], [ -78.361027570586572, -7.655401909145315 ], [ -78.361024233664537, -7.655944071896981 ], [ -78.360752512909826, -7.655942407216036 ], [ -78.360750844186242, -7.656213488526607 ], [ -78.360479123321056, -7.656211823615116 ], [ -78.360475785348711, -7.6567539861057 ], [ -78.360204064201724, -7.65675232090402 ], [ -78.36020239495295, -7.657023402084033 ], [ -78.359930673695487, -7.657021736651775 ], [ -78.359929004214507, -7.657292817768385 ], [ -78.359657282846584, -7.65729115210554 ], [ -78.359655613133398, -7.657562233158739 ], [ -78.359383891654971, -7.657560567265296 ], [ -78.359382221709566, -7.657831648255077 ], [ -78.359110500120678, -7.657829982131023 ], [ -78.359103819044861, -7.65891430581386 ], [ -78.358832096831378, -7.658912639280183 ], [ -78.358828755585421, -7.659454800979681 ], [ -78.358557033090051, -7.65945313415568 ], [ -78.358555362204342, -7.659724214940106 ], [ -78.358283639598469, -7.659722547885433 ], [ -78.358281968480455, -7.659993628606418 ], [ -78.358010245764092, -7.659991961321057 ], [ -78.358006903002561, -7.66053412263236 ], [ -78.357735180004283, -7.660532455056615 ], [ -78.357716788575004, -7.663514341342886 ], [ -78.358260238404412, -7.663517677636505 ], [ -78.358258566433776, -7.66378875830476 ], [ -78.358530291611316, -7.663790426254624 ], [ -78.358528619751283, -7.664061506978792 ], [ -78.358800345161228, -7.664063174817236 ], [ -78.358797001601474, -7.664605336373619 ], [ -78.359068727415305, -7.664607004160301 ], [ -78.359067055715613, -7.664878084992509 ], [ -78.359338781761835, -7.66487975266774 ], [ -78.35933543852282, -7.665421914440176 ], [ -78.359607164972985, -7.665423582063603 ], [ -78.359602150172492, -7.666236824872966 ], [ -78.35987387719814, -7.666238492504212 ], [ -78.359867190631505, -7.667322816435867 ], [ -78.3595954629196, -7.667321148566021 ], [ -78.359593790954193, -7.667592229479866 ], [ -78.3593220631316, -7.667590561379191 ], [ -78.359320390933732, -7.667861642229606 ], [ -78.359048663000422, -7.667859973898088 ], [ -78.359046990570079, -7.668131054685074 ], [ -78.359318718674984, -7.668132723076256 ], [ -78.359312029031173, -7.669217046425159 ], [ -78.359583757883371, -7.669218714883773 ], [ -78.359577067951975, -7.670303038410989 ], [ -78.359305338413265, -7.670301369713747 ], [ -78.359295300659909, -7.671927854533521 ], [ -78.359023570152118, -7.671926185307057 ], [ -78.35901854993844, -7.672739427487048 ], [ -78.358746818976471, -7.672737757910299 ], [ -78.358741797699651, -7.673550999877333 ], [ -78.358470066283459, -7.673549329950264 ], [ -78.358468392231018, -7.673820410538721 ], [ -78.358196660703996, -7.673818740380657 ], [ -78.358194986418923, -7.67408982090566 ], [ -78.356836328839023, -7.67408146724707 ], [ -78.35683800398273, -7.673810387020571 ], [ -78.356294541720771, -7.673807044477316 ], [ -78.356296217146976, -7.673535964366486 ], [ -78.356024486279139, -7.673534292897617 ], [ -78.356026161816104, -7.673263212842748 ], [ -78.355210970093523, -7.673258197587502 ], [ -78.355212646084638, -7.672987117708092 ], [ -78.354125725328402, -7.672980428541911 ], [ -78.354124048650476, -7.67325150818226 ], [ -78.353308858208706, -7.673246489329649 ], [ -78.35330718095463, -7.67351756878687 ], [ -78.353035450757702, -7.673515895433596 ], [ -78.353030418114187, -7.674329133603218 ], [ -78.352758687463123, -7.674327459899223 ], [ -78.352757009621484, -7.674598539221741 ], [ -78.352485278859717, -7.674596865286608 ], [ -78.352483600785305, -7.674867944545541 ], [ -78.352211869912836, -7.674866270379258 ], [ -78.352206834808101, -7.675679507953967 ], [ -78.351935103481438, -7.675677833436873 ], [ -78.35193006731194, -7.676491070798136 ], [ -78.351658335531013, -7.676489395930198 ], [ -78.351649939835099, -7.67784479115765 ], [ -78.351378207256246, -7.677843115819152 ], [ -78.351374848206802, -7.678385273764031 ], [ -78.351103115345381, -7.678383598134443 ], [ -78.351099755708006, -7.678925755944524 ], [ -78.350828022564002, -7.678924080023823 ], [ -78.350824662338624, -7.679466237699105 ], [ -78.350552928912037, -7.679464561487264 ], [ -78.350549568098614, -7.680006719027726 ], [ -78.350277834389388, -7.680005042524721 ], [ -78.350276153719179, -7.680276121229422 ], [ -78.3497326861403, -7.680272767589308 ], [ -78.349731005065266, -7.680543846170492 ], [ -78.349459271195599, -7.680542169033369 ], [ -78.349457589887578, -7.680813247550894 ], [ -78.349185855907166, -7.680811570182417 ], [ -78.349184174366158, -7.68108264863628 ], [ -78.348912440274972, -7.68108097103644 ], [ -78.348910758500949, -7.681352049426626 ], [ -78.348639024299004, -7.681350371595412 ], [ -78.348637342291966, -7.68162144992193 ], [ -78.348093873727706, -7.681618093625232 ], [ -78.348092191315715, -7.681889171828153 ], [ -78.347820456953414, -7.681887493362653 ], [ -78.347818774308379, -7.682158571501877 ], [ -78.347275305423409, -7.682155213936542 ], [ -78.347273622373407, -7.682426291952137 ], [ -78.347001887850752, -7.682424612852285 ], [ -78.347000204567649, -7.682695690804158 ], [ -78.346728469934263, -7.68269401147286 ], [ -78.34672678641806, -7.682965089361013 ], [ -78.346455051673928, -7.682963409798254 ], [ -78.34645336792461, -7.683234487622685 ], [ -78.345909898276048, -7.683231127862692 ], [ -78.345906529906117, -7.683773283260377 ], [ -78.345634794829749, -7.683771603003163 ], [ -78.345631425871133, -7.684313758265793 ], [ -78.345359690512069, -7.684312077717097 ], [ -78.345358005768986, -7.684583155282769 ], [ -78.345086270299163, -7.684581474502545 ], [ -78.345079530026823, -7.685665784487503 ], [ -78.344807793930329, -7.685664103295786 ], [ -78.344804423082849, -7.686206258145604 ], [ -78.344532686703587, -7.686204576662325 ], [ -78.344531001016009, -7.68647565402157 ], [ -78.343987528097173, -7.68647229042024 ], [ -78.343985842004358, -7.686743367655699 ], [ -78.343714105464798, -7.686741685537628 ], [ -78.343712419138697, -7.687012762709296 ], [ -78.343168945899293, -7.687009397838309 ], [ -78.343167259167927, -7.687280474886158 ], [ -78.341536839888093, -7.687270375794363 ], [ -78.341535152063287, -7.687541452478161 ], [ -78.341263415559141, -7.687539768635485 ], [ -78.341261727501006, -7.687810845255434 ], [ -78.340989990886129, -7.687809161181066 ], [ -78.340988302594639, -7.68808023773716 ], [ -78.340716565869045, -7.68807855343109 ], [ -78.340714877344197, -7.688349629923322 ], [ -78.340443140507887, -7.688347945385539 ], [ -78.340441451749669, -7.688619021813902 ], [ -78.340169714802627, -7.688617337044392 ], [ -78.340166336758088, -7.689159489769586 ], [ -78.339622862359761, -7.689156119475238 ], [ -78.33962117290136, -7.689427195711958 ], [ -78.337990750146474, -7.68941708034848 ], [ -78.337989059594278, -7.689688156220671 ], [ -78.337717322511196, -7.689686469665804 ], [ -78.33771563172553, -7.689957545474063 ], [ -78.337443894531759, -7.689955858687378 ], [ -78.337440512432082, -7.690498010172237 ], [ -78.337168774955529, -7.690496323093563 ], [ -78.337167083641503, -7.690767398770152 ], [ -78.336623608528413, -7.690764023977427 ], [ -78.336620225027715, -7.69130617507858 ], [ -78.336348487219084, -7.691304487304331 ], [ -78.33634510312848, -7.691846638269983 ], [ -78.336073365037009, -7.691844950203666 ], [ -78.336068287924036, -7.692658176443193 ], [ -78.335796549377605, -7.692656488024594 ], [ -78.335793163984178, -7.693198638711634 ], [ -78.335521425154866, -7.693196950000911 ], [ -78.335519732193845, -7.693468025278551 ], [ -78.33524799325383, -7.693466336335886 ], [ -78.335246300059183, -7.693737411549538 ], [ -78.334974561008465, -7.693735722374915 ], [ -78.334967786926683, -7.694820022950807 ], [ -78.335239526666143, -7.694821712366261 ], [ -78.335237833164257, -7.695092787560972 ], [ -78.334966093252604, -7.695091098085308 ], [ -78.334964399517048, -7.695362173216021 ], [ -78.334692659494664, -7.695360483508357 ], [ -78.334690965525454, -7.695631558575066 ], [ -78.33441922539231, -7.695629868635389 ], [ -78.334417531189416, -7.695900943638088 ], [ -78.334145790945527, -7.695899253466388 ], [ -78.33414409650895, -7.696170328405072 ], [ -78.333872356154316, -7.696168638001331 ], [ -78.333870661484042, -7.69643971287599 ], [ -78.333598921018648, -7.696438022240202 ], [ -78.333597226114662, -7.696709097050835 ], [ -78.333325485538538, -7.696707406182987 ], [ -78.333323790400812, -7.696978480929584 ], [ -78.333052049713928, -7.696976789829661 ], [ -78.333048658909519, -7.697518939190977 ], [ -78.33277691793964, -7.697517247798713 ], [ -78.332775222272915, -7.697788322413428 ], [ -78.332503481192305, -7.697786630789059 ], [ -78.332501785291811, -7.698057705339719 ], [ -78.332230044100442, -7.698056013483237 ], [ -78.332223259194194, -7.699140311406879 ], [ -78.331951517375231, -7.699138619137438 ], [ -78.331949820822558, -7.699409693548595 ], [ -78.331678078892836, -7.699408001046995 ], [ -78.331676382106338, -7.699679075394076 ], [ -78.331404640065841, -7.699677382660306 ], [ -78.331402943045518, -7.699948456943307 ], [ -78.330859458804539, -7.699945070839507 ], [ -78.330861156169476, -7.699673996677105 ], [ -78.330589414313621, -7.699672303427673 ], [ -78.330591111789317, -7.699401229321786 ], [ -78.330047628606877, -7.699397842427897 ], [ -78.330049326365597, -7.699126768438852 ], [ -78.329505843774044, -7.699123380978103 ], [ -78.329507541815772, -7.698852307105922 ], [ -78.327877096553024, -7.698842140960832 ], [ -78.327875397477584, -7.699113214470892 ], [ -78.327060175161165, -7.699108128897004 ], [ -78.327061874753454, -7.698837055568086 ], [ -78.326518393861932, -7.698833664446931 ], [ -78.326520093737145, -7.698562591235016 ], [ -78.324074434328338, -7.698547323226358 ], [ -78.324076135692337, -7.698276250554517 ], [ -78.323804396238742, -7.698274553310283 ], [ -78.323806097713302, -7.698003480695111 ], [ -78.323534358493689, -7.698001783339491 ], [ -78.323536060078794, -7.697730710780991 ], [ -78.323264321093177, -7.697729013313996 ], [ -78.323266022788786, -7.697457940812176 ], [ -78.322722545347233, -7.697454545483637 ], [ -78.32272424732561, -7.697183473098987 ], [ -78.321637293872385, -7.697176680621925 ], [ -78.321635591205023, -7.697447752764575 ], [ -78.321092114504481, -7.697444355374055 ], [ -78.321090411430845, -7.697715427391875 ], [ -78.320818673000986, -7.697713728378342 ], [ -78.320816969693325, -7.697984800331841 ], [ -78.320273492674445, -7.697981401668189 ], [ -78.320271788960468, -7.69825247349682 ], [ -78.319728311844258, -7.698249074024697 ], [ -78.31972660772395, -7.698520145728437 ], [ -78.319183130510439, -7.698516745447799 ], [ -78.319181425983786, -7.698787817026619 ], [ -78.318637948673, -7.698784415937418 ], [ -78.318636243739959, -7.699055487391296 ], [ -78.31836450500505, -7.699053786528323 ], [ -78.318362799837885, -7.699324857917825 ], [ -78.318091060992529, -7.699323156822396 ], [ -78.31808253336763, -7.700678513410015 ], [ -78.317810793722586, -7.700676811839738 ], [ -78.317800557497719, -7.702303239256038 ], [ -78.317528816880511, -7.702301537150245 ], [ -78.317525403965973, -7.702843679470765 ], [ -78.316981922227697, -7.702840274500919 ], [ -78.316978508376238, -7.703382416563806 ], [ -78.316706767255141, -7.703380713699715 ], [ -78.316703352811402, -7.703922855626168 ], [ -78.316431611407438, -7.703921152468859 ], [ -78.316433318832637, -7.703650081568159 ], [ -78.315618095509237, -7.703644971246304 ], [ -78.315619803389694, -7.703373900523725 ], [ -78.314804581140592, -7.703368788836133 ], [ -78.31480628947628, -7.703097718291724 ], [ -78.312904107602662, -7.703085785426857 ], [ -78.312907526501391, -7.702543645176288 ], [ -78.313179266238464, -7.702545350265716 ], [ -78.313187811539152, -7.701189999269289 ], [ -78.312916072663796, -7.701188294483389 ], [ -78.312919490694995, -7.700646154179647 ], [ -78.311832537191862, -7.700639333802705 ], [ -78.311834246803755, -7.700368263888024 ], [ -78.309932081766362, -7.700356322035603 ], [ -78.309930370948294, -7.700627391525003 ], [ -78.30938689543693, -7.700623977898584 ], [ -78.309388606599626, -7.700352908530752 ], [ -78.308845131681053, -7.700349494338337 ], [ -78.308846843126318, -7.700078425088296 ], [ -78.30857510593242, -7.700076717795056 ], [ -78.308576817487918, -7.69980564860202 ], [ -78.308305080528385, -7.699803941197707 ], [ -78.308306792194102, -7.699532872061682 ], [ -78.308035055468935, -7.699531164546308 ], [ -78.308036767244857, -7.699260095467299 ], [ -78.307765030754055, -7.699258387840877 ], [ -78.307766742640197, -7.698987318818892 ], [ -78.307495006383732, -7.698985611081434 ], [ -78.307498430314283, -7.698443473147725 ], [ -78.307226694464461, -7.698441765360077 ], [ -78.307231830411354, -7.697628558613529 ], [ -78.306960095140397, -7.697626850836554 ], [ -78.306961807170737, -7.697355781974285 ], [ -78.306690072134117, -7.697354074086327 ], [ -78.306691784274591, -7.697083005281105 ], [ -78.306148314732141, -7.697079589111439 ], [ -78.30615002715497, -7.69680852042413 ], [ -78.30587829264914, -7.696806812142441 ], [ -78.305881717652866, -7.696264674878155 ], [ -78.30479478162863, -7.69625784052035 ], [ -78.304793068468982, -7.696528908910877 ], [ -78.303977866586735, -7.696523781155974 ], [ -78.303976152848264, -7.696794849360001 ], [ -78.303704418839629, -7.696793139703852 ], [ -78.303700990831757, -7.697335275978677 ], [ -78.303429256540824, -7.697333566028885 ], [ -78.303427542271393, -7.697604634099683 ], [ -78.303155807870411, -7.697602923917147 ], [ -78.303147234729181, -7.698958263909524 ], [ -78.302875499529122, -7.6989565532505 ], [ -78.30287378454203, -7.699227621176647 ], [ -78.302330313983958, -7.69922419922116 ], [ -78.302328598590108, -7.699495267021626 ], [ -78.302056863232096, -7.699493555725138 ], [ -78.302055147603753, -7.699764623460855 ], [ -78.301783412135677, -7.699762911931545 ], [ -78.301781696272826, -7.700033979602501 ], [ -78.301238225178764, -7.700030555906333 ], [ -78.301236508909099, -7.700301623451558 ], [ -78.300964773283113, -7.700299911284683 ], [ -78.300963056778897, -7.700570978765131 ], [ -78.300691321042862, -7.700569266365388 ], [ -78.300689604304097, -7.700840333781056 ], [ -78.300417868457998, -7.700838621148439 ], [ -78.300412717351264, -7.70165182318967 ], [ -78.300140981050447, -7.701650110202174 ], [ -78.300135828866388, -7.702463312026216 ], [ -78.299864092110823, -7.702461598683803 ], [ -78.299862374419263, -7.702732665889878 ], [ -78.299590637553592, -7.702730952314528 ], [ -78.299587201638943, -7.703273086593261 ], [ -78.299315464490832, -7.703271372723949 ], [ -78.299313746267728, -7.703542439796597 ], [ -78.299042009009526, -7.703540725694315 ], [ -78.299040290551758, -7.703811792702143 ], [ -78.298768553183464, -7.703810078366877 ], [ -78.298766834491033, -7.704081145309877 ], [ -78.298495097012633, -7.70407943074162 ], [ -78.298493378085524, -7.704350497619785 ], [ -78.298221640497033, -7.704348782818524 ], [ -78.298219921335232, -7.704619849631848 ], [ -78.297948183636663, -7.704618134597568 ], [ -78.297946464240141, -7.704889201346045 ], [ -78.297674726431481, -7.704887486078734 ], [ -78.297666127652079, -7.70624281945882 ], [ -78.297394389043646, -7.706241103714242 ], [ -78.29739094875076, -7.706783236917533 ], [ -78.297119209859758, -7.706781520878815 ], [ -78.297117489447373, -7.707052587413688 ], [ -78.296574011507474, -7.707049154698021 ], [ -78.296572290687848, -7.707320221106949 ], [ -78.296300551638964, -7.707318504429982 ], [ -78.296298830584519, -7.707589570774024 ], [ -78.293581441801436, -7.707572393931033 ], [ -78.293583164580511, -7.707301328198141 ], [ -78.293039687917585, -7.707297890887307 ], [ -78.293041410979143, -7.70702682527291 ], [ -78.291954459092295, -7.70701994883147 ], [ -78.29195618278122, -7.706748883457949 ], [ -78.290325757859321, -7.706738564002071 ], [ -78.290324033135732, -7.707009629008391 ], [ -78.289780558316721, -7.707006187691124 ], [ -78.289778833185721, -7.70727725257119 ], [ -78.289507095697502, -7.707275531593279 ], [ -78.289503644903093, -7.707817661219515 ], [ -78.289231907132461, -7.707815939947088 ], [ -78.289228455743057, -7.708358069435614 ], [ -78.288956717690013, -7.708356347868647 ], [ -78.288951539619561, -7.70916954188914 ], [ -78.28867980111157, -7.709167819966354 ], [ -78.288676348406995, -7.7097099491718 ], [ -78.288404609616506, -7.709708226954416 ], [ -78.288402882997914, -7.709979291490172 ], [ -78.288131144097449, -7.709977569039433 ], [ -78.288129417243795, -7.710248633510109 ], [ -78.287585939285478, -7.710245187969797 ], [ -78.287584212024228, -7.710516252314117 ], [ -78.287312472966377, -7.710514529224525 ], [ -78.287310745470037, -7.710785593503752 ], [ -78.28676726719695, -7.710782146685661 ], [ -78.286765539292972, -7.711053210838489 ], [ -78.286493800077764, -7.711051487109971 ], [ -78.286490343737, -7.711593615281597 ], [ -78.286218604239266, -7.711591891258344 ], [ -78.286216875802467, -7.711862955277134 ], [ -78.285945136194741, -7.711861231020431 ], [ -78.285943407522808, -7.712132294974094 ], [ -78.285671667805119, -7.712130570483938 ], [ -78.285668209928303, -7.712672698257194 ], [ -78.285396469928074, -7.712670973472238 ], [ -78.285394740723191, -7.712942037291818 ], [ -78.285123000612998, -7.712940312273376 ], [ -78.285110893217549, -7.714837758474405 ], [ -78.284839151961734, -7.71483603285442 ], [ -78.284833961620834, -7.715649223842235 ], [ -78.285105703394564, -7.715650949646241 ], [ -78.285102243199503, -7.716193077075066 ], [ -78.28455875902408, -7.716189625049459 ], [ -78.284557028487313, -7.716460688635467 ], [ -78.284013544217061, -7.716457235798212 ], [ -78.284011813272315, -7.716728299257695 ], [ -78.283468328907304, -7.716724845608742 ], [ -78.283466597554593, -7.716995908941676 ], [ -78.28210788687521, -7.71698727149806 ], [ -78.282106154596448, -7.71725833452023 ], [ -78.281019186490497, -7.717251421219159 ], [ -78.281017453458333, -7.717522483991841 ], [ -78.280473969436215, -7.7175190261849 ], [ -78.280472235995944, -7.717790088830898 ], [ -78.279928751879353, -7.717786630212011 ], [ -78.279927018030961, -7.718057692731302 ], [ -78.279655275894072, -7.718055963102 ], [ -78.279653541810262, -7.718327025556015 ], [ -78.279110057379299, -7.718323565657661 ], [ -78.279108322887325, -7.718594627984928 ], [ -78.278836580593264, -7.718592897715855 ], [ -78.278834845865816, -7.718863959977829 ], [ -78.278563103461806, -7.718862229474991 ], [ -78.278561368498885, -7.719133291671668 ], [ -78.278017883533735, -7.719129830026132 ], [ -78.278016148162592, -7.719400892096013 ], [ -78.277744405601453, -7.719399160953301 ], [ -78.277742669994822, -7.719670222957864 ], [ -78.277470927323733, -7.719668491581341 ], [ -78.277469191481558, -7.71993955352058 ], [ -78.277197448700534, -7.719937821910237 ], [ -78.277195712622827, -7.720208883784144 ], [ -78.276923969731854, -7.720207151939965 ], [ -78.276922233418603, -7.720478213748537 ], [ -78.276650490417694, -7.720476481670519 ], [ -78.276640070182623, -7.722102852072635 ], [ -78.276911814220156, -7.722104584519811 ], [ -78.276910077467264, -7.722375646301662 ], [ -78.277181821740399, -7.722377378637998 ], [ -78.277180085097498, -7.722648440477546 ], [ -78.277451829606235, -7.722650172703025 ], [ -78.277450093073341, -7.722921234600273 ], [ -78.277993582624802, -7.722924698657113 ], [ -78.277991846374732, -7.72319576067355 ], [ -78.278263591417456, -7.723197492504895 ], [ -78.278261855277421, -7.723468554579008 ], [ -78.278533600555747, -7.723470286299453 ], [ -78.27853186452576, -7.723741348431243 ], [ -78.27880361003966, -7.723743080040775 ], [ -78.27880187411975, -7.72401414223023 ], [ -78.279345365681522, -7.724017605055036 ], [ -78.279343630044508, -7.724288667363621 ], [ -78.279615376092366, -7.724290398578877 ], [ -78.279613640565458, -7.724561460945111 ], [ -78.280157133195075, -7.724564922981298 ], [ -78.28015539795112, -7.724835985466625 ], [ -78.280698891177394, -7.724839446936015 ], [ -78.280697156216419, -7.725110509540412 ], [ -78.280968903096493, -7.725112240077902 ], [ -78.280967168245652, -7.725383302739917 ], [ -78.281238915361314, -7.725385033166403 ], [ -78.281237180620636, -7.725656095886028 ], [ -78.281780675385804, -7.725659556344518 ], [ -78.281778940928177, -7.725930619183164 ], [ -78.282050688577684, -7.725932349215154 ], [ -78.282048954230248, -7.726203412111394 ], [ -78.282320702115342, -7.726205142032332 ], [ -78.282318967878084, -7.726476204986157 ], [ -78.282590715998751, -7.726477934796036 ], [ -78.282588981871712, -7.726748997807443 ], [ -78.283132478646863, -7.726752457032585 ], [ -78.283130744802961, -7.72702352016295 ], [ -78.283402493457444, -7.727025249578197 ], [ -78.283386887598681, -7.729464818132071 ], [ -78.283115137387796, -7.729463088164398 ], [ -78.283106464408206, -7.730818403587076 ], [ -78.282834713395076, -7.730816673139936 ], [ -78.282832978438165, -7.731087736151625 ], [ -78.283104729624284, -7.731089466660155 ], [ -78.283097789861898, -7.732173718914251 ], [ -78.283369541802742, -7.732175449495736 ], [ -78.283364336842027, -7.732988638830336 ], [ -78.28363608936462, -7.732990369423357 ], [ -78.283625678789633, -7.734616748357635 ], [ -78.283897432413269, -7.734618479146261 ], [ -78.283893962066514, -7.735160605549853 ], [ -78.284165716098983, -7.735162336288558 ], [ -78.28416398100471, -7.735433399545985 ], [ -78.284435735272936, -7.735435130173387 ], [ -78.284418382615982, -7.738145763151003 ], [ -78.284690138678172, -7.738147494219262 ], [ -78.284686667741411, -7.738689620891614 ], [ -78.284414911332888, -7.738687889700651 ], [ -78.284401023694713, -7.740856395746276 ], [ -78.284129265963216, -7.740854663891696 ], [ -78.284127529553317, -7.741125727068831 ], [ -78.283855771711245, -7.741123994980092 ], [ -78.28385403506546, -7.741395058092034 ], [ -78.283582277112799, -7.741393325769127 ], [ -78.283580540231114, -7.741664388815872 ], [ -78.283308782167893, -7.741662656258786 ], [ -78.283298358522231, -7.743289034090647 ], [ -78.283026599482085, -7.743287300992443 ], [ -78.283019648438383, -7.744371552558288 ], [ -78.282747888767744, -7.744369819041673 ], [ -78.2827461506768, -7.744640881862177 ], [ -78.283017910520741, -7.744642615440184 ], [ -78.283016172540442, -7.744913678318252 ], [ -78.283287932620382, -7.744915411784765 ], [ -78.283284456818393, -7.745457537652189 ], [ -78.283556217307634, -7.745459271068579 ], [ -78.283551003654622, -7.746272460025149 ], [ -78.283279242645335, -7.74627072642462 ], [ -78.283277504462305, -7.746541789341107 ], [ -78.283005743342329, -7.746540055506282 ], [ -78.283004004923271, -7.746811118357557 ], [ -78.282732243692635, -7.746809384288419 ], [ -78.282728766319721, -7.747351509856696 ], [ -78.282457004805011, -7.747349775491838 ], [ -78.282455265851155, -7.747620838208841 ], [ -78.28218350422577, -7.747619103609639 ], [ -78.28218176503583, -7.747890166261407 ], [ -78.280007672903452, -7.747876282750442 ], [ -78.280005932263691, -7.748147344906926 ], [ -78.279190648229104, -7.748142135552288 ], [ -78.2791889070064, -7.748413197520541 ], [ -78.27864538428372, -7.748409723629726 ], [ -78.278643642651446, -7.748680785471185 ], [ -78.278100119833084, -7.748677310765548 ], [ -78.278098377791224, -7.748948372480193 ], [ -78.277554854877238, -7.748944896959689 ], [ -78.27755311242575, -7.749215958547492 ], [ -78.277009589416167, -7.749212482212074 ], [ -78.277007846555051, -7.749483543673009 ], [ -78.276736084971063, -7.74948180518431 ], [ -78.276734341873691, -7.749752866579884 ], [ -78.276462580179114, -7.749751127856671 ], [ -78.276460836845487, -7.750022189186882 ], [ -78.276189075040307, -7.75002045022914 ], [ -78.27618733147041, -7.75029151149398 ], [ -78.275915569554627, -7.7502897723017 ], [ -78.275913825748461, -7.750560833501162 ], [ -78.275642063722088, -7.750559094074331 ], [ -78.27564031967961, -7.750830155208412 ], [ -78.275368557542663, -7.750828415547016 ], [ -78.275366813263872, -7.751099476615701 ], [ -78.275095051016308, -7.751097736719729 ], [ -78.275093306501219, -7.751368797723021 ], [ -78.274821544143052, -7.751367057592462 ], [ -78.274819799391636, -7.751638118530352 ], [ -78.27454803692288, -7.751636378165194 ], [ -78.27454629193511, -7.75190743903767 ], [ -78.274274529355765, -7.7519056984379 ], [ -78.274272784131639, -7.752176759244962 ], [ -78.274001021441691, -7.752175018410568 ], [ -78.273999275981197, -7.752446079152207 ], [ -78.27372751318066, -7.752444338083179 ], [ -78.273724021724007, -7.752986459431765 ], [ -78.273452258639395, -7.752984718066485 ], [ -78.273447020462143, -7.753797899875806 ], [ -78.273175256919899, -7.753796158152644 ], [ -78.273173510561492, -7.754067218686476 ], [ -78.270999403100646, -7.754053278177338 ], [ -78.270997655291112, -7.75432433821425 ], [ -78.26991060237745, -7.754317363559032 ], [ -78.269908853810819, -7.754588423345417 ], [ -78.26963709056632, -7.754586679187205 ], [ -78.269638839306481, -7.754315619462512 ], [ -78.267736499573857, -7.754303405940453 ], [ -78.267734749618981, -7.754574465233164 ], [ -78.267191224201255, -7.754570973974184 ], [ -78.267189473836282, -7.754842033139579 ], [ -78.266917711048464, -7.754840287188702 ], [ -78.26691596044688, -7.755111346288509 ], [ -78.266644197548587, -7.755109600102779 ], [ -78.266645948323699, -7.754838541064732 ], [ -78.266374185661988, -7.754836794767662 ], [ -78.266375936547561, -7.754565735787533 ], [ -78.265832411760428, -7.754562242797649 ], [ -78.265834162930005, -7.754291183937229 ], [ -78.265290638742243, -7.75428769037855 ], [ -78.265292390195782, -7.754016631637858 ], [ -78.265020628370053, -7.754014884660686 ], [ -78.26502237993401, -7.753743825977947 ], [ -78.264478856818897, -7.753740331627976 ], [ -78.264480608666773, -7.753469273065003 ], [ -78.264208847377404, -7.753467525692222 ], [ -78.264207095355999, -7.753738584193384 ], [ -78.26393533395624, -7.753736836585721 ], [ -78.263933581698211, -7.75400789502123 ], [ -78.263118297357096, -7.754002650974338 ], [ -78.263116544515398, -7.754273709220523 ], [ -78.262573021589972, -7.754270212200194 ], [ -78.262571268338078, -7.754541270318854 ], [ -78.262027745318235, -7.754537772482488 ], [ -78.262022484142364, -7.755350946444303 ], [ -78.262294246141323, -7.75535269563461 ], [ -78.262273197835682, -7.758605391878739 ], [ -78.262544961980822, -7.758607141638185 ], [ -78.262543207718409, -7.758878199695432 ], [ -78.262271443399641, -7.758876449874129 ], [ -78.262241608322739, -7.763484435208176 ], [ -78.262513375594096, -7.763486186081015 ], [ -78.262511620194815, -7.763757244069128 ], [ -78.262783387703081, -7.763758994830528 ], [ -78.262774610628014, -7.765114285022702 ], [ -78.263046379068214, -7.765116035920025 ], [ -78.263044623637512, -7.765387094008778 ], [ -78.26331639231465, -7.765388844794611 ], [ -78.263314636994579, -7.765659902941359 ], [ -78.26385817488584, -7.765663404116685 ], [ -78.263845888310584, -7.767560811901917 ], [ -78.263574118116708, -7.767559060968138 ], [ -78.263570606750761, -7.768101177319966 ], [ -78.263298836272369, -7.768099426089141 ], [ -78.263281273915453, -7.770810006999285 ], [ -78.263009501761459, -7.770808254976677 ], [ -78.263007745004558, -7.771079312984706 ], [ -78.262735972739819, -7.771077560726798 ], [ -78.262734215745823, -7.771348618669133 ], [ -78.262462443370339, -7.77134686617591 ], [ -78.262458928845049, -7.771888981925345 ], [ -78.262187156184879, -7.77188722913494 ], [ -78.262183641059053, -7.772429344745273 ], [ -78.261911868114169, -7.77242759165766 ], [ -78.261910110282557, -7.772698649395191 ], [ -78.262181883401368, -7.772700402544671 ], [ -78.262180125680516, -7.772971460340222 ], [ -78.262451899036449, -7.77297321337806 ], [ -78.262450141426385, -7.773244271231623 ], [ -78.262721915019455, -7.773246024157814 ], [ -78.262720157520178, -7.77351708206938 ], [ -78.263263705243716, -7.77352058752491 ], [ -78.263261948029211, -7.773791645556321 ], [ -78.263533722159693, -7.773793398085648 ], [ -78.263531965056018, -7.774064456175042 ], [ -78.263803739423608, -7.774066208592672 ], [ -78.263801982430778, -7.774337266740051 ], [ -78.264345531703341, -7.774340771178363 ], [ -78.264343774995339, -7.77461182944553 ], [ -78.264615549900299, -7.774613581466193 ], [ -78.264613793303184, -7.774884639791327 ], [ -78.264885568445251, -7.774886391700247 ], [ -78.264883811959024, -7.775157450083339 ], [ -78.265699138285925, -7.775162704954193 ], [ -78.265697382258608, -7.77543376351881 ], [ -78.265969158001113, -7.775435514857099 ], [ -78.265967402084698, -7.775706573479649 ], [ -78.266239178064311, -7.775708324706148 ], [ -78.26623742225884, -7.77597938338663 ], [ -78.267052751098234, -7.775984636210003 ], [ -78.267050995751774, -7.776255695071921 ], [ -78.267594548974756, -7.776259196209791 ], [ -78.267592793913295, -7.77653025519135 ], [ -78.267864570793407, -7.776532005561655 ], [ -78.267862815842932, -7.776803064601104 ], [ -78.268134592960124, -7.776804814859551 ], [ -78.268132838120664, -7.777075873956885 ], [ -78.26840461547495, -7.77707762410346 ], [ -78.268402860746505, -7.777348683258674 ], [ -78.268946415992289, -7.777352183154457 ], [ -78.268944661548929, -7.777623242429259 ], [ -78.269216439440413, -7.777624992178446 ], [ -78.269214685108111, -7.777896051511105 ], [ -78.269486463236674, -7.777897801148383 ], [ -78.26948295473116, -7.778439919925557 ], [ -78.269754733270901, -7.778441669512605 ], [ -78.269752979097717, -7.778712728957115 ], [ -78.270024757874552, -7.778714478432222 ], [ -78.27002124968736, -7.779256597433082 ], [ -78.270293028875386, -7.779258346857913 ], [ -78.270287766644458, -7.780071525515398 ], [ -78.270559546417815, -7.780073274951607 ], [ -78.270556038297158, -7.78061539416071 ], [ -78.270827818481763, -7.780617143546597 ], [ -78.270826064501094, -7.780888203207045 ], [ -78.271369625407502, -7.780891701581096 ], [ -78.271367871712144, -7.781162761361019 ], [ -78.271639652433947, -7.781164510349166 ], [ -78.271636145202635, -7.78170663002078 ], [ -78.271907926335714, -7.781708378958525 ], [ -78.271906172799774, -7.781979438850209 ], [ -78.272449735603132, -7.781982936327849 ], [ -78.272447982352574, -7.782253996338957 ], [ -78.272991545756042, -7.782257493244999 ], [ -78.272989792790909, -7.78252855337551 ], [ -78.273261574761221, -7.782530301629569 ], [ -78.273259821907331, -7.78280136181785 ], [ -78.273803386385083, -7.782804857928002 ], [ -78.27380163381666, -7.783075918235645 ], [ -78.2740734163241, -7.783077666091723 ], [ -78.274071663866962, -7.783348726457119 ], [ -78.27434344661151, -7.783350474201046 ], [ -78.274338189385247, -7.784163655458919 ], [ -78.274609972715325, -7.784165403213859 ], [ -78.274602962896608, -7.785249645083489 ], [ -78.274331178869616, -7.785247897082203 ], [ -78.274327673234382, -7.785790017870751 ], [ -78.274055888921779, -7.78578826957249 ], [ -78.274052382686406, -7.786330390222455 ], [ -78.27378059808818, -7.786328641627199 ], [ -78.273764815346297, -7.788768183807075 ], [ -78.273493029242317, -7.788766434483559 ], [ -78.273491275115433, -7.789037494644905 ], [ -78.27321948890004, -7.78903574508591 ], [ -78.273215980108802, -7.789577865273833 ], [ -78.272944193607671, -7.789576115417727 ], [ -78.272935419656463, -7.790931415512039 ], [ -78.272663632346479, -7.790929665173928 ], [ -78.272658366697357, -7.791742844999411 ], [ -78.272930154530499, -7.7917445955224 ], [ -78.272928399362627, -7.792015655518148 ], [ -78.272656611355089, -7.792013904933537 ], [ -78.272647833699594, -7.793369204546361 ], [ -78.272919622579195, -7.793370955439098 ], [ -78.272917867033698, -7.793642015411727 ], [ -78.273189656150691, -7.793643766192116 ], [ -78.273187900716678, -7.793914826222511 ], [ -78.27345969007105, -7.793916576890535 ], [ -78.273457934748549, -7.794187636978691 ], [ -78.273729724340285, -7.79418938753434 ], [ -78.27372621385544, -7.794731507822301 ], [ -78.273998003859006, -7.794733258327162 ], [ -78.273982205132953, -7.797172799986639 ], [ -78.273710413558973, -7.797171048927365 ], [ -78.27369460816567, -7.799610589720177 ], [ -78.273422815083691, -7.799608837932371 ], [ -78.273421058439666, -7.799879897939571 ], [ -78.273692851696239, -7.799881649788988 ], [ -78.273689338568587, -7.80042376991504 ], [ -78.27341754496284, -7.800422017942408 ], [ -78.273414031234296, -7.800964137929816 ], [ -78.273142237342284, -7.80096238565982 ], [ -78.273136965753608, -7.801775565427159 ], [ -78.272865171400696, -7.801773812798157 ], [ -78.27286165634429, -7.80231593250052 ], [ -78.272589861705058, -7.802314179574104 ], [ -78.272588103907793, -7.80258523935787 ], [ -78.272316309156864, -7.802583486195646 ], [ -78.272314551122008, -7.802854545913922 ], [ -78.272586346047575, -7.802856299137777 ], [ -78.27258107208921, -7.803669478454355 ], [ -78.272309276639675, -7.803667725045596 ], [ -78.272305760003306, -7.804209844447419 ], [ -78.272033964267379, -7.804208090741176 ], [ -78.272032205680077, -7.80447915037466 ], [ -78.27176040983241, -7.804477396432553 ], [ -78.27175865100746, -7.804748456000533 ], [ -78.271486855048082, -7.804746701822553 ], [ -78.271483336859845, -7.80528882082362 ], [ -78.271211540614061, -7.805287066348095 ], [ -78.271208021824492, -7.80582918521041 ], [ -78.27093622529226, -7.805827430437314 ], [ -78.270932705901302, -7.806369549160857 ], [ -78.270660909082622, -7.806367794090168 ], [ -78.270643306600547, -7.80907838685952 ], [ -78.270915105166836, -7.809080142546931 ], [ -78.270911584264013, -7.809622261177814 ], [ -78.270639785348138, -7.809620505367056 ], [ -78.270632742087258, -7.810704742335782 ], [ -78.27036094253512, -7.810702986103973 ], [ -78.270357420177007, -7.811245104441803 ], [ -78.270629220078817, -7.811246860796973 ], [ -78.270627458980087, -7.811517920021774 ], [ -78.270899259119759, -7.811519676264241 ], [ -78.270895737083009, -7.812061794825599 ], [ -78.271167537635378, -7.812063551017022 ], [ -78.271164015696371, -7.812605669686265 ], [ -78.27143581666148, -7.812607425826621 ], [ -78.271432294820258, -7.813149544603732 ], [ -78.271704096198107, -7.813151300692995 ], [ -78.271702335357915, -7.813422360137409 ], [ -78.271974136973625, -7.813424116113904 ], [ -78.271972376245344, -7.813695175616109 ], [ -78.27224417809893, -7.813696931479821 ], [ -78.272242417482587, -7.813967991039802 ], [ -78.272514219574035, -7.813969746790726 ], [ -78.272508937871933, -7.814782925632402 ], [ -78.272780740551113, -7.814784681393784 ], [ -78.272778980032726, -7.815055741061579 ], [ -78.272507177178639, -7.815053985238566 ], [ -78.272505416422391, -7.815325044840871 ], [ -78.272233613456336, -7.815323288781763 ], [ -78.27223185246217, -7.815594348318561 ], [ -78.270872837701816, -7.815585565097747 ], [ -78.270871075769961, -7.815856624322401 ], [ -78.270327469956882, -7.81585310968942 ], [ -78.27032570761213, -7.816124168786856 ], [ -78.270053904625144, -7.816122411146964 ], [ -78.270052142042417, -7.816393470178844 ], [ -78.269780338943505, -7.816391712302779 ], [ -78.269778576122789, -7.8166627712691 ], [ -78.269234969764113, -7.816659254870091 ], [ -78.269233206530444, -7.816930313709145 ], [ -78.268961403270694, -7.816928555186188 ], [ -78.268959639799007, -7.817199613959662 ], [ -78.268416033118683, -7.817196096266805 ], [ -78.268414269234, -7.817467154912971 ], [ -78.267870662455948, -7.817463636398623 ], [ -78.267868898158213, -7.81773469491746 ], [ -78.26759709468881, -7.817732935336774 ], [ -78.267595330153014, -7.818003993790001 ], [ -78.267323526571701, -7.818002233973048 ], [ -78.267321761797831, -7.81827329236066 ], [ -78.267049958104579, -7.818271532307429 ], [ -78.267048193092634, -7.818542590629419 ], [ -78.266776389287472, -7.818540830339897 ], [ -78.266774624037424, -7.818811888596257 ], [ -78.266502820120337, -7.818810128070435 ], [ -78.266493992048467, -7.820165418985386 ], [ -78.266222187319357, -7.820163657976152 ], [ -78.266216889193814, -7.820976832293385 ], [ -78.265945084002652, -7.82097507092424 ], [ -78.26594331765952, -7.821246128960468 ], [ -78.265671512356406, -7.821244367354944 ], [ -78.265669745775085, -7.821515425325516 ], [ -78.265397940360003, -7.821513663483607 ], [ -78.265396173540481, -7.821784721388517 ], [ -78.26512436801346, -7.821782959310207 ], [ -78.265122600955721, -7.822054017149449 ], [ -78.264850795316747, -7.822052254834726 ], [ -78.264849028020791, -7.822323312608294 ], [ -78.264577222269864, -7.822321550057144 ], [ -78.264575454735663, -7.822592607765031 ], [ -78.264303648872797, -7.822590844977444 ], [ -78.264298345365958, -7.823404017892436 ], [ -78.264026539040927, -7.823402254744752 ], [ -78.264024770903873, -7.823673312313519 ], [ -78.263752964466875, -7.823671548929363 ], [ -78.263751196091548, -7.823942606432426 ], [ -78.263479389542582, -7.823940842811787 ], [ -78.263475852252142, -7.824482957682632 ], [ -78.263204045416074, -7.824481193763649 ], [ -78.263202276500948, -7.824752251131422 ], [ -78.262658662668059, -7.824748722645753 ], [ -78.262656893339454, -7.82501977988595 ], [ -78.262385086342647, -7.825018015319245 ], [ -78.262383316775683, -7.825289072493713 ], [ -78.261839702621373, -7.825285542712521 ], [ -78.261837932640873, -7.825556599759375 ], [ -78.261566125483384, -7.825554834544872 ], [ -78.2615625849824, -7.826096948503207 ], [ -78.261290777537766, -7.826095182990242 ], [ -78.261289007017254, -7.826366239901716 ], [ -78.261017199460682, -7.826364474152155 ], [ -78.261015428701754, -7.826635530997861 ], [ -78.260743621033214, -7.826633765011695 ], [ -78.26074185003587, -7.826904821791635 ], [ -78.260470042255378, -7.826903055568849 ], [ -78.26046827101959, -7.827174112283006 ], [ -78.26019646312713, -7.827172345823589 ], [ -78.260194691652899, -7.827443402471965 ], [ -78.2599228836485, -7.827441635775905 ], [ -78.259919340159826, -7.827983748937201 ], [ -78.259647531868254, -7.827981981942562 ], [ -78.259643987776087, -7.82852409496452 ], [ -78.259372179197314, -7.828522327671277 ], [ -78.259370406881104, -7.828793384114515 ], [ -78.259098598190363, -7.828791616584581 ], [ -78.259095053017617, -7.829333729335563 ], [ -78.258823244039675, -7.829331961506982 ], [ -78.258821471183126, -7.829603017814717 ], [ -78.258549662093216, -7.829601249749416 ], [ -78.258547888998123, -7.829872305991327 ], [ -78.258276079796232, -7.829870537689289 ], [ -78.258274306462567, -7.830141593865375 ], [ -78.258002497148723, -7.830139825326591 ], [ -78.258000723576487, -7.83041088143684 ], [ -78.257728914150675, -7.830409112661296 ], [ -78.257727140339867, -7.8306801687057 ], [ -78.25718352132759, -7.830676630506267 ], [ -78.257181747102891, -7.830947686422847 ], [ -78.256909937516468, -7.830945916998938 ], [ -78.256908163053154, -7.831216972849657 ], [ -78.25663635335475, -7.831215203188947 ], [ -78.256634578652822, -7.831486258973795 ], [ -78.25636276884245, -7.831484489076273 ], [ -78.256359218897941, -7.83202660051035 ], [ -78.256087408800326, -7.832024830313998 ], [ -78.256085633557731, -7.832295885963218 ], [ -78.255813823348149, -7.832294115530022 ], [ -78.255812047866883, -7.832565171113355 ], [ -78.255540237545333, -7.832563400443302 ], [ -78.255538461825381, -7.832834455960743 ], [ -78.25526665139185, -7.832832685053821 ], [ -78.255263099411209, -7.833374795953024 ], [ -78.254991288690363, -7.833373024747192 ], [ -78.254987736105562, -7.833915135506826 ], [ -78.254715925097386, -7.833913364002061 ], [ -78.254708818465772, -7.834997585226656 ], [ -78.254165195236652, -7.834994041196148 ], [ -78.254161640838987, -7.835536151536992 ], [ -78.253889828968752, -7.83553437913528 ], [ -78.253884496370588, -7.836347544431295 ], [ -78.253612684037549, -7.836345771668491 ], [ -78.253607350342492, -7.83715893674341 ], [ -78.25333553754659, -7.837157163619475 ], [ -78.253328424363673, -7.838241383416781 ], [ -78.253600237861349, -7.838243156788979 ], [ -78.253591345833172, -7.839598431758623 ], [ -78.253319531458146, -7.839596658076092 ], [ -78.253317752686797, -7.839867712996313 ], [ -78.253589567237299, -7.839869486740913 ], [ -78.253580673306772, -7.84122476159412 ], [ -78.253852488798231, -7.841226535474016 ], [ -78.253838256616319, -7.843394975533765 ], [ -78.254110073575575, -7.843396749735066 ], [ -78.254104735987866, -7.844209914879573 ], [ -78.254376553537298, -7.844211689091933 ], [ -78.254369436568467, -7.845295909478445 ], [ -78.254641254883708, -7.845297683763872 ], [ -78.254637696370182, -7.845839794057913 ], [ -78.254909515100053, -7.845841568292284 ], [ -78.254907735923837, -7.846112623495517 ], [ -78.25517955489272, -7.846114397616773 ], [ -78.25517777582877, -7.846385452878155 ], [ -78.25544959503668, -7.846387226886288 ], [ -78.255447816084981, -7.846658282205812 ], [ -78.255719635531918, -7.846660056100803 ], [ -78.255717856692513, -7.846931111478461 ], [ -78.255446037069916, -7.846929337521449 ], [ -78.255444257991456, -7.847200392833203 ], [ -78.254900618585097, -7.847196844269608 ], [ -78.25489883909195, -7.847467899453418 ], [ -78.25462701930816, -7.84746612484682 ], [ -78.254623459780348, -7.848008235078712 ], [ -78.253807999755352, -7.848002909835512 ], [ -78.253806219369309, -7.848273964759476 ], [ -78.253534399312116, -7.848272189265957 ], [ -78.253532618686961, -7.848543244123973 ], [ -78.252988978411437, -7.848539692487191 ], [ -78.252987197371482, -7.848810747217177 ], [ -78.252715377153166, -7.848808971073898 ], [ -78.252713595874084, -7.849080025737915 ], [ -78.252441775543502, -7.849078249357334 ], [ -78.252439994025266, -7.849349303955378 ], [ -78.252168173582419, -7.849347527337487 ], [ -78.252166391825028, -7.849618581869549 ], [ -78.251894571269929, -7.849616805014333 ], [ -78.25189278927337, -7.849887859480408 ], [ -78.251620968605991, -7.849886082387857 ], [ -78.251615621708368, -7.850699245576442 ], [ -78.25134380057726, -7.850697468122315 ], [ -78.251342017975375, -7.850968522448622 ], [ -78.251070196732002, -7.850966744757125 ], [ -78.251068413890906, -7.851237799017429 ], [ -78.250796592535266, -7.851236021088545 ], [ -78.250794809454916, -7.851507075282834 ], [ -78.250522987986997, -7.851505297116555 ], [ -78.250521204667407, -7.851776351244822 ], [ -78.250249383087223, -7.851774572841133 ], [ -78.250247599528379, -7.852045626903376 ], [ -78.249975777835914, -7.852043848262268 ], [ -78.249973994037802, -7.852314902258476 ], [ -78.249702172233057, -7.852313123379933 ], [ -78.249698604094775, -7.852855231236389 ], [ -78.249426782001962, -7.852853452058246 ], [ -78.249421428790811, -7.853666613627286 ], [ -78.249149606234127, -7.853664834087353 ], [ -78.249147821527558, -7.853935887873761 ], [ -78.249419644260058, -7.853937667475857 ], [ -78.249417859665797, -7.854208721320536 ], [ -78.249689682637623, -7.854210500809465 ], [ -78.24968789815567, -7.854481554712413 ], [ -78.249959721366835, -7.85448333408816 ], [ -78.249957936997205, -7.854754388049371 ], [ -78.250229760447695, -7.854756167311923 ], [ -78.250227976190388, -7.855027221331386 ], [ -78.250499799880217, -7.855029000480735 ], [ -78.250498015735261, -7.855300054558449 ], [ -78.250769839664443, -7.855301833594577 ], [ -78.250764487376173, -7.856114995990779 ], [ -78.251036311896399, -7.856116775037932 ], [ -78.251032743738548, -7.856658883406868 ], [ -78.251304568674001, -7.85666066240289 ], [ -78.25130278467573, -7.856931716643643 ], [ -78.251574609850536, -7.856933495526391 ], [ -78.251572825964686, -7.85720454982537 ], [ -78.251844651378846, -7.85720632859483 ], [ -78.251842867605433, -7.857477382952027 ], [ -78.252114693258946, -7.85747916160819 ], [ -78.252112909597969, -7.857750216023596 ], [ -78.25238473549085, -7.857751994566449 ], [ -78.252377600915992, -7.858836212437572 ], [ -78.252105774319446, -7.858834433646331 ], [ -78.252103990341169, -7.859105488042285 ], [ -78.251832163632145, -7.859103709013504 ], [ -78.251830379414457, -7.859374763343466 ], [ -78.251558552592968, -7.859372984077134 ], [ -78.251556768135885, -7.859644038341094 ], [ -78.251284941201916, -7.859642258837195 ], [ -78.251281371745435, -7.860184367229214 ], [ -78.251009544523029, -7.860182587425613 ], [ -78.25099169167207, -7.862893128530934 ], [ -78.251263520654405, -7.862894908955753 ], [ -78.251229586092819, -7.868044937163493 ], [ -78.251773250939024, -7.868048499846886 ], [ -78.251775037187642, -7.867777445641516 ], [ -78.252590534404547, -7.867782788162964 ], [ -78.252592320061311, -7.867511733767396 ], [ -78.253679649867593, -7.867518854422054 ], [ -78.253677864915403, -7.867789909065934 ], [ -78.254221530551391, -7.867793468463574 ], [ -78.254217961161274, -7.868335577987889 ], [ -78.254489794426689, -7.868337357547348 ], [ -78.254488009812661, -7.868608412365713 ], [ -78.254759843317629, -7.868610191811564 ], [ -78.254758058816364, -7.868881246688078 ], [ -78.255029892560898, -7.868883026020305 ], [ -78.255028108172382, -7.869154080954964 ], [ -78.255571776203979, -7.869157639216485 ], [ -78.255569992104412, -7.869428694271306 ], [ -78.25584182639146, -7.869430473200575 ], [ -78.255840042404685, -7.869701528313522 ], [ -78.2561118769313, -7.869703307129129 ], [ -78.25611009305733, -7.869974362300193 ], [ -78.256381927823497, -7.869976141002121 ], [ -78.256376576349993, -7.870789306677975 ], [ -78.256648411708113, -7.87079108539022 ], [ -78.256643060192971, -7.871604251217018 ], [ -78.256914896143101, -7.871606029939541 ], [ -78.256900624058204, -7.873774472468888 ], [ -78.256628786698045, -7.873772693250393 ], [ -78.25662700222604, -7.874043748487028 ], [ -78.256355164752975, -7.874041969030753 ], [ -78.256353380041332, -7.87431302420149 ], [ -78.256081542455348, -7.874311244507418 ], [ -78.25607975750404, -7.874582299612248 ], [ -78.255807919805136, -7.874580519680372 ], [ -78.255806134614161, -7.874851574719289 ], [ -78.255262459053895, -7.874848014204099 ], [ -78.255260673446941, -7.875119069115069 ], [ -78.254988835585578, -7.875117288531738 ], [ -78.254987049738901, -7.875388343376773 ], [ -78.254715211764648, -7.875386562555597 ], [ -78.254704494295211, -7.877012891171703 ], [ -78.254976333327463, -7.877014672365127 ], [ -78.254972760683103, -7.877556781996719 ], [ -78.255244600131476, -7.877558563138362 ], [ -78.255241027586237, -7.878100672878425 ], [ -78.255512867450747, -7.878102453968263 ], [ -78.255511081259414, -7.878373508894477 ], [ -78.255782921363689, -7.878375289870464 ], [ -78.255779349143637, -7.878917399835237 ], [ -78.255507508686577, -7.878915618735207 ], [ -78.255502149351912, -7.879728783467045 ], [ -78.25577399033817, -7.879730564753146 ], [ -78.255761484240267, -7.881627949425104 ], [ -78.256033326524971, -7.881629730969413 ], [ -78.256029753136602, -7.882171840964616 ], [ -78.255757910498957, -7.882170059296268 ], [ -78.255754336504111, -7.882712169151831 ], [ -78.254395122502089, -7.882703257550229 ], [ -78.254393334527165, -7.882974312161974 ], [ -78.254121491740491, -7.882972529251664 ], [ -78.254116126905686, -7.883785692877321 ], [ -78.253844283652967, -7.883783909604843 ], [ -78.253840706426274, -7.884326018544984 ], [ -78.253568862883938, -7.884324234972368 ], [ -78.253567073998923, -7.884595289374512 ], [ -78.253295230343525, -7.884593505563809 ], [ -78.253293441218545, -7.884864559899984 ], [ -78.253021597450058, -7.884862775851177 ], [ -78.253012649990694, -7.886218047163077 ], [ -78.253284494641917, -7.886219831522281 ], [ -78.253282705136257, -7.886490885835034 ], [ -78.253554550027474, -7.886492670080253 ], [ -78.253552760634946, -7.886763724451173 ], [ -78.254096450960873, -7.886767292537553 ], [ -78.254094661858062, -7.8870383470287 ], [ -78.254638352790849, -7.887041914534911 ], [ -78.254636563977769, -7.887312969146259 ], [ -78.254908409715867, -7.887314752697291 ], [ -78.254904832252677, -7.887856862032361 ], [ -78.255176678407381, -7.887858645531387 ], [ -78.255174889757271, -7.888129700255106 ], [ -78.255446736151981, -7.888131483640067 ], [ -78.255436003979554, -7.889757812272567 ], [ -78.255979699078708, -7.889761379258462 ], [ -78.255977910514702, -7.890032434140924 ], [ -78.256793454168758, -7.890037783484748 ], [ -78.256791666071322, -7.89030883854933 ], [ -78.257335362510858, -7.890312404021804 ], [ -78.257333574703395, -7.890583459206469 ], [ -78.25760542319486, -7.890585241740459 ], [ -78.257603635500701, -7.890856296983202 ], [ -78.257875484232201, -7.890858079403015 ], [ -78.257873696651373, -7.891129134703828 ], [ -78.258145545622867, -7.891130917009448 ], [ -78.258143758155384, -7.891401972368326 ], [ -78.258687456641752, -7.891405536574974 ], [ -78.258685669464313, -7.891676592053875 ], [ -78.258957518979173, -7.891678373954888 ], [ -78.258955731915108, -7.891949429491834 ], [ -78.259227581669975, -7.891951211278609 ], [ -78.259225794719285, -7.892222266873601 ], [ -78.259497644714187, -7.892224048546124 ], [ -78.2594958578769, -7.892495104199154 ], [ -78.259767708111795, -7.892496885757418 ], [ -78.259765921387924, -7.892767941468473 ], [ -78.260037771862841, -7.892769722912461 ], [ -78.260035985252372, -7.893040778681542 ], [ -78.260851537587044, -7.893046122142009 ], [ -78.260849751443459, -7.893317178092937 ], [ -78.261121602524995, -7.893318958955899 ], [ -78.261119816494869, -7.893590014964824 ], [ -78.261391667816383, -7.893591795713463 ], [ -78.261389881899731, -7.893862851780378 ], [ -78.261933585086041, -7.89386641287275 ], [ -78.261931799459617, -7.894137469059541 ], [ -78.261659947658089, -7.894135688539587 ], [ -78.261658161791658, -7.894406744660587 ], [ -78.261386309876642, -7.8944049639025 ], [ -78.26138452377019, -7.894676019957702 ], [ -78.261112671741657, -7.894674238961467 ], [ -78.261110885395183, -7.894945294950865 ], [ -78.260839033253177, -7.894943513716475 ], [ -78.260837246666654, -7.89521456964006 ], [ -78.260565394411145, -7.895212788167496 ], [ -78.260560033741569, -7.896025955729083 ], [ -78.260288181018993, -7.896024173894504 ], [ -78.260268518412488, -7.899005787305057 ], [ -78.260540373080161, -7.899007569820737 ], [ -78.260524281388669, -7.901447071907645 ], [ -78.260252425128968, -7.901445288834694 ], [ -78.260248848147512, -7.901987400242727 ], [ -78.259976991597256, -7.901985616869521 ], [ -78.259975202834639, -7.902256672505747 ], [ -78.259703346170753, -7.902254888894193 ], [ -78.259701557167915, -7.902525944464576 ], [ -78.259429700390385, -7.902524160614662 ], [ -78.259426121840875, -7.903066271619825 ], [ -78.259154264772775, -7.903064487469591 ], [ -78.259148895942729, -7.903877653762176 ], [ -78.258877038407064, -7.903875869249649 ], [ -78.258875248493425, -7.904146924610738 ], [ -78.259147106206072, -7.904148709185216 ], [ -78.259145316406091, -7.904419764604344 ], [ -78.258873458516462, -7.904417979967917 ], [ -78.25886987837255, -7.90496009067054 ], [ -78.259141736616172, -7.904961875430868 ], [ -78.259136366456374, -7.905775041641321 ], [ -78.258864507681722, -7.90577325669514 ], [ -78.258862717324789, -7.906044312028849 ], [ -78.259134576276452, -7.906046097036983 ], [ -78.259132786033206, -7.906317152428731 ], [ -78.258860926904518, -7.906315367358646 ], [ -78.25885197385324, -7.90767064394895 ], [ -78.259123833867164, -7.90767242932879 ], [ -78.259114880118005, -7.909027706131037 ], [ -78.259386741080633, -7.909029491644062 ], [ -78.259379577649881, -7.910113713263208 ], [ -78.259651439384257, -7.910115498847419 ], [ -78.259647857643188, -7.910657609757386 ], [ -78.259919719795136, -7.910659395288862 ], [ -78.259905391715591, -7.912827839267654 ], [ -78.259633528146395, -7.912826053240702 ], [ -78.25962815354039, -7.91363921948235 ], [ -78.259356289502946, -7.913637433092911 ], [ -78.259352705761273, -7.914179543777219 ], [ -78.259080841432748, -7.914177757087206 ], [ -78.259077257083348, -7.914719867631955 ], [ -78.258805392463714, -7.914718080641344 ], [ -78.258803600016805, -7.914989135845892 ], [ -78.258531735283256, -7.914987348616616 ], [ -78.258528149844935, -7.915529458890041 ], [ -78.258256284820277, -7.915527671360123 ], [ -78.258254491828865, -7.915798726428994 ], [ -78.257438896603261, -7.915793362592968 ], [ -78.257440690126415, -7.915522307710034 ], [ -78.257168825355194, -7.915520519473229 ], [ -78.257167031654788, -7.91579157429417 ], [ -78.256895166769695, -7.915789785818645 ], [ -78.256893372828657, -7.916060840573678 ], [ -78.256349642894122, -7.916057262968434 ], [ -78.256347848535199, -7.916328317595533 ], [ -78.256075983485758, -7.916326528465795 ], [ -78.256074188886174, -7.916597583026964 ], [ -78.255802323722875, -7.916595793658466 ], [ -78.255800528882617, -7.916866848153694 ], [ -78.255528663605446, -7.916865058546422 ], [ -78.25552507338017, -7.917407167401068 ], [ -78.255253207811862, -7.917405377492978 ], [ -78.255249616978361, -7.917947486207887 ], [ -78.254977751118886, -7.917945695998949 ], [ -78.2549759554297, -7.918216750288485 ], [ -78.254704089456354, -7.918214959840728 ], [ -78.254702293526435, -7.918486014064296 ], [ -78.254430427439218, -7.918484223377707 ], [ -78.254428631268553, -7.918755277535303 ], [ -78.254156765067464, -7.918753486609867 ], [ -78.254154968656053, -7.919024540701485 ], [ -78.253883102341078, -7.919022749537191 ], [ -78.253881305688893, -7.919293803562825 ], [ -78.253337572894679, -7.919290220579692 ], [ -78.253335775824382, -7.919561274477255 ], [ -78.25306390934513, -7.919559482658399 ], [ -78.25306031465945, -7.920101590317602 ], [ -78.253332181493377, -7.920103382260626 ], [ -78.253317801630772, -7.922271813237284 ], [ -78.253045933377877, -7.922270020797585 ], [ -78.253031548034016, -7.924438451026598 ], [ -78.252759678425235, -7.9244366579133 ], [ -78.252743488460297, -7.926876141062038 ], [ -78.252471617317738, -7.926874347212942 ], [ -78.252469817937836, -7.927145400814418 ], [ -78.252197946681264, -7.927143606726241 ], [ -78.25219614706036, -7.92741466026169 ], [ -78.251924275689774, -7.92741286593442 ], [ -78.251922475827854, -7.927683919403837 ], [ -78.252194347375948, -7.927685713793217 ], [ -78.252183547936085, -7.929312034899955 ], [ -78.252455420612904, -7.929313829484971 ], [ -78.252451820646769, -7.929855936613359 ], [ -78.252723693742212, -7.92985773114554 ], [ -78.252718293849568, -7.930670891994984 ], [ -78.252990167541242, -7.930672686536402 ], [ -78.252986567650552, -7.931214793873923 ], [ -78.253258441760906, -7.931216588362452 ], [ -78.253256641897948, -7.931487642087411 ], [ -78.253528516249361, -7.931489436460947 ], [ -78.253526716500559, -7.931760490244062 ], [ -78.253254841971525, -7.931758695808445 ], [ -78.253249441811406, -7.932571856947987 ], [ -78.252977566812973, -7.932570062149019 ], [ -78.252972165548655, -7.933383223066961 ], [ -78.252700290080767, -7.933381427904609 ], [ -78.252698489354714, -7.933652481473974 ], [ -78.25242661377267, -7.9336506860724 ], [ -78.252424812805458, -7.933921739575739 ], [ -78.252152937109244, -7.933919943934931 ], [ -78.252149334628996, -7.934462050805615 ], [ -78.251877458640962, -7.934460254863446 ], [ -78.251873855551338, -7.935002361594195 ], [ -78.251601979271442, -7.935000565350641 ], [ -78.251600177453682, -7.935271618648006 ], [ -78.251328301059587, -7.935269822165169 ], [ -78.251313882809214, -7.937438247905649 ], [ -78.251042005056888, -7.937436450748598 ], [ -78.25103659663165, -7.938249610150053 ], [ -78.250764718409584, -7.938247812629373 ], [ -78.250759308879239, -7.939060971809045 ], [ -78.250487430187405, -7.939059173924702 ], [ -78.250485626705768, -7.939330226914588 ], [ -78.250213747899693, -7.939328428790841 ], [ -78.250211944176712, -7.939599481714649 ], [ -78.249940065256396, -7.93959768335149 ], [ -78.249934653172772, -7.940410841912847 ], [ -78.249662773782603, -7.940409043185939 ], [ -78.249653751482981, -7.941764307065433 ], [ -78.249381871267232, -7.941762507850395 ], [ -78.249371041342926, -7.943388824003012 ], [ -78.249914803972345, -7.943392423001779 ], [ -78.249916608762902, -7.943121370195173 ], [ -78.250732252650067, -7.943126767176758 ], [ -78.250730448393156, -7.943397820169819 ], [ -78.251002329993824, -7.943399618871138 ], [ -78.251000525851254, -7.943670671922407 ], [ -78.251272407693364, -7.94367247050851 ], [ -78.251261582571189, -7.94529878910634 ], [ -78.250989699661631, -7.945296990147435 ], [ -78.250986090423481, -7.945839096190977 ], [ -78.25071420722162, -7.945837296930399 ], [ -78.250699766303896, -7.948005720450107 ], [ -78.250971650929486, -7.948007520207812 ], [ -78.25096984570682, -7.948278573192208 ], [ -78.251513615504592, -7.948282172299518 ], [ -78.251511810574385, -7.948553225404248 ], [ -78.252327466281457, -7.94855862292062 ], [ -78.252323857298535, -7.949100729490974 ], [ -78.252051971643311, -7.949098930372097 ], [ -78.252050166878576, -7.94936998358926 ], [ -78.251778281108841, -7.949368184230784 ], [ -78.251774671032777, -7.949910290529075 ], [ -78.251502784970512, -7.949908490868872 ], [ -78.251499174284291, -7.950450597027176 ], [ -78.251227287929467, -7.950448797065218 ], [ -78.251203809960018, -7.953972485902739 ], [ -78.251747587363425, -7.953976087264444 ], [ -78.251745781277307, -7.954247140348641 ], [ -78.252289559291043, -7.954250741124225 ], [ -78.252287753497669, -7.954521794328718 ], [ -78.253103421529005, -7.954527194346434 ], [ -78.25310522678798, -7.954256140955643 ], [ -78.254464673885934, -7.954265137122773 ], [ -78.254462869517667, -7.95453619082394 ], [ -78.254734759305805, -7.954537989586637 ], [ -78.254732955052219, -7.954809043345924 ], [ -78.255004845081956, -7.954810841993067 ], [ -78.255003040943052, -7.955081895810472 ], [ -78.25554682154916, -7.955085492696016 ], [ -78.255543213793686, -7.955627600567182 ], [ -78.255815104548219, -7.955629398867596 ], [ -78.25580969297377, -7.956442560830914 ], [ -78.256353475742173, -7.956446157271004 ], [ -78.256351672113553, -7.956717211374952 ], [ -78.256623563771072, -7.956719009390541 ], [ -78.256621760257218, -7.956990063552566 ], [ -78.256893652156364, -7.956991861452512 ], [ -78.256886438179677, -7.958076078309269 ], [ -78.257158330855077, -7.958077876279568 ], [ -78.257156527380616, -7.958348930545913 ], [ -78.257428420297629, -7.958350728400527 ], [ -78.257426616938005, -7.958621782724935 ], [ -78.25769851009666, -7.958623580463848 ], [ -78.257696706851888, -7.958894634846306 ], [ -78.25796860025217, -7.958896432469508 ], [ -78.257966797122265, -7.959167486910015 ], [ -78.258238690764159, -7.95916928441749 ], [ -78.258236887749121, -7.959440338916042 ], [ -78.257964993928951, -7.959438541346585 ], [ -78.257961387352225, -7.959980650207909 ], [ -78.257689493238914, -7.959978852336765 ], [ -78.257685886052087, -7.960520961058369 ], [ -78.25741399164562, -7.960519162885518 ], [ -78.257408579855095, -7.961332325752407 ], [ -78.257136684977155, -7.961330527215823 ], [ -78.25713307644321, -7.961872635650057 ], [ -78.256861181272058, -7.961870836811709 ], [ -78.25685576746065, -7.962683999247503 ], [ -78.256583871817938, -7.962682200045355 ], [ -78.25658206690899, -7.962953254120728 ], [ -78.25685396273002, -7.962955053384887 ], [ -78.256852157935995, -7.963226107518329 ], [ -78.256580261936605, -7.96322430819216 ], [ -78.256578456900826, -7.963495362259654 ], [ -78.256306560786498, -7.96349356269367 ], [ -78.256304755508936, -7.963764616695209 ], [ -78.256032859279699, -7.963762816889397 ], [ -78.256031053760353, -7.964033870824971 ], [ -78.255759157416179, -7.964032070779316 ], [ -78.255757351655049, -7.964303124648919 ], [ -78.255213558800264, -7.964299523900084 ], [ -78.255211752618948, -7.96457057764167 ], [ -78.254396063277554, -7.964565174998582 ], [ -78.254394256497662, -7.964836228550066 ], [ -78.253850463563964, -7.964832625774725 ], [ -78.253848656363843, -7.965103679198126 ], [ -78.253576759813839, -7.965101877481626 ], [ -78.253574952371835, -7.96537293083901 ], [ -78.253303055706922, -7.965371128882585 ], [ -78.25330124802305, -7.965642182173937 ], [ -78.252757454526915, -7.96563857760336 ], [ -78.252755646422742, -7.965909630766585 ], [ -78.252483749591534, -7.965907828152414 ], [ -78.252481941245449, -7.966178881249595 ], [ -78.252210044299346, -7.966177078395456 ], [ -78.252208235711336, -7.966448131426586 ], [ -78.251936338650339, -7.966446328332468 ], [ -78.251930911969907, -7.967259487215844 ], [ -78.25165901443718, -7.967257683757491 ], [ -78.251642729359332, -7.969697159635552 ], [ -78.251370830283946, -7.969695355440153 ], [ -78.251361779902268, -7.971050619368146 ], [ -78.251633679870181, -7.971052423874188 ], [ -78.251628249414253, -7.971865582370028 ], [ -78.251900149981296, -7.971867386884463 ], [ -78.251885667398483, -7.974035809863393 ], [ -78.251613765402908, -7.974034004851966 ], [ -78.251611954615583, -7.974305057644451 ], [ -78.251883856789732, -7.974306862718 ], [ -78.251876613719475, -7.975391074096956 ], [ -78.251604710830861, -7.975389268774908 ], [ -78.251602899725853, -7.975660321547656 ], [ -78.25214670592382, -7.975663932137917 ], [ -78.252141273299344, -7.976477090805196 ], [ -78.252413177029538, -7.976478896019549 ], [ -78.252411366206317, -7.976749948962861 ], [ -78.252683270178679, -7.976751754061219 ], [ -78.252681459470594, -7.977022807062687 ], [ -78.253225267963174, -7.977026416849287 ], [ -78.253227078313955, -7.976755363723627 ], [ -78.254314695346451, -7.976762580911201 ], [ -78.254316504919117, -7.976491527533271 ], [ -78.254588409157307, -7.976493331322839 ], [ -78.254590218487849, -7.976222277878907 ], [ -78.254862122610845, -7.976224081428321 ], [ -78.254863931699276, -7.97595302791838 ], [ -78.255135835707108, -7.97595483122765 ], [ -78.255137644553457, -7.975683777651712 ], [ -78.256497164651151, -7.975692791216591 ], [ -78.256498972540882, -7.975421737326546 ], [ -78.257042780666737, -7.975425341381909 ], [ -78.257044588135798, -7.975154287363894 ], [ -78.257860300264269, -7.97515969192538 ], [ -78.257858493331085, -7.97543074612938 ], [ -78.258130397679338, -7.975432547355719 ], [ -78.258128590861389, -7.975703601617757 ], [ -78.258400495451639, -7.975705402727997 ], [ -78.258398688748926, -7.975976457048069 ], [ -78.258942498476884, -7.975980058858235 ], [ -78.25894069206808, -7.976251113298294 ], [ -78.259484502406792, -7.976254714520014 ], [ -78.259482696291926, -7.97652576908004 ], [ -78.260026507241349, -7.976529369713261 ], [ -78.260024701420434, -7.976800424393232 ], [ -78.260840418855636, -7.976805824193081 ], [ -78.260838613507374, -7.97707687905489 ], [ -78.261110519624424, -7.977078678693871 ], [ -78.261108714391497, -7.977349733613651 ], [ -78.261652527172899, -7.977353332481084 ], [ -78.261650722234009, -7.977624387520732 ], [ -78.261922628898361, -7.977626186749163 ], [ -78.261920824074835, -7.977897241846764 ], [ -78.262464637950799, -7.977900839893015 ], [ -78.262466442416965, -7.977629784671639 ], [ -78.263010256188707, -7.977633381881597 ], [ -78.263012060234217, -7.977362326532518 ], [ -78.263283967036344, -7.977364124808435 ], [ -78.263282163169507, -7.977635180219383 ], [ -78.263825977320892, -7.977638776360566 ], [ -78.263824173748162, -7.977909831891281 ], [ -78.264096081097435, -7.977911629756527 ], [ -78.264097884491491, -7.977640574163962 ], [ -78.264369791725329, -7.97764237178923 ], [ -78.26436798850996, -7.977913427443636 ], [ -78.265999434313045, -7.977924209825423 ], [ -78.265997632106576, -7.978195265846819 ], [ -78.26654144823739, -7.978198858672574 ], [ -78.266543250086485, -7.977927802527585 ], [ -78.267358974220571, -7.977933190244795 ], [ -78.267355371531394, -7.978475302901521 ], [ -78.267627280059841, -7.97847709857452 ], [ -78.267625478799218, -7.978748154958738 ], [ -78.26816929640303, -7.978751745893801 ], [ -78.268167495436643, -7.979022802397595 ], [ -78.268439404512023, -7.979024597659643 ], [ -78.268437603661184, -7.979295654221244 ], [ -78.269797150878773, -7.979304628167684 ], [ -78.269798950836005, -7.97903357129742 ], [ -78.270342769807499, -7.979037159505376 ], [ -78.270344569344175, -7.978766102507742 ], [ -78.270616478745865, -7.978767896282768 ], [ -78.270620077272497, -7.978225782152268 ], [ -78.27089198637988, -7.978227575625744 ], [ -78.270893785369836, -7.977956518492879 ], [ -78.271165694361628, -7.97795831172652 ], [ -78.2711674931098, -7.977687254528026 ], [ -78.271439401985987, -7.977689047521838 ], [ -78.271442998935711, -7.977146932989649 ], [ -78.27171490751762, -7.977148725681975 ], [ -78.27171850385767, -7.976606611010659 ], [ -78.271990412145314, -7.976608403401515 ], [ -78.271992210042086, -7.976337345998276 ], [ -78.272264118214125, -7.976339138149357 ], [ -78.27226591586917, -7.97606808068051 ], [ -78.272537823925632, -7.976069872591826 ], [ -78.272539621338964, -7.975798815057375 ], [ -78.273899161673754, -7.975807771634261 ], [ -78.27390095813081, -7.975536713787668 ], [ -78.273629050116426, -7.975534922890106 ], [ -78.273630846689088, -7.975263865101201 ], [ -78.273358938916374, -7.97526207408719 ], [ -78.273360735604641, -7.974991016355975 ], [ -78.273088828073583, -7.974989225225518 ], [ -78.273097811462435, -7.973633936818545 ], [ -78.273369718100454, -7.973635727640801 ], [ -78.273382290947083, -7.971738323274059 ], [ -78.273654196398113, -7.97174011348684 ], [ -78.273657787715621, -7.971197997794764 ], [ -78.273929692872599, -7.971199787706287 ], [ -78.273931488258256, -7.970928729792714 ], [ -78.274203393299729, -7.970930519464627 ], [ -78.274205188443844, -7.970659461485493 ], [ -78.274477093369782, -7.970661250917807 ], [ -78.27447888827237, -7.970390192873122 ], [ -78.275566507892066, -7.970397348576194 ], [ -78.275568302017589, -7.970126290281174 ], [ -78.275840206901464, -7.970128078700425 ], [ -78.275845588364561, -7.969314903606986 ], [ -78.276117492775896, -7.969316691663541 ], [ -78.276122873136757, -7.96850351634993 ], [ -78.276394777075609, -7.968505304043823 ], [ -78.276396570224804, -7.96823424553651 ], [ -78.276668474048151, -7.968236032990905 ], [ -78.276670266955918, -7.96796497441809 ], [ -78.276942170663759, -7.967966761633004 ], [ -78.276943963330112, -7.967695702994692 ], [ -78.277215866922418, -7.967697489970134 ], [ -78.277219451709371, -7.967155372558597 ], [ -78.277763258369006, -7.967158945729572 ], [ -78.277765050311174, -7.966887886894814 ], [ -78.278036953556949, -7.966889673151917 ], [ -78.27803874525776, -7.966618614251685 ], [ -78.278310648388015, -7.966620400269368 ], [ -78.278312439847468, -7.966349341303676 ], [ -78.279943858879463, -7.966360053305036 ], [ -78.27994564920543, -7.966088993966371 ], [ -78.281577069430526, -7.96609969919508 ], [ -78.281578858623078, -7.965828639483673 ], [ -78.282122665510741, -7.965832206347319 ], [ -78.282126242993698, -7.965290086666919 ], [ -78.281854339875281, -7.965288303446919 ], [ -78.281857917463725, -7.964746183873666 ], [ -78.28158601476494, -7.964744400598696 ], [ -78.281589592458815, -7.964202281132602 ], [ -78.281317690179648, -7.964200497802688 ], [ -78.281326634206465, -7.962845199375889 ], [ -78.281598535593787, -7.962846982398537 ], [ -78.28160211240791, -7.96230486287738 ], [ -78.284049224510795, -7.962320900974336 ], [ -78.284051011218565, -7.962049840655061 ], [ -78.284594814242197, -7.962053402598084 ], [ -78.284600172918914, -7.961240221248346 ], [ -78.284872073989902, -7.961242001769037 ], [ -78.284873859911613, -7.960970941249879 ], [ -78.285145760867081, -7.960972721531425 ], [ -78.285147546547719, -7.960701660946968 ], [ -78.285419447387611, -7.960703440989384 ], [ -78.285421232827218, -7.960432380339627 ], [ -78.285693133551561, -7.960434160142922 ], [ -78.285696703885918, -7.959892038708901 ], [ -78.285968604316437, -7.959893818211733 ], [ -78.285970389211215, -7.959622757427478 ], [ -78.286242289526186, -7.959624536691221 ], [ -78.286245858770997, -7.959082414988211 ], [ -78.286517758792158, -7.959084193951536 ], [ -78.286524895815987, -7.957999950253004 ], [ -78.286796795186859, -7.958001728793267 ], [ -78.286802146761445, -7.957188545794109 ], [ -78.287074045660333, -7.957190323972683 ], [ -78.287075829214885, -7.956919262903777 ], [ -78.28789152575311, -7.95692459618947 ], [ -78.287893308710309, -7.956653534932688 ], [ -78.288165207503567, -7.95665531227793 ], [ -78.288166990219864, -7.956384250955916 ], [ -78.289254585306836, -7.956391358315034 ], [ -78.289261712694113, -7.955307112007083 ], [ -78.289533610909743, -7.955308888157608 ], [ -78.289535392421726, -7.955037826509532 ], [ -78.289807290521836, -7.955039602421152 ], [ -78.289809071793016, -7.954768540707883 ], [ -78.290080969777605, -7.954770316380607 ], [ -78.290082750807954, -7.954499254602148 ], [ -78.290354648677024, -7.954501030035991 ], [ -78.290358210193503, -7.953958906344787 ], [ -78.290630107768891, -7.95396068147851 ], [ -78.290631888255021, -7.953689619565771 ], [ -78.291175683237356, -7.953693169177912 ], [ -78.291177463304606, -7.95342210713877 ], [ -78.292265053308014, -7.953429203986914 ], [ -78.292261494536078, -7.953971328551037 ], [ -78.292805290625921, -7.95397487615432 ], [ -78.292812406494349, -7.952890626520762 ], [ -78.293084303920566, -7.952892399811216 ], [ -78.293089639630495, -7.952079212361259 ], [ -78.293361536584939, -7.952080985290566 ], [ -78.293363314851661, -7.951809922738211 ], [ -78.293635211690571, -7.951811695428771 ], [ -78.29363876768015, -7.95126957018993 ], [ -78.293910664225436, -7.951271342580577 ], [ -78.293912441948308, -7.951000279894099 ], [ -78.294456234870296, -7.951003824020413 ], [ -78.294458012174474, -7.950732761207679 ], [ -78.29472990855119, -7.950734532943364 ], [ -78.294733462615781, -7.950192407183819 ], [ -78.294461566595189, -7.950190635570444 ], [ -78.29446334371174, -7.949919572745944 ], [ -78.294191447931752, -7.949917801016205 ], [ -78.294193225163824, -7.949646738248942 ], [ -78.293921329624439, -7.949644966402849 ], [ -78.293923106972017, -7.949373903692832 ], [ -78.293651211673222, -7.949372131730396 ], [ -78.293654766536832, -7.948830006420936 ], [ -78.293382871656675, -7.948828234403352 ], [ -78.293384649172665, -7.948557171803918 ], [ -78.293656543874803, -7.948558943760323 ], [ -78.293661875513394, -7.947745755754945 ], [ -78.293933769744029, -7.947747527350341 ], [ -78.293935546653799, -7.947476464612865 ], [ -78.294207440768957, -7.947478235969625 ], [ -78.294209217438166, -7.947207173167058 ], [ -78.294481111437875, -7.947208944285191 ], [ -78.294500648714049, -7.944227252525425 ], [ -78.294228756671913, -7.944225482080052 ], [ -78.294232308446865, -7.9436833563769 ], [ -78.294504200133161, -7.943685126699954 ], [ -78.294505975748919, -7.943414063781339 ], [ -78.295049758953283, -7.943417603773008 ], [ -78.295051534150687, -7.943146540728173 ], [ -78.295323425668741, -7.943148310396806 ], [ -78.29532697552024, -7.942606184173099 ], [ -78.29559886674501, -7.942607953542094 ], [ -78.295600641399105, -7.942336890363225 ], [ -78.295872532508483, -7.942338659493736 ], [ -78.295874306922187, -7.942067596249822 ], [ -78.296146197916187, -7.942069365141857 ], [ -78.296147972089528, -7.941798301832902 ], [ -78.296419862968136, -7.94180007048648 ], [ -78.296423410771609, -7.941257943734582 ], [ -78.296695301356976, -7.941259712088602 ], [ -78.296698848554783, -7.940717585198811 ], [ -78.296970738846923, -7.940719353253296 ], [ -78.296972512174278, -7.940448289741424 ], [ -78.297244402351041, -7.940450057557495 ], [ -78.297246175438076, -7.940178993980608 ], [ -78.297518065499474, -7.940180761558282 ], [ -78.297521611130492, -7.939638634270568 ], [ -78.297793500898692, -7.939640401548773 ], [ -78.297797045924227, -7.939098274123218 ], [ -78.298068935399243, -7.939100041101975 ], [ -78.298072479819368, -7.938557913538602 ], [ -78.298344369001214, -7.938559680217936 ], [ -78.298346140939813, -7.938288616369301 ], [ -78.29861803000631, -7.938290382810303 ], [ -78.298621573340625, -7.937748254979155 ], [ -78.29889346211398, -7.937750021120776 ], [ -78.298898776113887, -7.936936829161509 ], [ -78.299170664416366, -7.936938594942721 ], [ -78.299175977321184, -7.936125402765059 ], [ -78.299447865152828, -7.936127168185899 ], [ -78.299449635818519, -7.935856104057799 ], [ -78.299721523534814, -7.935857869240387 ], [ -78.299723293960369, -7.935586805047333 ], [ -78.299995181561343, -7.935588569991681 ], [ -78.299998721869784, -7.935046441471759 ], [ -78.300270609177701, -7.935048206116848 ], [ -78.300274148881115, -7.934506077459219 ], [ -78.300546035896019, -7.934507841805075 ], [ -78.300547805476441, -7.93423677740937 ], [ -78.30081969237601, -7.934238541517034 ], [ -78.300821461716339, -7.933967477056397 ], [ -78.301093348500615, -7.933969240925882 ], [ -78.30109511760088, -7.933698176400323 ], [ -78.302998325592981, -7.933710518099224 ], [ -78.303001861118815, -7.933168388182574 ], [ -78.303273747868843, -7.933170150451862 ], [ -78.303275515360596, -7.932899085426707 ], [ -78.30354740199526, -7.932900847457893 ], [ -78.30355093643648, -7.932358717273942 ], [ -78.304366595648347, -7.932364001938993 ], [ -78.304364828991893, -7.932635067215749 ], [ -78.304636715698109, -7.932636828477436 ], [ -78.304645547469249, -7.931281501749899 ], [ -78.304917433349502, -7.931283262529834 ], [ -78.304922731131825, -7.930470066263609 ], [ -78.305194616541499, -7.930471826683688 ], [ -78.305196382166756, -7.930200761192872 ], [ -78.305740152817705, -7.930204281379956 ], [ -78.305741918025475, -7.929933215763417 ], [ -78.306013803266737, -7.929934975530436 ], [ -78.306015568234656, -7.929663909849092 ], [ -78.306287453360582, -7.929665669378142 ], [ -78.306289218088637, -7.929394603631996 ], [ -78.306561103099213, -7.92939636292309 ], [ -78.306562867587431, -7.929125297112147 ], [ -78.306834752482658, -7.929127056165303 ], [ -78.306836516731053, -7.928855990289572 ], [ -78.307108401510931, -7.928857749104791 ], [ -78.307111929465862, -7.928315617219853 ], [ -78.307383813952825, -7.928317375736289 ], [ -78.30738205018406, -7.928588441741579 ], [ -78.309013359477831, -7.928598989487414 ], [ -78.309011596712295, -7.928870055853871 ], [ -78.309827252731523, -7.928875327519101 ], [ -78.309825490436552, -7.929146394064102 ], [ -78.310913033376224, -7.929153420715507 ], [ -78.310920079341884, -7.928069153539313 ], [ -78.311191964521868, -7.928070909516387 ], [ -78.311195486776739, -7.927528775783276 ], [ -78.311467371663738, -7.927530531461767 ], [ -78.311469132520415, -7.927259464528576 ], [ -78.311741017292007, -7.92726121996927 ], [ -78.311739256612881, -7.927532286963229 ], [ -78.313370567612097, -7.927542816254474 ], [ -78.313372327225935, -7.927271748896033 ], [ -78.31391609770067, -7.927275257122127 ], [ -78.313917856897334, -7.927004189638336 ], [ -78.31418974205026, -7.92700594342514 ], [ -78.314187983031147, -7.927277010969647 ], [ -78.314459868423697, -7.927278764640145 ], [ -78.314461627265274, -7.927007697034933 ], [ -78.315277283282626, -7.927012956802212 ], [ -78.315275524973686, -7.92728402458951 ], [ -78.315547410614442, -7.927285777551925 ], [ -78.315545652421022, -7.927556845395999 ], [ -78.316089424243728, -7.927560350911105 ], [ -78.316091182082062, -7.927289282945685 ], [ -78.31636306790891, -7.927291035377032 ], [ -78.316364825507662, -7.927019967347039 ], [ -78.316636711218976, -7.927021719540709 ], [ -78.316638468578191, -7.926750651446151 ], [ -78.318269783082869, -7.926761160526988 ], [ -78.318271539314864, -7.926490092064705 ], [ -78.318543425105048, -7.926491842898025 ], [ -78.318545181097534, -7.926220774371223 ], [ -78.31908895250875, -7.926224275385634 ], [ -78.319090708084218, -7.925953206733714 ], [ -78.31936259370525, -7.925954956914826 ], [ -78.319364349041251, -7.925683888198406 ], [ -78.319908120114093, -7.925687387908467 ], [ -78.319909875033133, -7.925416319066971 ], [ -78.320181760484942, -7.925418068595943 ], [ -78.320185269782229, -7.924875930780079 ], [ -78.320457154940968, -7.924877680010926 ], [ -78.320458909319214, -7.924606611036567 ], [ -78.32073079436239, -7.924608360029877 ], [ -78.320732548501226, -7.924337290991045 ], [ -78.321004433428826, -7.924339039746833 ], [ -78.32100618732828, -7.924067970643545 ], [ -78.321278072140302, -7.924069719161819 ], [ -78.321279825800374, -7.923798649994074 ], [ -78.322639249901556, -7.923807389628493 ], [ -78.322637497128866, -7.924078459098911 ], [ -78.322909382312204, -7.92408020655547 ], [ -78.32290762965512, -7.924351276082503 ], [ -78.322635744294288, -7.924349528565427 ], [ -78.322632238439539, -7.924891667486757 ], [ -78.322360352785608, -7.924889919671675 ], [ -78.322349832671335, -7.926516335978849 ], [ -78.322621719390369, -7.926518084157066 ], [ -78.322618212545677, -7.927060223015943 ], [ -78.322890099681672, -7.927061971138189 ], [ -78.32288659294457, -7.927604110102482 ], [ -78.32370225578903, -7.927609353770122 ], [ -78.323700502860376, -7.92788042342793 ], [ -78.323972390776461, -7.927882171023571 ], [ -78.323970637963527, -7.928153240737966 ], [ -78.324242526119022, -7.928154988217056 ], [ -78.32423200900827, -7.929781406784362 ], [ -78.324503898291169, -7.929783154449289 ], [ -78.324502145400544, -7.930054224257323 ], [ -78.324774034922882, -7.930055971805642 ], [ -78.324772282148061, -7.930327041670245 ], [ -78.325587951618857, -7.930332283434054 ], [ -78.325586199315097, -7.930603353476143 ], [ -78.325858089439947, -7.930605100437003 ], [ -78.325859841566086, -7.930334030334464 ], [ -78.326403621645909, -7.930337523603995 ], [ -78.326405373355001, -7.930066453376669 ], [ -78.326949153326751, -7.930069945816954 ], [ -78.32695090461884, -7.929798875464865 ], [ -78.327766574506896, -7.929804112615869 ], [ -78.32776832520436, -7.929533042078635 ], [ -78.328040215112964, -7.929534787381062 ], [ -78.328041965571074, -7.929263716779523 ], [ -78.328313855363817, -7.929265461844476 ], [ -78.328315605582574, -7.92899439117864 ], [ -78.328859384998097, -7.928997880656553 ], [ -78.32886288454003, -7.928455739071619 ], [ -78.329134773985203, -7.928457483424224 ], [ -78.329140022302425, -7.927644270836425 ], [ -78.329955689410113, -7.927649502288617 ], [ -78.329957438193048, -7.92737843123712 ], [ -78.330229327174806, -7.92738017464009 ], [ -78.330236320979338, -7.926295890153677 ], [ -78.330508209312612, -7.926297633138232 ], [ -78.330506461131549, -7.926568704326032 ], [ -78.331050238338221, -7.926572189884791 ], [ -78.33104849045057, -7.926843261189365 ], [ -78.332951713859273, -7.92685545549122 ], [ -78.332953460504115, -7.926584383764485 ], [ -78.334041017383569, -7.9265913478014 ], [ -78.334042763256633, -7.926320275829664 ], [ -78.334586541710976, -7.92632375666551 ], [ -78.33458828716735, -7.926052684569362 ], [ -78.334860176309391, -7.926054424661521 ], [ -78.334861921526638, -7.925783352501224 ], [ -78.335133810552733, -7.925785092356137 ], [ -78.335135555530869, -7.925514020131702 ], [ -78.335407444441032, -7.925515759749381 ], [ -78.335409189180069, -7.925244687460808 ], [ -78.335952966830092, -7.925248166044739 ], [ -78.33595645541341, -7.924706021214993 ], [ -78.336228343975748, -7.924707760121046 ], [ -78.336230087997563, -7.924436687640108 ], [ -78.336501976443969, -7.924438426308973 ], [ -78.336503720226744, -7.924167353763929 ], [ -78.337047496949211, -7.924170830450351 ], [ -78.337049240315466, -7.923899757781008 ], [ -78.33732112859154, -7.923901495798581 ], [ -78.337322871718769, -7.923630423065143 ], [ -78.337594759878883, -7.923632160845575 ], [ -78.337603473704746, -7.922276796819002 ], [ -78.337875361039082, -7.922278534121585 ], [ -78.337878845783877, -7.921736388363314 ], [ -78.338150732824843, -7.921738125368634 ], [ -78.338152474927526, -7.921467052423482 ], [ -78.33869624883917, -7.921470525783064 ], [ -78.338697990525489, -7.921199452713685 ], [ -78.339241764328264, -7.92120292524535 ], [ -78.339243505598262, -7.920931852051778 ], [ -78.341146714602559, -7.920943999919461 ], [ -78.341144974574505, -7.9212150735339 ], [ -78.343048187831442, -7.921227213154399 ], [ -78.343049926617553, -7.920956139119397 ], [ -78.344137477691319, -7.920963071913408 ], [ -78.344139215706377, -7.920691997634324 ], [ -78.344954879123904, -7.920697195192361 ], [ -78.34495661654536, -7.920426120729305 ], [ -78.345772279982853, -7.920431316515316 ], [ -78.345774016810751, -7.920160241868349 ], [ -78.346045904568527, -7.920161973383256 ], [ -78.346047641157682, -7.919890898672397 ], [ -78.346863304266762, -7.919896091975909 ], [ -78.346865040262401, -7.919625017081207 ], [ -78.348496367071405, -7.919635398552943 ], [ -78.348498101941431, -7.919364323294626 ], [ -78.349857541747056, -7.919372969357616 ], [ -78.349861009529505, -7.918830818230094 ], [ -78.350132897319625, -7.918832546792302 ], [ -78.350134630941611, -7.918561471162801 ], [ -78.350678406350809, -7.918564927636881 ], [ -78.350680139556843, -7.918293851883699 ], [ -78.351495802597682, -7.918299035088852 ], [ -78.351497535210413, -7.918027959152149 ], [ -78.352585086078889, -7.918034867377182 ], [ -78.352586817921036, -7.917763791197162 ], [ -78.353402481182712, -7.917768970329684 ], [ -78.353404212431627, -7.917497893966273 ], [ -78.354219875711706, -7.917503071327894 ], [ -78.354221606367446, -7.917231994781139 ], [ -78.354765381838519, -7.917235445351841 ], [ -78.354763651537468, -7.917506522018193 ], [ -78.355035539542044, -7.917508247098111 ], [ -78.355037269665758, -7.917237170371966 ], [ -78.35558104550357, -7.917240619881766 ], [ -78.355582775211474, -7.916969543032168 ], [ -78.355854663044724, -7.916971267462067 ], [ -78.355868497089702, -7.91480265204708 ], [ -78.356140383565588, -7.914804375822037 ], [ -78.356142112368971, -7.914533298817894 ], [ -78.356413998728655, -7.914535022356329 ], [ -78.356415727293694, -7.914263945288543 ], [ -78.35668761353719, -7.914265668590465 ], [ -78.35668934186387, -7.913994591459033 ], [ -78.357233114179564, -7.913998037413141 ], [ -78.357234842090634, -7.913726960158336 ], [ -78.357506728162832, -7.913728682810535 ], [ -78.357508455835571, -7.913457605492106 ], [ -78.357780341791582, -7.913459327907841 ], [ -78.357782069226019, -7.91318825052579 ], [ -78.358597726928565, -7.913193416533443 ], [ -78.358599453770211, -7.912922338968356 ], [ -78.358871339615902, -7.912924060557749 ], [ -78.358873066219275, -7.912652982929072 ], [ -78.35914495194875, -7.912654704282044 ], [ -78.359146678313863, -7.912383626589781 ], [ -78.359418563927136, -7.912385347706344 ], [ -78.359420290054004, -7.912114269950507 ], [ -78.359692175551061, -7.912115990830677 ], [ -78.359693901439698, -7.911844913011263 ], [ -78.359965786820538, -7.911846633655049 ], [ -78.359969238060344, -7.911304477885206 ], [ -78.360241123147773, -7.911306198232944 ], [ -78.360242848498984, -7.911035120282524 ], [ -78.360514733470211, -7.91103684039391 ], [ -78.360518183635207, -7.910494684362074 ], [ -78.360790068313051, -7.910496404177459 ], [ -78.360791793126893, -7.910225326096052 ], [ -78.361063677688534, -7.910227045675116 ], [ -78.361065402264217, -7.909955967530168 ], [ -78.36160917121606, -7.909959406039018 ], [ -78.361610895376415, -7.909688327770895 ], [ -78.3624265487299, -7.90969348403036 ], [ -78.362424825101058, -7.909964562477373 ], [ -78.36351236446761, -7.909971435255319 ], [ -78.363514087387756, -7.909700356569873 ], [ -78.364057857082244, -7.909703791779723 ], [ -78.364059579587135, -7.909432712971214 ], [ -78.364331464348581, -7.90943443025158 ], [ -78.364333186615411, -7.909163351379603 ], [ -78.364876955966665, -7.909166785291257 ], [ -78.364880399609035, -7.908624627297367 ], [ -78.365424168495238, -7.908628060264222 ], [ -78.365427611185467, -7.908085902016565 ], [ -78.365699495365618, -7.90808761811595 ], [ -78.365701216442304, -7.907816538926746 ], [ -78.365973100506181, -7.907818254789973 ], [ -78.365974821344864, -7.90754717553734 ], [ -78.366518589300952, -7.907550606614895 ], [ -78.36652030972455, -7.907279527239316 ], [ -78.366792193616746, -7.907281242453658 ], [ -78.366793913802383, -7.907010163014673 ], [ -78.36706579757832, -7.9070118779929 ], [ -78.367067517525996, -7.906740798490511 ], [ -78.36733940118566, -7.906742513232633 ], [ -78.367341120895389, -7.906471433666852 ], [ -78.370059959065784, -7.906488570780994 ], [ -78.370061676943735, -7.906217490616541 ], [ -78.370333560918013, -7.906219203297312 ], [ -78.370335278558116, -7.905948123069529 ], [ -78.370607162416064, -7.905949835514283 ], [ -78.37060887981832, -7.905678755223185 ], [ -78.370880763559924, -7.905680467431935 ], [ -78.370882480724347, -7.905409387077526 ], [ -78.371154364349636, -7.905411099050285 ], [ -78.37115608127624, -7.905140018632565 ], [ -78.371699848354893, -7.905143441929575 ], [ -78.371701564866626, -7.904872361389143 ], [ -78.371973448319977, -7.904874072713413 ], [ -78.371980313051409, -7.903789750275254 ], [ -78.371708430306256, -7.903788039188618 ], [ -78.371720442487558, -7.901890475188363 ], [ -78.371992323993609, -7.901892185859145 ], [ -78.371994039599599, -7.901621105212759 ], [ -78.372265920989392, -7.901622815647663 ], [ -78.372269351665267, -7.901080654224454 ], [ -78.37254123276179, -7.901082364364095 ], [ -78.37254294783169, -7.900811283587283 ], [ -78.373358590954581, -7.900816412769283 ], [ -78.373360305432882, -7.900545331810445 ], [ -78.373632186418263, -7.900547041125497 ], [ -78.373640757014641, -7.899191635976301 ], [ -78.373912637175962, -7.899193344818084 ], [ -78.373914350936261, -7.898922263717254 ], [ -78.374186230981337, -7.898923972323261 ], [ -78.37418794450403, -7.898652891159196 ], [ -78.374459824432861, -7.898654599529437 ], [ -78.374463250942426, -7.898112437070978 ], [ -78.374735130578088, -7.898114145146121 ], [ -78.374736843564961, -7.897843063851731 ], [ -78.375280602664418, -7.897846479354162 ], [ -78.375282315236873, -7.897575397937226 ], [ -78.377457352644711, -7.897589052416905 ], [ -78.377455641487487, -7.897860134308279 ], [ -78.378271282046072, -7.897865252005619 ], [ -78.378274703238574, -7.897323087863368 ], [ -78.378546583192133, -7.897324793291181 ], [ -78.378551713995932, -7.896511546870975 ], [ -78.37882359347941, -7.896513251944646 ], [ -78.378825303449332, -7.896242169737575 ], [ -78.379097182816508, -7.89624387457564 ], [ -78.379100602220959, -7.895701710031393 ], [ -78.379372481294965, -7.895703414574625 ], [ -78.379375900103497, -7.895161249896399 ], [ -78.379647778884348, -7.895162954144817 ], [ -78.379649488020959, -7.894891871740662 ], [ -78.379921366685522, -7.89489357575352 ], [ -78.379941869481129, -7.891640585890916 ], [ -78.379669992938148, -7.891638882588778 ], [ -78.37967340957681, -7.891096717675933 ], [ -78.37940153344789, -7.891095014316014 ], [ -78.37940495019788, -7.890552849506149 ], [ -78.379676825973306, -7.890554552747606 ], [ -78.379678534080767, -7.890283470277634 ], [ -78.379950409740005, -7.890285173283635 ], [ -78.379974314414284, -7.886490017468557 ], [ -78.379702441228645, -7.886488315291716 ], [ -78.379705855566925, -7.88594615023182 ], [ -78.379433982795092, -7.885944447997309 ], [ -78.379444225416762, -7.884317953080182 ], [ -78.379716097128934, -7.884319654959308 ], [ -78.379721217092737, -7.883506407270841 ], [ -78.379177474788435, -7.883503003691901 ], [ -78.379179181675113, -7.883231921239811 ], [ -78.378635439966132, -7.883228517075091 ], [ -78.378638854264096, -7.882686352396292 ], [ -78.378366983853553, -7.882684650168352 ], [ -78.378370398262376, -7.882142485592595 ], [ -78.378098528265497, -7.882140783307129 ], [ -78.378101942785136, -7.881598618834424 ], [ -78.377830073201892, -7.881596916491456 ], [ -78.377833487832305, -7.88105475212182 ], [ -78.377561618662696, -7.881053049721371 ], [ -78.377563326063537, -7.880781967590027 ], [ -78.378107064110338, -7.880785372096372 ], [ -78.378108771097587, -7.880514289842622 ], [ -78.378652509033657, -7.880517693526429 ], [ -78.378654215607355, -7.880246611150299 ], [ -78.379469822436079, -7.880251715178285 ], [ -78.379471528419742, -7.879980632620564 ], [ -78.380015266255256, -7.879984034307463 ], [ -78.380016971825398, -7.879712951627423 ], [ -78.380288840657457, -7.879714652147673 ], [ -78.38029054599059, -7.87944356940455 ], [ -78.380562414706688, -7.879445269689604 ], [ -78.380564119802827, -7.879174186883406 ], [ -78.380835988402964, -7.87917588693328 ], [ -78.380837693262137, -7.87890480406401 ], [ -78.381109561746285, -7.878906503878715 ], [ -78.381111266368478, -7.878635420946382 ], [ -78.382198740204188, -7.878642218208816 ], [ -78.382200444060061, -7.878371135035889 ], [ -78.382744180987856, -7.878374532493018 ], [ -78.382745884430335, -7.878103449197894 ], [ -78.38301775280847, -7.878105147603371 ], [ -78.38301945601404, -7.877834064245231 ], [ -78.3832913242762, -7.877835762415613 ], [ -78.383294730153096, -7.877293595569436 ], [ -78.383566598122812, -7.877295293445591 ], [ -78.383568300794181, -7.877024209957567 ], [ -78.383840168647893, -7.877025907598655 ], [ -78.38384357345646, -7.876483740492742 ], [ -78.384115441017784, -7.876485437839644 ], [ -78.384117143154995, -7.876214354221763 ], [ -78.38438901060033, -7.876216051333628 ], [ -78.384390712500718, -7.875944967652761 ], [ -78.384934447219848, -7.875948361230545 ], [ -78.384936148707013, -7.875677277427586 ], [ -78.386023618164529, -7.875684062235959 ], [ -78.386025318885714, -7.875412978192752 ], [ -78.386569053624001, -7.875416369423415 ], [ -78.386570753932034, -7.87514528525819 ], [ -78.386842621215351, -7.875146980550618 ], [ -78.386844321286631, -7.87487589632246 ], [ -78.38711618845393, -7.874877591379945 ], [ -78.387117888288472, -7.874606507088864 ], [ -78.387389755339754, -7.874608201911416 ], [ -78.387391454937571, -7.874337117557418 ], [ -78.38793518886844, -7.874340506556807 ], [ -78.38793688805319, -7.874069422080851 ], [ -78.388208754932762, -7.874071116257713 ], [ -78.388210453880802, -7.873800031718861 ], [ -78.388482320644357, -7.873801725660829 ], [ -78.38848401935573, -7.873530641059087 ], [ -78.388755886003267, -7.873532334766176 ], [ -78.388757584477958, -7.873261250101547 ], [ -78.389029451009463, -7.873262943573769 ], [ -78.389031149247501, -7.872991858846262 ], [ -78.389303015662989, -7.87299355208363 ], [ -78.389304713664373, -7.872722467293246 ], [ -78.389032847425227, -7.872720774114894 ], [ -78.389044732980594, -7.870823180887269 ], [ -78.3887728680359, -7.870821487946219 ], [ -78.38878305436026, -7.869194979669031 ], [ -78.389054918247339, -7.869196672255969 ], [ -78.389056615580728, -7.868925587470583 ], [ -78.38932847935186, -7.86892727982276 ], [ -78.389331873485219, -7.868385110122389 ], [ -78.389603736964204, -7.868386802180808 ], [ -78.389608827183309, -7.867573547424311 ], [ -78.38988069019392, -7.86757523913 ], [ -78.389882386636828, -7.867304154144452 ], [ -78.39015424953152, -7.867305845615436 ], [ -78.390155945737931, -7.867034760567039 ], [ -78.390427808516719, -7.86703645180333 ], [ -78.390429504486647, -7.866765366692086 ], [ -78.390701367149504, -7.866767057693692 ], [ -78.390713236018101, -7.864869461394187 ], [ -78.390985097508036, -7.864871151807275 ], [ -78.39098679264346, -7.864600066547236 ], [ -78.39125865401752, -7.864601756725701 ], [ -78.391260348916546, -7.864330671402836 ], [ -78.391532210174717, -7.864332361346694 ], [ -78.391533904837345, -7.864061275961017 ], [ -78.39180576597964, -7.864062965670275 ], [ -78.3918074604059, -7.86379188022179 ], [ -78.392079321432306, -7.863793569696464 ], [ -78.392084403821286, -7.862980313151023 ], [ -78.392356264379586, -7.862982002273241 ], [ -78.392361345698163, -7.862168745516283 ], [ -78.392633205788385, -7.86217043428608 ], [ -78.392634899264706, -7.861899348633782 ], [ -78.392906759239068, -7.861901037169055 ], [ -78.392908452479091, -7.861629951453977 ], [ -78.393180312337577, -7.861631639754734 ], [ -78.393182005341316, -7.861360553976879 ], [ -78.393453865083956, -7.861362242043139 ], [ -78.393455557851397, -7.861091156202513 ], [ -78.393727417478189, -7.861092844034286 ], [ -78.39372911000936, -7.860821758130894 ], [ -78.394272829091392, -7.860825133149929 ], [ -78.394274521210264, -7.86055404712488 ], [ -78.394818240180925, -7.860557421323878 ], [ -78.394819931887511, -7.860286335177195 ], [ -78.395363650746759, -7.860289708556206 ], [ -78.395365342041103, -7.860018622287917 ], [ -78.395637201384915, -7.860020308655226 ], [ -78.395638892443074, -7.859749222324216 ], [ -78.396454470307319, -7.8597542801963 ], [ -78.39645616077722, -7.859483193684868 ], [ -78.397271738654567, -7.859488249800573 ], [ -78.397273428536266, -7.859217163108776 ], [ -78.398089006426559, -7.859222217468207 ], [ -78.398090695720086, -7.858951130596104 ], [ -78.398634414262091, -7.858954499173805 ], [ -78.398636103143474, -7.858683412180238 ], [ -78.398907962328579, -7.858685096147011 ], [ -78.398909650973906, -7.8584140090908 ], [ -78.399453369172321, -7.858417376380217 ], [ -78.399448304112241, -7.859230637890009 ], [ -78.399720163829585, -7.859232321447778 ], [ -78.399713410279404, -7.860316670308705 ], [ -78.399985270760951, -7.860318353926025 ], [ -78.399981893977611, -7.860860528450928 ], [ -78.400525615825089, -7.860863895393955 ], [ -78.400522239505804, -7.861406070138502 ], [ -78.400794100871749, -7.861407753464167 ], [ -78.400790724664461, -7.861949928310818 ], [ -78.401062586442606, -7.861951611578395 ], [ -78.401060898425001, -7.862222699054692 ], [ -78.40133276043926, -7.862224382205421 ], [ -78.401327696554574, -7.86303764478742 ], [ -78.401599559157177, -7.863039327938753 ], [ -78.401597871251667, -7.863310415517119 ], [ -78.401869734090397, -7.863312098551565 ], [ -78.401868046301018, -7.863583186184804 ], [ -78.402139909375862, -7.863584869102347 ], [ -78.4021382217026, -7.863855956790463 ], [ -78.402410085013585, -7.863857639591092 ], [ -78.402408397456455, -7.864128727334069 ], [ -78.402680261003582, -7.864130410017772 ], [ -78.402676886061599, -7.864672585609599 ], [ -78.402948750020997, -7.864674268235069 ], [ -78.402947062636173, -7.864945356083908 ], [ -78.403218926831727, -7.864947038592421 ], [ -78.403217239563077, -7.865218126496107 ], [ -78.403760968486424, -7.865221491103524 ], [ -78.403759281510119, -7.865492579120738 ], [ -78.404031146237926, -7.865494261219626 ], [ -78.404029459377824, -7.865765349291669 ], [ -78.404573189365664, -7.865768713079763 ], [ -78.404571502797964, -7.866039801265293 ], [ -78.404843368057982, -7.86604148295448 ], [ -78.404841681606541, -7.866312571194827 ], [ -78.406472875482407, -7.86632265799236 ], [ -78.406471190028171, -7.866593746580695 ], [ -78.407286788303523, -7.866598787783427 ], [ -78.40728510331796, -7.866869876543746 ], [ -78.407556969705738, -7.866871556651858 ], [ -78.407555284836519, -7.867142645466929 ], [ -78.407827151460367, -7.86714432545793 ], [ -78.407825466707479, -7.867415414327745 ], [ -78.408369200487243, -7.867418773899768 ], [ -78.408367516026914, -7.867689862882903 ], [ -78.409183117674189, -7.867694901098752 ], [ -78.409181433682676, -7.867965990253746 ], [ -78.409725168765888, -7.867969348302789 ], [ -78.409723485066991, -7.86824043757104 ], [ -78.409995352874574, -7.868242116390507 ], [ -78.409997036397229, -7.867971027063708 ], [ -78.410268904088412, -7.867972705648893 ], [ -78.41027058737501, -7.867701616259701 ], [ -78.410542454949791, -7.86770329461062 ], [ -78.410545820991089, -7.867161115703617 ], [ -78.411633290478491, -7.867167826881863 ], [ -78.41163497270459, -7.86689673718851 ], [ -78.411906840049724, -7.866898414485278 ], [ -78.411908522039823, -7.866627324729572 ], [ -78.412180389268528, -7.866629001792134 ], [ -78.412182071022642, -7.866357911974085 ], [ -78.412997672538779, -7.866362941932086 ], [ -78.412999353704549, -7.866091851934727 ], [ -78.414358689878867, -7.866100231391785 ], [ -78.41435700959407, -7.866371321681439 ], [ -78.414900744834299, -7.866374672351284 ], [ -78.414899064842174, -7.866645762753964 ], [ -78.415442800673659, -7.866649112837861 ], [ -78.415441120974236, -7.866920203353544 ], [ -78.41788793675623, -7.866935270559102 ], [ -78.417889614869779, -7.866664179517884 ], [ -78.418161483412092, -7.866665852714903 ], [ -78.41816483910786, -7.866123670504194 ], [ -78.418436707357415, -7.866125343408793 ], [ -78.418438384939662, -7.865854252239312 ], [ -78.418710253072661, -7.865855924909862 ], [ -78.418713607705897, -7.865313742442659 ], [ -78.418985475546137, -7.865315414820834 ], [ -78.418988829588542, -7.864773232221549 ], [ -78.419260697136082, -7.864774904307374 ], [ -78.419262373891698, -7.864503812943624 ], [ -78.41953424132268, -7.864505484795447 ], [ -78.419552679762802, -7.861523478898684 ], [ -78.419824545316047, -7.861525149933282 ], [ -78.419826221004186, -7.861254058406721 ], [ -78.420098086440944, -7.86125572920741 ], [ -78.420106463107288, -7.859900271225335 ], [ -78.420378327723313, -7.859901941558879 ], [ -78.420381677620639, -7.859359758222515 ], [ -78.420653541944162, -7.85936142826389 ], [ -78.420661914764679, -7.858005969564178 ], [ -78.420933778267653, -7.858007639138518 ], [ -78.420935452477025, -7.857736547328746 ], [ -78.421207315863569, -7.857738216669278 ], [ -78.421208989837368, -7.85746712479737 ], [ -78.421480853107482, -7.857468793904111 ], [ -78.421482526845736, -7.857197701970072 ], [ -78.422026253212607, -7.857201039540489 ], [ -78.422027926539343, -7.856929947486057 ], [ -78.423930969466824, -7.856941623046619 ], [ -78.423929297371998, -7.857212715508795 ], [ -78.426376072717716, -7.857227714832174 ], [ -78.426377743228642, -7.856956621846194 ], [ -78.426649607277255, -7.856958287502015 ], [ -78.426651277552736, -7.856687194454028 ], [ -78.426923141484821, -7.856688859876192 ], [ -78.426924811524898, -7.856417766766199 ], [ -78.427740403149713, -7.856422761805306 ], [ -78.427742072602456, -7.856151668517022 ], [ -78.428285800297459, -7.856154997549414 ], [ -78.428287469338855, -7.855883904141017 ], [ -78.4285593330995, -7.855885568335871 ], [ -78.428561001905535, -7.855614474865505 ], [ -78.428832865549609, -7.855616138826771 ], [ -78.428837871083545, -7.854802858218274 ], [ -78.429381597494157, -7.854806185265743 ], [ -78.429378261234703, -7.855348372574358 ], [ -78.429921988586571, -7.855351699152438 ], [ -78.429920320719688, -7.855622792917179 ], [ -78.431279641017838, -7.855631106582218 ], [ -78.43127797397139, -7.855902200633508 ], [ -78.431549838384996, -7.855903862898177 ], [ -78.431548171455205, -7.856174957003683 ], [ -78.433451225242905, -7.856186588349355 ], [ -78.433452890940927, -7.855915493837612 ], [ -78.433724755828948, -7.855917154698493 ], [ -78.433726421291723, -7.855646060124894 ], [ -78.434270150893639, -7.855649381204234 ], [ -78.434271815945237, -7.855378286510799 ], [ -78.434815545432286, -7.85538160677229 ], [ -78.434813880732591, -7.855652701581701 ], [ -78.435357610808552, -7.855656021257294 ], [ -78.435355946401543, -7.855927116178817 ], [ -78.436715273507744, -7.855935412586861 ], [ -78.436713609921355, -7.856206507794317 ], [ -78.439976003125253, -7.856226401969828 ], [ -78.439977664599965, -7.855955306067541 ], [ -78.441065130190026, -7.855961931612473 ], [ -78.441066790901743, -7.855690835474931 ], [ -78.441610523699495, -7.855694147078854 ], [ -78.441612184000178, -7.855423050821805 ], [ -78.442155916682381, -7.85542636160819 ], [ -78.442154256733616, -7.855697457980884 ], [ -78.442969856727856, -7.855702423017874 ], [ -78.442968197247922, -7.855973519560154 ], [ -78.444327532632627, -7.855981791401229 ], [ -78.444329191232711, -7.855710694570035 ], [ -78.444872925447896, -7.855714001962576 ], [ -78.444874583637031, -7.855442905012024 ], [ -78.445146450657191, -7.855444558387325 ], [ -78.445148108611349, -7.855173461375187 ], [ -78.445419975514554, -7.855175114517276 ], [ -78.44542163323375, -7.854904017443555 ], [ -78.445965366865252, -7.854907323085865 ], [ -78.445962052071692, -7.855449517460422 ], [ -78.446233919327852, -7.855451170133846 ], [ -78.44623226201854, -7.855722267373097 ], [ -78.446504129509648, -7.855723919928773 ], [ -78.446500815066031, -7.856266114511213 ], [ -78.44677268296806, -7.856267767006844 ], [ -78.446771025833769, -7.856538864350026 ], [ -78.447042893970774, -7.856540516727876 ], [ -78.447041236953481, -7.856811614124932 ], [ -78.447584973756349, -7.856814918469547 ], [ -78.447583317032112, -7.857086015978166 ], [ -78.448127054422784, -7.857089319736151 ], [ -78.448125397991575, -7.857360417356309 ], [ -78.448941005047658, -7.857365371849991 ], [ -78.448942660950834, -7.857094274056814 ], [ -78.449758268009219, -7.857099226797894 ], [ -78.449759923325473, -7.856828128827912 ], [ -78.451663007291032, -7.856839678677559 ], [ -78.451661353206759, -7.857110777050903 ], [ -78.452748831757589, -7.857117373334247 ], [ -78.45275213845926, -7.856575176122997 ], [ -78.452480269085285, -7.856573527430591 ], [ -78.452481922523873, -7.856302428876796 ], [ -78.452210053384718, -7.856300780066478 ], [ -78.452216667254518, -7.855216386043305 ], [ -78.452760404183877, -7.855219683027781 ], [ -78.452762057152299, -7.854948584397236 ], [ -78.453033925529283, -7.854950232568696 ], [ -78.453035578262899, -7.854679133876742 ], [ -78.453307446522757, -7.854680781815173 ], [ -78.453309099021624, -7.854409683061817 ], [ -78.453580967164342, -7.854411330767229 ], [ -78.45358592378021, -7.853598034311477 ], [ -78.453857791453956, -7.853599681668771 ], [ -78.453859443365687, -7.853328582784969 ], [ -78.454131310922321, -7.853330229909278 ], [ -78.454134614217537, -7.852788032015072 ], [ -78.454678348803554, -7.852791325507252 ], [ -78.454680000011166, -7.852520226439323 ], [ -78.455495601803378, -7.85252516518941 ], [ -78.455493951123472, -7.852796264429913 ], [ -78.456037686297293, -7.852799556167945 ], [ -78.456036035910429, -7.853070655519637 ], [ -78.456579771671088, -7.853073946670999 ], [ -78.456578121577309, -7.853345046133857 ], [ -78.456849989721675, -7.853346691503891 ], [ -78.456848339745065, -7.853617791020401 ], [ -78.45793581361356, -7.853624370976148 ], [ -78.457937462886463, -7.853353271229746 ], [ -78.458209331324454, -7.853354915722637 ], [ -78.458207682227467, -7.853626015526494 ], [ -78.458479550900094, -7.853627659901408 ], [ -78.458477901920318, -7.853898759758889 ], [ -78.458749770827581, -7.853900404015809 ], [ -78.458748121965058, -7.854171503926906 ], [ -78.45929186030753, -7.854174792029293 ], [ -78.459290211738193, -7.854445892051429 ], [ -78.460377689831063, -7.854452466380494 ], [ -78.460379337696622, -7.854181366128691 ], [ -78.460923076743143, -7.854184652125695 ], [ -78.460924724198179, -7.853913551755261 ], [ -78.461468463127389, -7.853916836935689 ], [ -78.461470110171931, -7.85364573644665 ], [ -78.462013848983815, -7.853649020810555 ], [ -78.462015495617848, -7.853377920202933 ], [ -78.46255923431238, -7.853381203750361 ], [ -78.46256088053596, -7.853110103024185 ], [ -78.463104619113068, -7.853113385755184 ], [ -78.463106264926225, -7.852842284910479 ], [ -78.463378134126756, -7.852843925955496 ], [ -78.463379779705392, -7.852572825049619 ], [ -78.463923517930411, -7.852576106498731 ], [ -78.463925163098651, -7.85230500547436 ], [ -78.464197032123124, -7.852306645878471 ], [ -78.464195387130786, -7.852577746960164 ], [ -78.464739125707226, -7.852581027356783 ], [ -78.464737481008129, -7.852852128549272 ], [ -78.465281220170624, -7.852855408358832 ], [ -78.465279575764797, -7.853126509662092 ], [ -78.46691079571265, -7.853136345224296 ], [ -78.46691243906298, -7.85286524357738 ], [ -78.46718430908318, -7.852866882166491 ], [ -78.467185952199088, -7.852595780458488 ], [ -78.467729692063159, -7.852599056995949 ], [ -78.467731334768757, -7.852327955169622 ], [ -78.468003204612629, -7.852329593117991 ], [ -78.468001562082932, -7.852600695001553 ], [ -78.469089042746788, -7.852607245269793 ], [ -78.46908740086225, -7.852878347378408 ], [ -78.470174883165058, -7.852884895068739 ], [ -78.470176524345945, -7.852613792731337 ], [ -78.470720265496126, -7.852617065409595 ], [ -78.47072190626676, -7.852345962954008 ], [ -78.471265647298821, -7.852349234816251 ], [ -78.471267287659245, -7.852078132242508 ], [ -78.471811028573114, -7.852081403288794 ], [ -78.471812668523327, -7.851810300596911 ], [ -78.473715762329689, -7.851821743333666 ], [ -78.473717400990296, -7.851550640238075 ], [ -78.474261142251279, -7.851553907898609 ], [ -78.474264418693906, -7.851011701467553 ], [ -78.474536289060154, -7.851013334920548 ], [ -78.474537927018105, -7.850742231642194 ], [ -78.474809797266786, -7.850743864862719 ], [ -78.474813072655962, -7.850201658180363 ], [ -78.475084942611247, -7.850203291111356 ], [ -78.475086580042486, -7.849932187707363 ], [ -78.475358449880261, -7.849933820405917 ], [ -78.475360087077334, -7.84966271694103 ], [ -78.475631956797557, -7.849664349407159 ], [ -78.475633593760492, -7.849393245881385 ], [ -78.475905463363176, -7.849394878115099 ], [ -78.475907100091959, -7.84912377452844 ], [ -78.47617896957712, -7.849125406529755 ], [ -78.476180606071765, -7.848854302882218 ], [ -78.476452475439388, -7.848855934651143 ], [ -78.476454111699923, -7.848584830942738 ], [ -78.476725980950008, -7.848586462479285 ], [ -78.476727616976447, -7.848315358710014 ], [ -78.47699948610898, -7.848316990014197 ], [ -78.477001121901338, -7.848045886184073 ], [ -78.477272990916333, -7.848047517255904 ], [ -78.47727462647461, -7.847776413364928 ], [ -78.477546495372067, -7.847778044204416 ], [ -78.477548130696277, -7.847506940252592 ], [ -78.477819999476196, -7.847508570859755 ], [ -78.477821634566354, -7.847237466847093 ], [ -78.478093503228735, -7.847239097221939 ], [ -78.478096772882736, -7.846696889071132 ], [ -78.478368641251791, -7.846698519156672 ], [ -78.478370275815649, -7.846427415018529 ], [ -78.478642144067166, -7.846429044871784 ], [ -78.47865031513409, -7.845073523838757 ], [ -78.478378447761344, -7.845071894270482 ], [ -78.478381716131949, -7.844529685944504 ], [ -78.478653583153232, -7.844531315398791 ], [ -78.478655217075456, -7.844260211173073 ], [ -78.478927083979229, -7.844261840395129 ], [ -78.478928717667515, -7.843990736108601 ], [ -78.479744318201014, -7.84399562255243 ], [ -78.479745951303926, -7.843724518091149 ], [ -78.481920887214912, -7.843737540442362 ], [ -78.48191925551771, -7.844008645359185 ], [ -78.482191122944059, -7.844010272421496 ], [ -78.482189491364423, -7.844281377391414 ], [ -78.484636302399096, -7.844296013578729 ], [ -78.484634672342864, -7.844567119056794 ], [ -78.485178409119001, -7.844570369728944 ], [ -78.485180038823785, -7.844299264137177 ], [ -78.485723775480793, -7.84430251399467 ], [ -78.485725404776048, -7.844031408285407 ], [ -78.487084746556022, -7.844039529578352 ], [ -78.487083118139395, -7.844310635571703 ], [ -78.487354986845247, -7.844312259361387 ], [ -78.487353358546301, -7.844583365407721 ], [ -78.48844083465292, -7.844589859041192 ], [ -78.488439206998891, -7.844860965310841 ], [ -78.488982945751729, -7.844864211189623 ], [ -78.488981318391183, -7.845135317568983 ], [ -78.490340667166805, -7.845143429482714 ], [ -78.490342293648624, -7.844872322819634 ], [ -78.490614163401915, -7.84487394461987 ], [ -78.490619041972423, -7.844060624437539 ], [ -78.490890911256486, -7.844062245892365 ], [ -78.490894162995602, -7.843520032304943 ], [ -78.491166031986168, -7.843521653471105 ], [ -78.491167657593095, -7.843250546614955 ], [ -78.492527002536406, -7.843258649533911 ], [ -78.492525377808022, -7.843529756673535 ], [ -78.493069116542188, -7.843532996727927 ], [ -78.493067492107315, -7.843804103977082 ], [ -78.494154970973256, -7.843810582209774 ], [ -78.49415659470526, -7.843539474734001 ], [ -78.494428464390737, -7.843541093797453 ], [ -78.494430087889157, -7.843269986261223 ], [ -78.49606130616273, -7.843279696622451 ], [ -78.496062928549051, -7.843008588742696 ], [ -78.496334798288046, -7.843010206466363 ], [ -78.496336420440855, -7.842739098526195 ], [ -78.496608290061985, -7.842740716018054 ], [ -78.496609911981267, -7.84246960801748 ], [ -78.49796926007555, -7.842477692565763 ], [ -78.497967639034727, -7.842748800849199 ], [ -78.498511379028372, -7.842752033555179 ], [ -78.498509758281159, -7.8430231419479 ], [ -78.498781628540357, -7.843024758094614 ], [ -78.49878000791108, -7.843295866540059 ], [ -78.499051878403733, -7.843297482568094 ], [ -78.499048637323327, -7.843839699560607 ], [ -78.499320508225182, -7.843841315526475 ], [ -78.499318887774052, -7.844112424073535 ], [ -78.499590758909392, -7.844114039920691 ], [ -78.499589138576241, -7.844385148520455 ], [ -78.499861009945064, -7.844386764248886 ], [ -78.499859389729906, -7.844657872901355 ], [ -78.500131261332214, -7.844659488511049 ], [ -78.500129641235048, -7.844930597216211 ], [ -78.500401513070827, -7.844932212707153 ], [ -78.500399893091696, -7.845203321465006 ], [ -78.500671765160959, -7.845204936837186 ], [ -78.500670145299836, -7.845476045647719 ], [ -78.501213889963054, -7.845479275979254 ], [ -78.501215509472644, -7.845208167055738 ], [ -78.501759254015198, -7.845211396573219 ], [ -78.501760873115586, -7.844940287532935 ], [ -78.502032745297655, -7.844941901972303 ], [ -78.502034364164587, -7.844670792871733 ], [ -78.502306236228605, -7.844672407079376 ], [ -78.50230785486211, -7.844401297918527 ], [ -78.502851598811731, -7.844404525695137 ], [ -78.502853217036076, -7.844133416417572 ], [ -78.503125088921664, -7.844135029986557 ], [ -78.50312670691261, -7.843863920648729 ], [ -78.503398578680134, -7.843865533986034 ], [ -78.503403431779816, -7.843052205780341 ], [ -78.50313156053943, -7.84305059261235 ], [ -78.503133178299706, -7.842779483259264 ], [ -78.50286130729269, -7.842777869972494 ], [ -78.502862925171002, -7.842506760672033 ], [ -78.502591054397357, -7.842505147266499 ], [ -78.502600761510095, -7.840878491722332 ], [ -78.502872631229693, -7.84088010478917 ], [ -78.502875866121201, -7.840337886131037 ], [ -78.503147735547174, -7.840339498909819 ], [ -78.503149352730787, -7.840068389518592 ], [ -78.503421222038767, -7.84007000206578 ], [ -78.503422838989081, -7.839798892614299 ], [ -78.503694708179097, -7.839800504929904 ], [ -78.503697941555501, -7.839258285902644 ], [ -78.503969810451906, -7.839259897930254 ], [ -78.503973043246461, -7.838717678774898 ], [ -78.504244911849298, -7.838719290514534 ], [ -78.504246527984506, -7.838448180874722 ], [ -78.504518396469365, -7.838449792382821 ], [ -78.504526475402912, -7.837094243844507 ], [ -78.504798343067478, -7.837095854895469 ], [ -78.504799958505714, -7.836824745119968 ], [ -78.505071826052358, -7.836826355939441 ], [ -78.505073441257409, -7.836555246103727 ], [ -78.505889043716309, -7.836560077342506 ], [ -78.50589065833708, -7.836288967333823 ], [ -78.506162525763031, -7.836290577340222 ], [ -78.506164140150673, -7.836019467271358 ], [ -78.50643600745866, -7.836021077046321 ], [ -78.506437621613145, -7.835749966917275 ], [ -78.506981356050815, -7.8357531858293 ], [ -78.506982969796653, -7.835482075583722 ], [ -78.507526704113545, -7.835485293682822 ], [ -78.507528317450735, -7.835214183320743 ], [ -78.509159520729497, -7.835223833078863 ], [ -78.509161132955981, -7.834952722375047 ], [ -78.50943300019496, -7.834954329999105 ], [ -78.509434612188386, -7.834683219235175 ], [ -78.509706479309358, -7.8346848266279 ], [ -78.509708091069768, -7.834413715803867 ], [ -78.51025182513321, -7.83441692995164 ], [ -78.510253436485087, -7.834145819011231 ], [ -78.510525303427556, -7.834147425766299 ], [ -78.510526914546432, -7.833876314765803 ], [ -78.51079878137088, -7.833877921289579 ], [ -78.510800392256769, -7.833606810229007 ], [ -78.511072258963225, -7.8336084165215 ], [ -78.511073869616141, -7.833337305400859 ], [ -78.511345736204575, -7.833338911462087 ], [ -78.511347346624532, -7.833067800281377 ], [ -78.511891079622828, -7.833071011766318 ], [ -78.511900738830107, -7.831444343927141 ], [ -78.511628873354994, -7.831442738609637 ], [ -78.511633702709247, -7.830629404807387 ], [ -78.51108997298401, -7.830626193985009 ], [ -78.511091583004671, -7.830355082822486 ], [ -78.510275989374179, -7.830350265445648 ], [ -78.510279210295522, -7.829808043446787 ], [ -78.510007346217833, -7.829806437417196 ], [ -78.510008956767678, -7.829535326468338 ], [ -78.509737092922876, -7.829533720320106 ], [ -78.509740314200826, -7.828991498523543 ], [ -78.509468450764331, -7.828989892312977 ], [ -78.509474893331628, -7.827905448899343 ], [ -78.509746756066633, -7.827907054884739 ], [ -78.509749976654504, -7.827364833042497 ], [ -78.510021839096311, -7.827366438740438 ], [ -78.510023449128639, -7.827095327757325 ], [ -78.50975158686218, -7.827093722115671 ], [ -78.509753197012344, -7.826822611185038 ], [ -78.50948133497873, -7.826821005424814 ], [ -78.509482945246717, -7.826549894546669 ], [ -78.509211083445933, -7.826548288667884 ], [ -78.509212693831742, -7.826277177842229 ], [ -78.508940832263818, -7.826275571844901 ], [ -78.508944053213497, -7.825733350294785 ], [ -78.508672192053723, -7.825731744235229 ], [ -78.508675413123925, -7.825189522782519 ], [ -78.508947273933089, -7.825191128729452 ], [ -78.508948884206603, -7.824920017941077 ], [ -78.509220744898016, -7.824921623656885 ], [ -78.509222354938714, -7.8246505128084 ], [ -78.509494215512333, -7.824652118293102 ], [ -78.509495825320244, -7.824381007384516 ], [ -78.509767685776097, -7.824382612638117 ], [ -78.509769295351205, -7.824111501669434 ], [ -78.510584876537948, -7.824116316212585 ], [ -78.510586485529757, -7.823845205071263 ], [ -78.512761369821135, -7.823858035711986 ], [ -78.512762977353347, -7.823586924116896 ], [ -78.513306698650126, -7.823590129916737 ], [ -78.513309912841194, -7.823047906490294 ], [ -78.513581773225226, -7.823049509015626 ], [ -78.513584986836122, -7.822507285461561 ], [ -78.513856846927069, -7.82250888769972 ], [ -78.51386005995785, -7.821966664018051 ], [ -78.514131919755727, -7.821968265969061 ], [ -78.514133526009786, -7.821697154066331 ], [ -78.514405385689855, -7.821698755786406 ], [ -78.514406991711297, -7.821427643823688 ], [ -78.514678851273544, -7.821429245312839 ], [ -78.514680457062369, -7.821158133290139 ], [ -78.514952316506808, -7.82115973454838 ], [ -78.514953922063043, -7.820888622465699 ], [ -78.515225781389645, -7.820890223493039 ], [ -78.515227386713292, -7.820619111350396 ], [ -78.516858542826469, -7.820628713508309 ], [ -78.516861751199372, -7.820086488537859 ], [ -78.517133610401913, -7.820088088173741 ], [ -78.517135214327183, -7.819816975626693 ], [ -78.517407073411874, -7.819818575031745 ], [ -78.517411884318179, -7.819005237199441 ], [ -78.517140025758991, -7.81900363796274 ], [ -78.517141629454926, -7.818732525400491 ], [ -78.51659791285887, -7.818729326515299 ], [ -78.516599516847776, -7.818458214061507 ], [ -78.516327658810908, -7.81845661441303 ], [ -78.516332470958957, -7.817643277197259 ], [ -78.516604328470422, -7.817644876677325 ], [ -78.516610743164478, -7.816560426778562 ], [ -78.516882600032829, -7.816562025859455 ], [ -78.516885806685607, -7.816019800775025 ], [ -78.517157663261116, -7.81602139956904 ], [ -78.51716086933439, -7.815479174357167 ], [ -78.517432725617041, -7.815480772864333 ], [ -78.517434328392611, -7.81520966019658 ], [ -78.517706184557497, -7.815211258473032 ], [ -78.517709389586557, -7.81466903301391 ], [ -78.517981245458643, -7.814670631003549 ], [ -78.517982847712133, -7.814399518212192 ], [ -78.520429551563609, -7.814413891757872 ], [ -78.520431152184329, -7.814142778458046 ], [ -78.520703008279128, -7.814144374589723 ], [ -78.520704608667558, -7.813873261230056 ], [ -78.520976464644548, -7.813874857131122 ], [ -78.520979664899599, -7.813332630288325 ], [ -78.521251520583775, -7.813334225902757 ], [ -78.521254720259805, -7.812791998932718 ], [ -78.521526575651166, -7.812793594260544 ], [ -78.521529774748259, -7.812251367163267 ], [ -78.521801629846806, -7.81225296220451 ], [ -78.521804828364978, -7.811710734980015 ], [ -78.522348538033754, -7.811713924314859 ], [ -78.522350136857042, -7.8114428105849 ], [ -78.522893846404671, -7.811445999109665 ], [ -78.522895444820776, -7.81117488526392 ], [ -78.523439154247214, -7.81117807297865 ], [ -78.523440752256164, -7.810906959017137 ], [ -78.523984461561383, -7.810910145921881 ], [ -78.523986059163221, -7.81063903184463 ], [ -78.524257913726615, -7.810640624979284 ], [ -78.52425951109629, -7.810369510842277 ], [ -78.52453136554189, -7.810371103746475 ], [ -78.524529768347165, -7.810642217939435 ], [ -78.52724831769531, -7.810658137943493 ], [ -78.527253103859195, -7.809844793675533 ], [ -78.526981249192247, -7.809843202628064 ], [ -78.526989225864853, -7.808487629051751 ], [ -78.527261079657123, -7.808489219819743 ], [ -78.527267459267804, -7.807404760666853 ], [ -78.526995606175163, -7.807403170122441 ], [ -78.526998795987723, -7.806860940635034 ], [ -78.528629913301145, -7.806870480614552 ], [ -78.528626725587273, -7.807412710772512 ], [ -78.528898579022368, -7.807414300270361 ], [ -78.528896985254732, -7.807685415399508 ], [ -78.529168838921791, -7.807687004778781 ], [ -78.529165651565179, -7.808229235137409 ], [ -78.533243468660672, -7.808253056568334 ], [ -78.533241877520609, -7.808524172579008 ], [ -78.533785587785218, -7.808527345915672 ], [ -78.533787178575437, -7.808256229793497 ], [ -78.534602743874629, -7.808260988322867 ], [ -78.53460433408317, -7.807989872029696 ], [ -78.535691754579332, -7.807996214070357 ], [ -78.535693344031301, -7.80772509755054 ], [ -78.53650890947614, -7.807729852082288 ], [ -78.536510498346502, -7.807458735391602 ], [ -78.536782353433637, -7.807460319830961 ], [ -78.536783942072219, -7.807189203080806 ], [ -78.537327652067319, -7.807192371324878 ], [ -78.537329240299243, -7.806921254459592 ], [ -78.538144805193653, -7.806926005350529 ], [ -78.538146392844041, -7.806654888314486 ], [ -78.538418247747643, -7.806656471540311 ], [ -78.538419835166309, -7.806385354444838 ], [ -78.538963544794271, -7.806388520261971 ], [ -78.538965131806364, -7.806117403051441 ], [ -78.539236986530696, -7.806118985642768 ], [ -78.539233812799452, -7.806661220171287 ], [ -78.539505667930371, -7.80666280269945 ], [ -78.539502494321653, -7.807205037324055 ], [ -78.539774349859144, -7.807206619789024 ], [ -78.539771176372994, -7.807748854509701 ], [ -78.540043032317115, -7.807750436911451 ], [ -78.540044618913669, -7.8074793194974 ], [ -78.540316474739683, -7.807480901669115 ], [ -78.540318061104557, -7.807209784195671 ], [ -78.540589916812451, -7.807211366137354 ], [ -78.540591502945631, -7.80694024860453 ], [ -78.541678925645428, -7.806946574404634 ], [ -78.541680511022264, -7.806675456645711 ], [ -78.542496078118447, -7.806680198997665 ], [ -78.54249766291386, -7.806409081068277 ], [ -78.542769518551211, -7.806410661447881 ], [ -78.542771103115015, -7.806139543459161 ], [ -78.543042958634203, -7.806141123608812 ], [ -78.54304612724188, -7.805598887508936 ], [ -78.544677259449642, -7.805608364078083 ], [ -78.544675676223363, -7.80587948246302 ], [ -78.545491243617249, -7.805884218559721 ], [ -78.545492826318934, -7.80561310000832 ], [ -78.546036537848494, -7.805616256423163 ], [ -78.546034955496538, -7.805887375085514 ], [ -78.546306811521191, -7.805888953086806 ], [ -78.546303646997075, -7.806431190511087 ], [ -78.546575503428116, -7.806432768448892 ], [ -78.546572339027179, -7.806975005968944 ], [ -78.546844195864651, -7.806976583843243 ], [ -78.546842613754109, -7.807247702653044 ], [ -78.547114470823118, -7.807249280408363 ], [ -78.547112888830839, -7.807520399269823 ], [ -78.547384746131399, -7.807521976906149 ], [ -78.547383164257397, -7.807793095819266 ], [ -78.547655021789495, -7.807794673336583 ], [ -78.547653440033784, -7.808065792301346 ], [ -78.54792529779742, -7.808067369699649 ], [ -78.547923716160014, -7.808338488716056 ], [ -78.548195574155187, -7.808340065995329 ], [ -78.548193992636101, -7.808611185063372 ], [ -78.548465850862826, -7.808612762223601 ], [ -78.548457943292945, -7.809968357784092 ], [ -78.548729802451021, -7.809969935046914 ], [ -78.548726639376781, -7.81051217335542 ], [ -78.548998498941401, -7.810513750554557 ], [ -78.548996917494364, -7.81078486975853 ], [ -78.549268777290578, -7.810786446838557 ], [ -78.549267195961932, -7.811057566094145 ], [ -78.549539055989698, -7.811059143055046 ], [ -78.54953747477947, -7.811330262362244 ], [ -78.54980933503883, -7.81133183920401 ], [ -78.549807753947007, -7.811602958562804 ], [ -78.550079614437934, -7.811604535285425 ], [ -78.550078033464558, -7.81187565469581 ], [ -78.550349894187065, -7.811877231299274 ], [ -78.550348313332123, -7.812148350761247 ], [ -78.550620174286209, -7.812149927245537 ], [ -78.550618593549729, -7.812421046759091 ], [ -78.550890454735395, -7.812422623124198 ], [ -78.550888874117391, -7.812693742689326 ], [ -78.551160735534623, -7.812695318935235 ], [ -78.551159155035094, -7.812966438551937 ], [ -78.551431016683921, -7.812968014678635 ], [ -78.551427855865327, -7.813510254011367 ], [ -78.551699717920769, -7.813511830074192 ], [ -78.551698137601704, -7.813782949790222 ], [ -78.55196999988874, -7.813784525733806 ], [ -78.551968419688222, -7.814055645501385 ], [ -78.552512144781971, -7.814058796975462 ], [ -78.552508984911611, -7.814601036720571 ], [ -78.552780847893402, -7.814602612306367 ], [ -78.552777688147145, -7.815144852146958 ], [ -78.553049551535608, -7.815146427668775 ], [ -78.553035331456286, -7.81758650726173 ], [ -78.552763466491783, -7.81758493124208 ], [ -78.552761886025309, -7.817856051122594 ], [ -78.552490020942159, -7.817854474872948 ], [ -78.552486859489349, -7.818396714511954 ], [ -78.552214994112404, -7.818395137976982 ], [ -78.552202344638999, -7.820564095938761 ], [ -78.552474211417447, -7.820565672916358 ], [ -78.552472630154128, -7.820836792699848 ], [ -78.553288231354216, -7.820841522750152 ], [ -78.55328665056004, -7.821112642695799 ], [ -78.5549178555369, -7.82112209841003 ], [ -78.554919435279729, -7.820850978132655 ], [ -78.555463170373329, -7.820854128528858 ], [ -78.555464749709259, -7.820583008137167 ], [ -78.555736617165522, -7.820584583017895 ], [ -78.555735038004812, -7.820855703464844 ], [ -78.556822509095099, -7.820862001461316 ], [ -78.556819352006173, -7.821404242785753 ], [ -78.557091220270266, -7.821405816958453 ], [ -78.557088063306153, -7.821948058378174 ], [ -78.557359931977132, -7.821949632486551 ], [ -78.557355196633637, -7.822762994753357 ], [ -78.557627065886791, -7.822764568852598 ], [ -78.557623909059643, -7.823306810455271 ], [ -78.557895778719754, -7.823308384490133 ], [ -78.557894200396859, -7.823579505340989 ], [ -78.558166070288635, -7.823581079256245 ], [ -78.558164492084629, -7.823852200158512 ], [ -78.558436362208099, -7.823853773954156 ], [ -78.558434784123008, -7.824124894907822 ], [ -78.559522265881839, -7.824131188562957 ], [ -78.559523843265751, -7.823860067388577 ], [ -78.560339454650773, -7.823864785628827 ], [ -78.560341031452452, -7.82359366428518 ], [ -78.562244125428677, -7.823604667007954 ], [ -78.562242549854034, -7.823875788737487 ], [ -78.56333003406597, -7.823882072382162 ], [ -78.563328459136216, -7.824153194328273 ], [ -78.56414407341191, -7.8241579053914 ], [ -78.564145647815764, -7.823886783280077 ], [ -78.564961262071833, -7.823891492604622 ], [ -78.564962835893567, -7.823620370324349 ], [ -78.565234707249431, -7.823621939694515 ], [ -78.565236280839642, -7.823350817355413 ], [ -78.56578002336947, -7.823353955461248 ], [ -78.565778450129841, -7.823625077910413 ], [ -78.567681551981693, -7.823636056159401 ], [ -78.5676831239943, -7.82336493332521 ], [ -78.568498739390463, -7.82336963550192 ], [ -78.568497167903715, -7.823640758501032 ], [ -78.568769039990045, -7.823642325598609 ], [ -78.56876746862244, -7.823913448648894 ], [ -78.569311213314094, -7.823916582429507 ], [ -78.569312784331103, -7.823645459269319 ], [ -78.56958465658586, -7.82364702584245 ], [ -78.569586227371431, -7.823375902623532 ], [ -78.569858099507002, -7.823377468966911 ], [ -78.569861240559234, -7.82283522240784 ], [ -78.570133112400356, -7.822836788466548 ], [ -78.570134682667018, -7.822565665126398 ], [ -78.570406554388995, -7.822567230955383 ], [ -78.57040812442429, -7.822296107556525 ], [ -78.571495611172111, -7.822302368904904 ], [ -78.571497180450251, -7.82203124528262 ], [ -78.572312795574206, -7.822035939293986 ], [ -78.572314364270511, -7.821764815503255 ], [ -78.573673723055336, -7.821772635085586 ], [ -78.573675290819324, -7.82150151101676 ], [ -78.575034650128657, -7.821509325955533 ], [ -78.575036216960399, -7.821238201608759 ], [ -78.575308088815063, -7.821239764017389 ], [ -78.575309655415566, -7.820968639612016 ], [ -78.575581527150959, -7.820970201791074 ], [ -78.575583093520251, -7.820699077327112 ], [ -78.576126836808555, -7.820702201051354 ], [ -78.576128402771403, -7.820431076474007 ], [ -78.577487761095441, -7.820438882452552 ], [ -78.577489326126226, -7.820167757597544 ], [ -78.578304941266339, -7.820172438923439 ], [ -78.578306505715531, -7.81990131390039 ], [ -78.578578377365531, -7.819902873938132 ], [ -78.578579941583598, -7.819631748856558 ], [ -78.578851813114326, -7.819633308664832 ], [ -78.578853377101268, -7.819362183524739 ], [ -78.579125248512696, -7.819363743103554 ], [ -78.579126812268512, -7.819092617904954 ], [ -78.579398683560655, -7.819094177254323 ], [ -78.579400247085402, -7.818823051997216 ], [ -78.579672118258244, -7.818824611117157 ], [ -78.57967368155191, -7.81855348580155 ], [ -78.580217423714899, -7.818556603407877 ], [ -78.580218986602304, -7.818285477979077 ], [ -78.580762728638447, -7.818288594777191 ], [ -78.580764291119635, -7.818017469235226 ], [ -78.582123646311686, -7.81802525789989 ], [ -78.582125207861168, -7.81775413208078 ], [ -78.583484563573236, -7.817761916104851 ], [ -78.58348300289957, -7.818033042197164 ], [ -78.583754874384596, -7.818034598532527 ], [ -78.583753313830314, -7.818305724675679 ], [ -78.584025185546281, -7.818307280890966 ], [ -78.584023625111385, -7.818578407084951 ], [ -78.585111113233879, -7.818584630417464 ], [ -78.585109553443942, -7.818855756826073 ], [ -78.585653298190195, -7.818858867553237 ], [ -78.585651738694864, -7.819129994067223 ], [ -78.58592361132682, -7.819131549223306 ], [ -78.585922051950959, -7.819402675788084 ], [ -78.586193924813855, -7.819404230824011 ], [ -78.586192365557437, -7.819675357439579 ], [ -78.586464238651274, -7.819676912355336 ], [ -78.586462679514341, -7.819948039021679 ], [ -78.587006426219659, -7.819951148438095 ], [ -78.587004867377416, -7.820222275209763 ], [ -78.587276740988884, -7.8202238297104 ], [ -78.587275182266168, -7.820494956532827 ], [ -78.587547056108562, -7.820496510913252 ], [ -78.587545497505346, -7.820767637786437 ], [ -78.587817371578709, -7.820769192046642 ], [ -78.58781581309502, -7.821040318970569 ], [ -78.588903310646373, -7.821046534481841 ], [ -78.588901752807971, -7.821317661620052 ], [ -78.589445502268234, -7.821320768436079 ], [ -78.58944394472465, -7.821591895679501 ], [ -78.589987694758108, -7.821595001905401 ], [ -78.589986137509385, -7.821866129254011 ], [ -78.590529888115967, -7.821869234889737 ], [ -78.590528331162119, -7.822140362343511 ], [ -78.591343958015088, -7.822145019649571 ], [ -78.591342401531421, -7.822416147262937 ], [ -78.594604916051097, -7.822434761408651 ], [ -78.594603361615171, -7.822705889671177 ], [ -78.595690868934298, -7.822712089010226 ], [ -78.595689315143957, -7.822983217486422 ], [ -78.596776824052625, -7.822989414245886 ], [ -78.596775270907955, -7.823260542935653 ], [ -78.59786278140578, -7.823266737115329 ], [ -78.597861228906808, -7.823537866018572 ], [ -78.599220619153741, -7.823545605081097 ], [ -78.599222170776187, -7.823274475906423 ], [ -78.601125318223197, -7.823285302871381 ], [ -78.601126868563128, -7.823014173313178 ], [ -78.601398746816201, -7.823015719268942 ], [ -78.601397196651575, -7.823286848881366 ], [ -78.603028468384778, -7.823296121269948 ], [ -78.603026919216575, -7.823567251203816 ], [ -78.604114435513807, -7.823573429516389 ], [ -78.604112886991501, -7.823844559663167 ], [ -78.604656645822743, -7.823847647878773 ], [ -78.60465819399441, -7.823576517623682 ], [ -78.604930073317703, -7.823578061415081 ], [ -78.604931621258757, -7.823306931102068 ], [ -78.60574725903453, -7.823311561264866 ], [ -78.605748806394374, -7.823040430785674 ], [ -78.606020685588263, -7.823041973769499 ], [ -78.606019138403724, -7.823313104302812 ], [ -78.607106656433288, -7.823319274706313 ], [ -78.607105109894704, -7.823590405452268 ], [ -78.607376989715561, -7.823591947670166 ], [ -78.60737544329703, -7.823863078466433 ], [ -78.607647323348459, -7.82386462056358 ], [ -78.607645777049996, -7.82413575141015 ], [ -78.608189537669261, -7.824138835188069 ], [ -78.608187991666185, -7.824409966139012 ], [ -78.608459872234008, -7.824411507819767 ], [ -78.608458326351041, -7.824682638820995 ], [ -78.609002088003024, -7.82468572176606 ], [ -78.609000542415515, -7.824956852871622 ], [ -78.609272423499675, -7.824958394135913 ], [ -78.609267786931866, -7.825771787592069 ], [ -78.609539668597321, -7.825773328843617 ], [ -78.609536577626784, -7.826315591236906 ], [ -78.609808459698172, -7.826317132421639 ], [ -78.609806914305466, -7.826588263666654 ], [ -78.610078796607439, -7.826589804730518 ], [ -78.610075706007223, -7.82713206731726 ], [ -78.610347588715157, -7.827133608314271 ], [ -78.610346043507661, -7.827404739655995 ], [ -78.610617926446182, -7.827406280532107 ], [ -78.610616381358895, -7.827677411924068 ], [ -78.610888264528, -7.827678952679268 ], [ -78.610886719560938, -7.827950084121463 ], [ -78.611158602960643, -7.827951624755739 ], [ -78.611155513211841, -7.828493887736799 ], [ -78.61142739701755, -7.82849542830414 ], [ -78.611425852235811, -7.828766559842997 ], [ -78.611697736272106, -7.828768100289381 ], [ -78.611696191610662, -7.829039231878456 ], [ -78.611968075877556, -7.829040772203876 ], [ -78.611966531336392, -7.829311903843152 ], [ -78.612238415833872, -7.829313444047594 ], [ -78.612236871413003, -7.829584575737074 ], [ -78.612508756141096, -7.829586115820526 ], [ -78.612507211840523, -7.829857247560198 ], [ -78.612779096799201, -7.829858787522646 ], [ -78.612777552618965, -7.830129919312505 ], [ -78.613049437808257, -7.830131459153938 ], [ -78.613047893748345, -7.830402590993981 ], [ -78.613319779168222, -7.830404130714383 ], [ -78.613318235228661, -7.830675262604604 ], [ -78.613590120879124, -7.830676802203968 ], [ -78.613588577059929, -7.830947934144355 ], [ -78.613860462940991, -7.830949473622667 ], [ -78.613858919242162, -7.831220605613221 ], [ -78.614130805353838, -7.831222144970466 ], [ -78.614129261775389, -7.831493277011175 ], [ -78.614401148117665, -7.831494816247341 ], [ -78.61439960465961, -7.831765948338203 ], [ -78.614671491232471, -7.831767487453281 ], [ -78.614669947894825, -7.83203861959429 ], [ -78.6149418346983, -7.832040158588265 ], [ -78.614940291481076, -7.832311290779414 ], [ -78.615212178515151, -7.832312829652276 ], [ -78.615210635418364, -7.832583961893554 ], [ -78.615482522683038, -7.832585500645287 ], [ -78.615480979706703, -7.832856632936695 ], [ -78.616024754752289, -7.832859710022833 ], [ -78.616026297377573, -7.832588577623627 ], [ -78.616841959832314, -7.832593191778319 ], [ -78.616843501875977, -7.832322059213682 ], [ -78.617659164299539, -7.832326671631392 ], [ -78.617660705761608, -7.832055538901373 ], [ -78.620379582327175, -7.832070901711381 ], [ -78.620381121979122, -7.83179976843933 ], [ -78.620653009762549, -7.831801303703862 ], [ -78.620654549184039, -7.831530170374239 ], [ -78.620926436846915, -7.831531705409958 ], [ -78.620927976037947, -7.83126057202277 ], [ -78.62201552653687, -7.831266710200357 ], [ -78.622017064970976, -7.830995576594309 ], [ -78.6228327278954, -7.831000178228591 ], [ -78.622834265748125, -7.83072904445752 ], [ -78.623378040954606, -7.830732111231194 ], [ -78.623379578401469, -7.830460977348875 ], [ -78.623651465911578, -7.830462510419482 ], [ -78.623653003128069, -7.830191376479664 ], [ -78.623924890517586, -7.830192909321553 ], [ -78.623926427503719, -7.829921775324242 ], [ -78.624198314772642, -7.829923307937428 ], [ -78.624199851528445, -7.829652173882622 ], [ -78.62447173867676, -7.829653706267117 ], [ -78.624473275202249, -7.829382572154831 ], [ -78.625017049312561, -7.829385636291491 ], [ -78.625018585432272, -7.829114502068032 ], [ -78.626649908026792, -7.829123689956593 ], [ -78.626656047746636, -7.828039151736875 ], [ -78.626927934335853, -7.828040682224644 ], [ -78.626931003516063, -7.827498412984828 ], [ -78.627202889809254, -7.827499943190364 ], [ -78.627207492642313, -7.82668653914139 ], [ -78.627479378464102, -7.826688069011084 ], [ -78.627482446394694, -7.826145799518945 ], [ -78.627754331920485, -7.826147329106461 ], [ -78.627755865628231, -7.8258761943011 ], [ -78.628027751033443, -7.825877723660092 ], [ -78.628029284511015, -7.825606588797327 ], [ -78.628301169795634, -7.825608117927802 ], [ -78.628308835485015, -7.824252443289281 ], [ -78.628580719947649, -7.824253971976805 ], [ -78.628583785489326, -7.823711701987749 ], [ -78.628855669656062, -7.823713230393201 ], [ -78.628857202169428, -7.823442095339406 ], [ -78.629129086215613, -7.823443623516412 ], [ -78.629132150727443, -7.822901353290305 ], [ -78.629404034477744, -7.82290288118528 ], [ -78.629408630308944, -7.822089475657042 ], [ -78.629680513588085, -7.822091003216425 ], [ -78.629683576851249, -7.821548732738229 ], [ -78.629955459834576, -7.821550260015638 ], [ -78.629956991208786, -7.8212791247173 ], [ -78.630228874071577, -7.821280651766335 ], [ -78.630230405215769, -7.821009516410652 ], [ -78.630502287958024, -7.821011043231325 ], [ -78.630503818872242, -7.820739907818297 ], [ -78.630775701493945, -7.82074143441062 ], [ -78.63077723217819, -7.820470298940262 ], [ -78.631049114679357, -7.820471825304248 ], [ -78.63105370587806, -7.819658418709873 ], [ -78.631325587908208, -7.819659944738435 ], [ -78.631327118023137, -7.819388809145882 ], [ -78.631598999932763, -7.819390334946141 ], [ -78.631600529817746, -7.819119199296279 ], [ -78.631872411606864, -7.819120724868251 ], [ -78.631873941261929, -7.818849589161076 ], [ -78.632145822930497, -7.81885111450477 ], [ -78.632147352355688, -7.818579978740294 ], [ -78.632419233903718, -7.818581503855726 ], [ -78.63242076309902, -7.818310368033954 ], [ -78.632692644526529, -7.818311892921132 ], [ -78.632694173491956, -7.818040757042072 ], [ -78.633237936160569, -7.818043806185224 ], [ -78.63323946472093, -7.817772670195378 ], [ -78.633783227257794, -7.81777571853265 ], [ -78.633784755413132, -7.817504582432039 ], [ -78.635144161835498, -7.817512199950308 ], [ -78.63514568906028, -7.817241063578546 ], [ -78.635961333043554, -7.817245631832626 ], [ -78.635959806344317, -7.817516768364742 ], [ -78.636775451344477, -7.817521335206771 ], [ -78.636773925116216, -7.817792471895412 ], [ -78.63758957113312, -7.817797037325279 ], [ -78.63759109683582, -7.817525900476396 ], [ -78.638406742818148, -7.817530464173609 ], [ -78.638408267940733, -7.817259327160765 ], [ -78.638680149868748, -7.817260847990362 ], [ -78.638681674761614, -7.816989710920371 ], [ -78.640041084343622, -7.816997312180915 ], [ -78.640042608306089, -7.816726174840332 ], [ -78.641402018374706, -7.816733771466662 ], [ -78.641403541406845, -7.816462633855639 ], [ -78.641675423408842, -7.816464152603502 ], [ -78.641676946211348, -7.816193014935396 ], [ -78.641948828092637, -7.816194533455258 ], [ -78.641950350665539, -7.815923395730075 ], [ -78.642765996110626, -7.815927950081662 ], [ -78.642767518103625, -7.815656812192818 ], [ -78.643583163513185, -7.815661364812462 ], [ -78.643584684926324, -7.815390226760016 ], [ -78.644128448454495, -7.815393260859887 ], [ -78.644129969462938, -7.815122122697148 ], [ -78.644673732858465, -7.815125155991845 ], [ -78.644675253462239, -7.814854017718839 ], [ -78.64494713506646, -7.814855534050955 ], [ -78.644948655440714, -7.81458439572094 ], [ -78.645492418462055, -7.814587427754737 ], [ -78.645493938431684, -7.814316289314493 ], [ -78.645765819848791, -7.814317805016191 ], [ -78.645767339588943, -7.814046666518959 ], [ -78.646039220885299, -7.814048181992799 ], [ -78.646040740395975, -7.813777043438585 ], [ -78.646856384085893, -7.813781588652662 ], [ -78.646854865100536, -7.814052727366486 ], [ -78.647126746614305, -7.814054242141775 ], [ -78.647128265424541, -7.813783103374755 ], [ -78.647400146817532, -7.813784617922216 ], [ -78.647401665398334, -7.813513479098244 ], [ -78.647673546670546, -7.813514993417893 ], [ -78.647675065021929, -7.813243854536974 ], [ -78.647946946173363, -7.813245368628825 ], [ -78.647948464295339, -7.812974229690968 ], [ -78.64822034532601, -7.812975743555028 ], [ -78.648221863218581, -7.81270460456024 ], [ -78.648493744128459, -7.812706118196523 ], [ -78.648495261791638, -7.812434979144813 ], [ -78.648767142580766, -7.812436492553331 ], [ -78.648768660014568, -7.8121653534447 ], [ -78.649040540682904, -7.812166866625464 ], [ -78.649042057887357, -7.811895727459922 ], [ -78.649313938434929, -7.811897240412951 ], [ -78.649315455410019, -7.811626101190497 ], [ -78.649587335836813, -7.811627613915798 ], [ -78.649588852582568, -7.811356474636447 ], [ -78.649860732888584, -7.811357987134032 ], [ -78.649868314928071, -7.81000229041519 ], [ -78.64959643549723, -7.810000778183257 ], [ -78.649597951917329, -7.809729638881331 ], [ -78.649869831173163, -7.809731151060133 ], [ -78.649871347363984, -7.809460011701316 ], [ -78.650143226499068, -7.809461523652452 ], [ -78.650144742460611, -7.809190384236746 ], [ -78.650688500543552, -7.809193407509179 ], [ -78.650690016100839, -7.808922267983484 ], [ -78.65123377405078, -7.808925290451593 ], [ -78.651235289203839, -7.808654150815931 ], [ -78.651507168085175, -7.808655661735104 ], [ -78.651508683009013, -7.808384522042587 ], [ -78.652052440584399, -7.808387543251211 ], [ -78.652053955104037, -7.808116403448766 ], [ -78.652325833798088, -7.808117913738234 ], [ -78.652327348088534, -7.807846773878955 ], [ -78.65259922666182, -7.807848283940848 ], [ -78.652600740723088, -7.807577144024738 ], [ -78.653144497682334, -7.807580163518899 ], [ -78.653146011339487, -7.807309023492913 ], [ -78.653961646659894, -7.807313551266313 ], [ -78.65396315973797, -7.807042411077435 ], [ -78.654778795021073, -7.807046937121352 ], [ -78.654780307520141, -7.806775796769635 ], [ -78.655052185881203, -7.806777305048962 ], [ -78.655053698151164, -7.806506164640475 ], [ -78.655325576391434, -7.806507672692316 ], [ -78.65532860041904, -7.805965391758051 ], [ -78.655872356362266, -7.805968407126327 ], [ -78.655873867945019, -7.805697266547565 ], [ -78.656145745822883, -7.805698773917024 ], [ -78.656147257176585, -7.805427633281511 ], [ -78.656419134933671, -7.805429140423535 ], [ -78.656420646058322, -7.80515799973128 ], [ -78.656692523694602, -7.805159506645881 ], [ -78.656695545431759, -7.80461722514415 ], [ -78.656967422772354, -7.804618731778366 ], [ -78.656970443943294, -7.804076450155666 ], [ -78.657242320988203, -7.804077956509528 ], [ -78.657245341592969, -7.803535674765868 ], [ -78.657517218342207, -7.8035371808394 ], [ -78.657518728388567, -7.803266039908979 ], [ -78.657790605017041, -7.803267545755149 ], [ -78.65779211483445, -7.80299640476802 ], [ -78.658063991342132, -7.802997910386849 ], [ -78.658065500930604, -7.802726769343013 ], [ -78.658337377317508, -7.802728274734508 ], [ -78.658338886677043, -7.802457133633983 ], [ -78.658610762943169, -7.802458638798159 ], [ -78.658612272073796, -7.802187497640944 ], [ -78.658884148219116, -7.80218900257781 ], [ -78.658887165968508, -7.80164672014626 ], [ -78.659159041818242, -7.801648224802912 ], [ -78.659160550437008, -7.801377083528582 ], [ -78.659704301948935, -7.801380092212973 ], [ -78.659705810164027, -7.801108950829064 ], [ -78.659977685826235, -7.801110454856823 ], [ -78.659979193812461, -7.800839313416257 ], [ -78.660251069353876, -7.800840817216768 ], [ -78.660252577111294, -7.800569675719559 ], [ -78.660524452531916, -7.80057117929283 ], [ -78.660525960060482, -7.800300037738971 ], [ -78.660797835360341, -7.800301541085022 ], [ -78.660799342660084, -7.800030399474529 ], [ -78.661071217839151, -7.80003190259337 ], [ -78.661072724910085, -7.799760760926244 ], [ -78.661616475080649, -7.799763766535206 ], [ -78.661617981748009, -7.799492624758589 ], [ -78.662433606884434, -7.799497131706061 ], [ -78.662435112973469, -7.799225989767136 ], [ -78.66270698795212, -7.799227491681485 ], [ -78.662708493812417, -7.798956349685969 ], [ -78.662980368670247, -7.798957851373173 ], [ -78.662981874301806, -7.798686709321066 ], [ -78.663253749038844, -7.798688210781139 ], [ -78.66325525444168, -7.798417068672453 ], [ -78.663527129057911, -7.798418569905408 ], [ -78.663528634232023, -7.798147427740147 ], [ -78.663800508727462, -7.798148928745993 ], [ -78.663802013672878, -7.797877786524166 ], [ -78.664073888047497, -7.797879287302916 ], [ -78.664075392764232, -7.797608145024525 ], [ -78.666522262989488, -7.797621643715611 ], [ -78.666526772098337, -7.796808215432929 ], [ -78.666798646313083, -7.796809714257872 ], [ -78.666800149066901, -7.796538571436728 ], [ -78.667343897308584, -7.796541568458365 ], [ -78.667345399659084, -7.796270425527994 ], [ -78.66761727368602, -7.796271923724706 ], [ -78.667618775807952, -7.796000780737856 ], [ -78.66789064971401, -7.796002278707599 ], [ -78.667893653446939, -7.795459992617196 ], [ -78.668165527057454, -7.795461490307265 ], [ -78.668170031728934, -7.794648060985388 ], [ -78.66844190486924, -7.794649558343099 ], [ -78.66844340614405, -7.794378415175595 ], [ -78.668715279163521, -7.794379912306394 ], [ -78.66871678020982, -7.794108769082437 ], [ -78.668988653108471, -7.794110265986336 ], [ -78.668990153926288, -7.793839122705931 ], [ -78.669262026704089, -7.793840619382941 ], [ -78.669263527293438, -7.793569476046095 ], [ -78.669535399950405, -7.793570972496227 ], [ -78.669536900311286, -7.793299829102946 ], [ -78.670624390778556, -7.793305812950932 ], [ -78.670625890387086, -7.793034669343224 ], [ -78.67116963559414, -7.793037660116829 ], [ -78.671181627732366, -7.790868510277805 ], [ -78.671453499019648, -7.790870004982211 ], [ -78.671462489817614, -7.789243142129672 ], [ -78.671734360111259, -7.789244636344148 ], [ -78.671740352203173, -7.788160060823639 ], [ -78.672012221852412, -7.788161554653509 ], [ -78.672019709885305, -7.786805834905437 ], [ -78.672291578715729, -7.786807328298131 ], [ -78.672303555377724, -7.784638176085461 ], [ -78.672575422866146, -7.7846396688832 ], [ -78.672576919532631, -7.784368524787148 ], [ -78.674479992234666, -7.784378969131561 ], [ -78.674478496789291, -7.784650113595744 ], [ -78.674750364707407, -7.784651605001589 ], [ -78.674748869382782, -7.784922749514599 ], [ -78.675020737529039, -7.784924240799016 ], [ -78.675022232679211, -7.784653096233447 ], [ -78.675294100704676, -7.784654587291321 ], [ -78.675295595626736, -7.784383442669455 ], [ -78.675567463531436, -7.78438493350079 ], [ -78.675570452865671, -7.783842644140731 ], [ -78.675842320475169, -7.783844134693002 ], [ -78.675843814887358, -7.783572989954816 ], [ -78.676115682376093, -7.783574480280582 ], [ -78.676117176560211, -7.783303335486118 ], [ -78.676389043928168, -7.783304825585393 ], [ -78.676390537884231, -7.783033680734656 ], [ -78.676662405131424, -7.78303517060745 ], [ -78.676663898859417, -7.782764025700448 ], [ -78.67693576598586, -7.782765515346774 ], [ -78.676937259485811, -7.78249437038351 ], [ -78.677209126491491, -7.78249585980338 ], [ -78.677212112981721, -7.781953569760606 ], [ -78.677483979692227, -7.781955058901526 ], [ -78.677485472682534, -7.781683913822024 ], [ -78.678301072612584, -7.78168838004375 ], [ -78.678302565026144, -7.781417234803026 ], [ -78.678574431602343, -7.781418723143277 ], [ -78.678575923787932, -7.781147577846337 ], [ -78.678847790243324, -7.781149065960197 ], [ -78.678849282200957, -7.780877920607038 ], [ -78.6791211485356, -7.780879408494523 ], [ -78.679122640265277, -7.780608263085156 ], [ -78.679394506479142, -7.780609750746275 ], [ -78.67939599798089, -7.780338605280707 ], [ -78.679667864073963, -7.780340092715477 ], [ -78.679669355347798, -7.780068947193711 ], [ -78.679941221320092, -7.780070434402139 ], [ -78.679942712366028, -7.779799288824183 ], [ -78.68021457821753, -7.779800775806281 ], [ -78.680216069035581, -7.779529630172147 ], [ -78.680487934766319, -7.779531116927926 ], [ -78.680489425356456, -7.779259971237614 ], [ -78.68076129096643, -7.77926145776709 ], [ -78.68076278132871, -7.778990312020608 ], [ -78.681034646817892, -7.778991798323794 ], [ -78.681036136952315, -7.778720652521148 ], [ -78.681308002320719, -7.778722138598053 ], [ -78.681309492227285, -7.778450992739248 ], [ -78.681581357474911, -7.778452478589888 ], [ -78.681582847153663, -7.77818133267493 ], [ -78.682126577460878, -7.778184303749852 ], [ -78.682128066737505, -7.777913157726353 ], [ -78.682671796910142, -7.777916128001117 ], [ -78.682673285784688, -7.7776449818691 ], [ -78.682945150776973, -7.777646466693344 ], [ -78.682946639423719, -7.777375320505205 ], [ -78.683218504295226, -7.777376805103241 ], [ -78.6832199927142, -7.777105658858989 ], [ -78.683491857464887, -7.777107143230834 ], [ -78.683494833793858, -7.77656485062638 ], [ -78.683766698249499, -7.776566334719677 ], [ -78.683769674016048, -7.776024041995548 ], [ -78.684041538176629, -7.776025525810325 ], [ -78.684043025805451, -7.775754379390297 ], [ -78.684314889845268, -7.775755862978929 ], [ -78.684316377246375, -7.775484716502813 ], [ -78.684588241165415, -7.775486199865309 ], [ -78.684591215458795, -7.774943906797181 ], [ -78.684863079082803, -7.77494538988122 ], [ -78.68486456597509, -7.774674243289213 ], [ -78.685952020308633, -7.774680173678355 ], [ -78.685953506450602, -7.774409026873324 ], [ -78.687584688508096, -7.774417916930281 ], [ -78.687586173551367, -7.774146769807763 ], [ -78.687858037240275, -7.774148250823488 ], [ -78.687859522055973, -7.773877103644973 ], [ -78.688403249245496, -7.773880065050631 ], [ -78.688404733659411, -7.773608917763857 ], [ -78.688676597160025, -7.773610398153813 ], [ -78.688678081346382, -7.77333925081105 ], [ -78.690852989878067, -7.773351087258087 ], [ -78.690854472617545, -7.773079939493807 ], [ -78.691126336249752, -7.773081418215667 ], [ -78.691127818761757, -7.772810270395457 ], [ -78.691399682273087, -7.772811748891392 ], [ -78.691413020915164, -7.770371417871755 ], [ -78.691684882912426, -7.770372895724316 ], [ -78.691690809115741, -7.769288303854226 ], [ -78.69196267046982, -7.769289781324412 ], [ -78.691965632903575, -7.768747485262615 ], [ -78.691693771897675, -7.768746007896783 ], [ -78.691695253208721, -7.76847485991246 ], [ -78.691423392430181, -7.768473382425174 ], [ -78.691424873862019, -7.768202234489305 ], [ -78.691696734466476, -7.76820371192441 ], [ -78.691702658964644, -7.767119119934873 ], [ -78.691974518926145, -7.76712059698765 ], [ -78.691978961218183, -7.766307152799788 ], [ -78.692794539855953, -7.766311582447058 ], [ -78.69279601999132, -7.766040434220481 ], [ -78.693339739001416, -7.766043386346461 ], [ -78.693341218735469, -7.765772238011862 ], [ -78.69361307814637, -7.765773713762349 ], [ -78.693614557653177, -7.765502565371881 ], [ -78.693886416943286, -7.765504040896668 ], [ -78.693887896222847, -7.765232892450333 ], [ -78.694431614614757, -7.765235842874971 ], [ -78.694433093493075, -7.76496469432066 ], [ -78.694704952594861, -7.764966169220529 ], [ -78.694706431245962, -7.764695020610374 ], [ -78.69525014926117, -7.764697969785247 ], [ -78.69525162751107, -7.764426821067153 ], [ -78.695523486424477, -7.764428295342173 ], [ -78.695524964447188, -7.764157146568258 ], [ -78.696068682085638, -7.764160094493511 ], [ -78.69607015970719, -7.763888945611691 ], [ -78.696342018432205, -7.763890419261942 ], [ -78.696343495826611, -7.763619270324313 ], [ -78.696615354430818, -7.763620743748963 ], [ -78.696616831598092, -7.763349594755539 ], [ -78.696888690081508, -7.763351067954599 ], [ -78.6968916439086, -7.762808769852436 ], [ -78.697163502097268, -7.762810242773867 ], [ -78.697164978757115, -7.762539093665132 ], [ -78.697436836824991, -7.762540566361007 ], [ -78.697438313257734, -7.762269417196492 ], [ -78.697710171204818, -7.762270889666826 ], [ -78.697711647410486, -7.761999740446534 ], [ -78.697983505236778, -7.762001212691334 ], [ -78.69798498121537, -7.761730063415277 ], [ -78.698256838920855, -7.761731535434557 ], [ -78.698259790370798, -7.761189236767196 ], [ -78.698531647781564, -7.761190708508942 ], [ -78.698536074036269, -7.760377260323859 ], [ -78.698807930978447, -7.760378731736076 ], [ -78.698813831212121, -7.759294133895707 ], [ -78.699085687511882, -7.759295604926413 ], [ -78.699088636962273, -7.758753305879842 ], [ -78.699360492967415, -7.758754776633107 ], [ -78.699364916223146, -7.757941327879276 ], [ -78.699636771759828, -7.757942798303123 ], [ -78.699641194016138, -7.757129349359756 ], [ -78.699913049084415, -7.757130819454218 ], [ -78.699915996642176, -7.756588520036027 ], [ -78.700187851415919, -7.756589989853134 ], [ -78.700190798413701, -7.756047690316061 ], [ -78.700462652892924, -7.756049159855841 ], [ -78.700467072470119, -7.755235710366343 ], [ -78.700738926481051, -7.755237179576838 ], [ -78.700741872252905, -7.754694879794602 ], [ -78.701013725969361, -7.754696348727821 ], [ -78.701024033282977, -7.752798299008903 ], [ -78.701295885836274, -7.752799767405053 ], [ -78.701300301939298, -7.751986317313777 ], [ -78.701572154024518, -7.751987785380775 ], [ -78.70157951226669, -7.750632034894411 ], [ -78.701851363536505, -7.750633502528393 ], [ -78.701854306114697, -7.750091202203893 ], [ -78.70212615709022, -7.750092669560755 ], [ -78.702132040915487, -7.749008068659316 ], [ -78.70240389124946, -7.749009535635206 ], [ -78.702406832496635, -7.748467235058285 ], [ -78.702678682536373, -7.748468701757114 ], [ -78.70268309348856, -7.747655250708033 ], [ -78.70295494306049, -7.7476567170779 ], [ -78.702957883082973, -7.74711441625606 ], [ -78.703229732360697, -7.747115882348925 ], [ -78.703234141476059, -7.74630243093251 ], [ -78.703505990286047, -7.746303896696483 ], [ -78.703513336883702, -7.744948144001838 ], [ -78.703241488941515, -7.744946678497428 ], [ -78.703250304150799, -7.743319775452614 ], [ -78.703522151051843, -7.743321240645545 ], [ -78.703526557420417, -7.742507788917206 ], [ -78.703798403853966, -7.742509253781352 ], [ -78.703810150450451, -7.740340048593632 ], [ -78.704081995549316, -7.740341512869536 ], [ -78.70409520485579, -7.737901156281955 ], [ -78.70436704844694, -7.737902619917816 ], [ -78.70437438422924, -7.736546865868545 ], [ -78.704646227006563, -7.736548329072033 ], [ -78.704652093985459, -7.735463725558207 ], [ -78.704380251901483, -7.735462262562267 ], [ -78.704384652099421, -7.734648810043558 ], [ -78.70411281058837, -7.734647347030403 ], [ -78.704124543504818, -7.732478140565591 ], [ -78.7043963836296, -7.732479603163609 ], [ -78.704409577548503, -7.730039245139658 ], [ -78.704137738982752, -7.730037783008657 ], [ -78.704145067949526, -7.728682028680453 ], [ -78.704416905649353, -7.728683490551996 ], [ -78.704419836518895, -7.728141188690955 ], [ -78.704691673925367, -7.728142650285992 ], [ -78.704698999306501, -7.726786895309037 ], [ -78.704970835900241, -7.726788356471962 ], [ -78.704972300644442, -7.726517205413563 ], [ -78.705515973644552, -7.726520127117598 ], [ -78.70551743798957, -7.726248975951751 ], [ -78.70578927439594, -7.726250436492879 ], [ -78.705790738514892, -7.72597928527146 ], [ -78.706062574801095, -7.725980745588052 ], [ -78.706064038694009, -7.725709594311073 ], [ -78.706607711078988, -7.725712514322544 ], [ -78.706609174572776, -7.725441362938168 ], [ -78.706881010671552, -7.725442822633066 ], [ -78.706882473939331, -7.725171671193146 ], [ -78.707426145949441, -7.725174589961295 ], [ -78.707427608818122, -7.724903438414016 ], [ -78.70797128069367, -7.724906356387907 ], [ -78.707972743163296, -7.724635204733296 ], [ -78.708244579007328, -7.724636663409458 ], [ -78.708246041250987, -7.724365511699332 ], [ -78.708517876974824, -7.724366970151054 ], [ -78.708519338992545, -7.724095818385424 ], [ -78.7087911745962, -7.724097276612711 ], [ -78.708794098126901, -7.723554972966745 ], [ -78.709065933437287, -7.723556430917831 ], [ -78.709067394950296, -7.723285279037501 ], [ -78.710426571429849, -7.72329256594475 ], [ -78.710428032024765, -7.72302141380188 ], [ -78.711243538027389, -7.723025783719604 ], [ -78.711244998050375, -7.722754631417798 ], [ -78.711788668636785, -7.722757543729771 ], [ -78.711790128260887, -7.722486391320809 ], [ -78.712605634017407, -7.722490758339096 ], [ -78.712607093069622, -7.722219605771292 ], [ -78.712878928254341, -7.722221061047155 ], [ -78.712880387080773, -7.721949908423944 ], [ -78.71315222214524, -7.721951363475522 ], [ -78.713153680745876, -7.721680210796913 ], [ -78.713697350687085, -7.721683120278938 ], [ -78.713701725134371, -7.720869661910781 ], [ -78.713973559665106, -7.720871116237899 ], [ -78.71398522115291, -7.71870189334641 ], [ -78.714257054352657, -7.718703347087618 ], [ -78.71425851162833, -7.718432194157849 ], [ -78.714530344707882, -7.718433647674881 ], [ -78.714531801757872, -7.718162494689743 ], [ -78.714803634717228, -7.718163947982614 ], [ -78.714805091541564, -7.717892794942117 ], [ -78.71507692438071, -7.717894248010833 ], [ -78.715079837525366, -7.717351941815431 ], [ -78.715351670071399, -7.717353394608368 ], [ -78.715354582659344, -7.716811088294871 ], [ -78.715626414912279, -7.716812540812048 ], [ -78.715627870954293, -7.716541387598109 ], [ -78.715356038874248, -7.716539935132569 ], [ -78.715360407202681, -7.715726475623443 ], [ -78.715088575693997, -7.715725023140364 ], [ -78.71509148799511, -7.715182716885721 ], [ -78.715363319158058, -7.715184169265514 ], [ -78.715367686695757, -7.714370709700858 ], [ -78.715095856051363, -7.714369257475989 ], [ -78.715107501881747, -7.712200032220514 ], [ -78.714835672672621, -7.712198580236413 ], [ -78.714837128336981, -7.711927427114474 ], [ -78.714565299353367, -7.711925975009655 ], [ -78.714566755137781, -7.71165482193567 ], [ -78.714294926379679, -7.711653369710153 ], [ -78.714299293934843, -7.710839910620965 ], [ -78.71402746574779, -7.71083845837809 ], [ -78.714030377533064, -7.710296152403462 ], [ -78.714302205374608, -7.710297604543006 ], [ -78.714305116603413, -7.70975529845025 ], [ -78.714576944152199, -7.709756750314149 ], [ -78.71457985482462, -7.709214444103274 ], [ -78.714851682080678, -7.709215895691554 ], [ -78.714858956975405, -7.707860129841367 ], [ -78.714587130582885, -7.707858678511349 ], [ -78.714590040517095, -7.70731637224869 ], [ -78.714318214522677, -7.70731492084972 ], [ -78.714321124591308, -7.706772614675582 ], [ -78.714049298994979, -7.706771163207687 ], [ -78.714050754122866, -7.706500010166734 ], [ -78.713778928751935, -7.706498558578264 ], [ -78.713793478856388, -7.703787028482075 ], [ -78.713521655264501, -7.703785577238134 ], [ -78.713524564997627, -7.703243271277883 ], [ -78.714611858300913, -7.703249074807247 ], [ -78.714614766442409, -7.702706768418868 ], [ -78.714886589554908, -7.702708218767493 ], [ -78.714888043373989, -7.702437065516111 ], [ -78.715431689411986, -7.702439965593614 ], [ -78.71543314283322, -7.702168812235249 ], [ -78.715976788736924, -7.702171711520903 ], [ -78.71597824176034, -7.701900558055581 ], [ -78.716521887529666, -7.701903456549434 ], [ -78.716523340155291, -7.701632302977181 ], [ -78.717066985790254, -7.701635200679276 ], [ -78.717068438018103, -7.701364047000117 ], [ -78.717340260742048, -7.701365495541376 ], [ -78.717341712744684, -7.701094341806926 ], [ -78.717885358005461, -7.701097238269893 ], [ -78.717886809610377, -7.700826084428575 ], [ -78.718702277378782, -7.700830427677422 ], [ -78.718703728413459, -7.700559273677694 ], [ -78.719519196137952, -7.700563615222867 ], [ -78.719520646602433, -7.70029246106479 ], [ -78.720336114282858, -7.700296800906394 ], [ -78.720337564177157, -7.700025646590018 ], [ -78.721153031813358, -7.700029984728162 ], [ -78.72115448113756, -7.699758830253542 ], [ -78.721426303615601, -7.699760275903894 ], [ -78.721427752714703, -7.699489121374078 ], [ -78.721971397483486, -7.699492012055525 ], [ -78.721972846185011, -7.699220857419027 ], [ -78.722244668475739, -7.699222302450139 ], [ -78.722246116952235, -7.698951147758461 ], [ -78.722517939122994, -7.698952592566015 ], [ -78.722519387374462, -7.698681437819166 ], [ -78.723063031528653, -7.698684326815118 ], [ -78.723064479382614, -7.698413171961639 ], [ -78.723336301366018, -7.698414616150058 ], [ -78.72333774899495, -7.698143461241424 ], [ -78.723881392774402, -7.698146348999172 ], [ -78.723882840005885, -7.697875193983943 ], [ -78.724426483650419, -7.697878080950598 ], [ -78.724427930484467, -7.697606925828802 ], [ -78.724699752213027, -7.697608369002625 ], [ -78.724701198822117, -7.697337213825702 ], [ -78.724973020430696, -7.69733865677606 ], [ -78.724974466814842, -7.697067501544026 ], [ -78.725246288303467, -7.697068944270931 ], [ -78.725247734462698, -7.69679778898379 ], [ -78.72551955583134, -7.696799231487252 ], [ -78.725521001765657, -7.696528076145005 ], [ -78.725792823014331, -7.696529518425036 ], [ -78.725794268723732, -7.696258363027695 ], [ -78.726337911033625, -7.696261246968911 ], [ -78.726339356345704, -7.695990091465088 ], [ -78.726611177406895, -7.695991533126292 ], [ -78.726612622494102, -7.69572037756739 ], [ -78.726884443435338, -7.695721819005204 ], [ -78.726885888297687, -7.695450663391235 ], [ -78.727157709118927, -7.695452104605675 ], [ -78.727159153756418, -7.695180948936642 ], [ -78.727974616017505, -7.695185271393902 ], [ -78.727976060085368, -7.694914115567091 ], [ -78.728519701510038, -7.694916996242624 ], [ -78.728521145180679, -7.694645840309435 ], [ -78.729064786470161, -7.694648720194365 ], [ -78.729066229743623, -7.694377564154818 ], [ -78.729338050294558, -7.694379003787991 ], [ -78.729342379283494, -7.693565535493241 ], [ -78.729614199369678, -7.693566974800488 ], [ -78.729615642088859, -7.693295818643539 ], [ -78.729887462055046, -7.69329725772752 ], [ -78.729890346991567, -7.692754945299939 ], [ -78.730162166665409, -7.69275638410936 ], [ -78.730165051047763, -7.692214071564413 ], [ -78.730436870429273, -7.692215510099298 ], [ -78.730438312369586, -7.691944353769992 ], [ -78.730710131631113, -7.691945792081663 ], [ -78.730711573346724, -7.691674635697374 ], [ -78.730983392488284, -7.69167607378584 ], [ -78.730989158137987, -7.690591448006677 ], [ -78.731260976642616, -7.690592885718104 ], [ -78.731269622513224, -7.688965946631072 ], [ -78.732085075240022, -7.688970257811198 ], [ -78.73208363490923, -7.689241414488723 ], [ -78.732355452761738, -7.689242851256321 ], [ -78.732354012550914, -7.689514007981417 ], [ -78.7348003771272, -7.689526931617222 ], [ -78.734798938414585, -7.689798088799662 ], [ -78.735886213607614, -7.689803828374063 ], [ -78.735887651631103, -7.68953267098688 ], [ -78.73969311897298, -7.689552737125575 ], [ -78.739694554532349, -7.689281579018878 ], [ -78.740781832104489, -7.689287305809842 ], [ -78.740783266922605, -7.689016147495166 ], [ -78.741870544639511, -7.689021871332132 ], [ -78.741871978716446, -7.688750712809568 ], [ -78.743231076173245, -7.688757863483887 ], [ -78.743232509336792, -7.688486704702519 ], [ -78.744047967918846, -7.688490992891901 ], [ -78.74404940051356, -7.688219833953859 ], [ -78.744321219972747, -7.688221262955643 ], [ -78.744322652343186, -7.68795010396293 ], [ -78.744050833056249, -7.687948675012132 ], [ -78.744055130372033, -7.687135198164858 ], [ -78.744326949142248, -7.687136626962698 ], [ -78.744329813414808, -7.686594308944133 ], [ -78.744601631892621, -7.686595737468196 ], [ -78.744603063778627, -7.686324578402409 ], [ -78.745146700545902, -7.68632743483319 ], [ -78.745148132035467, -7.686056275661783 ], [ -78.745419950324916, -7.686057703568515 ], [ -78.745421381590276, -7.685786544342466 ], [ -78.745693199759543, -7.685787972026452 ], [ -78.745694630800685, -7.685516812745766 ], [ -78.747869176648734, -7.685528227625952 ], [ -78.747870606260392, -7.685257067934165 ], [ -78.748142424553052, -7.685258493970276 ], [ -78.748145283276102, -7.684716174473869 ], [ -78.74841710127636, -7.684717600236421 ], [ -78.748421388454872, -7.683904120811527 ], [ -78.748693205990548, -7.683905546249653 ], [ -78.748696063505577, -7.683363226512885 ], [ -78.748967880748893, -7.683364651677507 ], [ -78.748973594467245, -7.682280011956296 ], [ -78.749245411073957, -7.682281436745686 ], [ -78.749248267277352, -7.68173911676126 ], [ -78.749520083591776, -7.681740541277207 ], [ -78.749531504952003, -7.679571260785427 ], [ -78.749803319941691, -7.679572684722785 ], [ -78.749804747206056, -7.679301524593901 ], [ -78.75034837699701, -7.679304371851973 ], [ -78.75034980386539, -7.679033211617709 ], [ -78.750621618666656, -7.679034634938438 ], [ -78.750647290328445, -7.674153749177877 ], [ -78.750919102085817, -7.67415517141192 ], [ -78.75092052762443, -7.673884011006139 ], [ -78.751192339261749, -7.673885433017828 ], [ -78.75119376457657, -7.673614272557539 ], [ -78.751737387662942, -7.673617115964719 ], [ -78.751738812582062, -7.673345955399116 ], [ -78.752010624031115, -7.673347376794626 ], [ -78.752012048726471, -7.67307621617454 ], [ -78.752827482869009, -7.673080479179625 ], [ -78.752828906996797, -7.672809318403471 ], [ -78.752557095736009, -7.672807897624065 ], [ -78.752558519983864, -7.672536736895032 ], [ -78.752286708946812, -7.672535315994936 ], [ -78.752290981895001, -7.671721833938181 ], [ -78.752019171425459, -7.671720413019008 ], [ -78.752023444422647, -7.670906931081612 ], [ -78.751751634520559, -7.670905510143402 ], [ -78.751768723904817, -7.667651582673027 ], [ -78.752040531745067, -7.667653003001516 ], [ -78.752047649259225, -7.66629719947877 ], [ -78.752319456292497, -7.666298619381862 ], [ -78.75232230259175, -7.665756297845467 ], [ -78.752594109333359, -7.665757717475618 ], [ -78.752601223315679, -7.664401913316406 ], [ -78.752329417432691, -7.664400493940241 ], [ -78.752330840245349, -7.664129333148187 ], [ -78.752059034585898, -7.664127913651519 ], [ -78.752061880399111, -7.663585592158006 ], [ -78.751790075134878, -7.663584172591658 ], [ -78.751791498135418, -7.663313011890208 ], [ -78.751519693094721, -7.663311592203386 ], [ -78.751521116215073, -7.663040431549083 ], [ -78.751249311397913, -7.663039011741803 ], [ -78.751250734638091, -7.662767851134651 ], [ -78.750978930044482, -7.662766431206926 ], [ -78.750980353404458, -7.66249527064693 ], [ -78.750708549034371, -7.662493850598771 ], [ -78.750714242642175, -7.661409208525432 ], [ -78.75044243901057, -7.661407788509369 ], [ -78.750445285846496, -7.660865467552367 ], [ -78.750173482610023, -7.660864047466757 ], [ -78.750176329581649, -7.660321726596772 ], [ -78.749904526740309, -7.66032030644164 ], [ -78.749908797323442, -7.659506825261701 ], [ -78.750180599649966, -7.659508245264281 ], [ -78.750184869251285, -7.658694763898779 ], [ -78.749913067439508, -7.658693344048753 ], [ -78.749914490707766, -7.658422183637103 ], [ -78.74964268911944, -7.658420763666757 ], [ -78.749644112507355, -7.658149603302293 ], [ -78.749372311142508, -7.658148183211646 ], [ -78.749373734650078, -7.65787702289438 ], [ -78.749101933508697, -7.657875602683435 ], [ -78.749103357135922, -7.657604442413372 ], [ -78.748831556218008, -7.657603022082148 ], [ -78.748834403659814, -7.657060701632767 ], [ -78.748562603136889, -7.657059281232156 ], [ -78.748568298083626, -7.655974640492916 ], [ -78.748840097920436, -7.655976060690002 ], [ -78.748847214578134, -7.654620259429054 ], [ -78.749119013609402, -7.654621679200657 ], [ -78.749143197623468, -7.650011953363164 ], [ -78.749414993792371, -7.650013372098935 ], [ -78.749416415742914, -7.649742211671707 ], [ -78.74914461974538, -7.649740792986806 ], [ -78.749146041815379, -7.64946963260678 ], [ -78.748874246041126, -7.649468213801778 ], [ -78.748875668230568, -7.649197053468962 ], [ -78.748603872679567, -7.649195634543872 ], [ -78.748606717245451, -7.648653313969013 ], [ -78.748334922089072, -7.648651894974735 ], [ -78.748336344465471, -7.648380734732695 ], [ -78.748064549532344, -7.648379315618363 ], [ -78.748065972028172, -7.648108155423549 ], [ -78.747794177318312, -7.648106736189175 ], [ -78.747799867467535, -7.64702209557689 ], [ -78.747528073494877, -7.647020676375193 ], [ -78.747529496073639, -7.646749516263864 ], [ -78.747257702324234, -7.646748096942167 ], [ -78.747259125022367, -7.64647693687809 ], [ -78.747530918600475, -7.646478356148879 ], [ -78.74753234107537, -7.646207196030231 ], [ -78.747804134534135, -7.646208615079222 ], [ -78.747808401133327, -7.645395134548592 ], [ -78.748080194130196, -7.645396553274002 ], [ -78.74808161605479, -7.645125393038904 ], [ -78.748353408932331, -7.645126811542548 ], [ -78.74835625228323, -7.644584490959591 ], [ -78.748628044870173, -7.644585909190598 ], [ -78.748652202057443, -7.639976182779248 ], [ -78.748380412380826, -7.639974765413265 ], [ -78.748381833095763, -7.639703605054073 ], [ -78.748110043642185, -7.639702187568224 ], [ -78.748111464476352, -7.639431027256262 ], [ -78.747839675245842, -7.639429609650567 ], [ -78.747841096199195, -7.639158449385842 ], [ -78.747569307191753, -7.63915703166031 ], [ -78.747573570253579, -7.638343550996885 ], [ -78.747301781811416, -7.638342133253346 ], [ -78.7473060449191, -7.637528652709718 ], [ -78.747034257042145, -7.637527234948204 ], [ -78.747039941142845, -7.636442594375803 ], [ -78.746768154002126, -7.636441176647271 ], [ -78.746772417045364, -7.635627696332324 ], [ -78.746500630469754, -7.635626278585896 ], [ -78.746503472580883, -7.635083958459493 ], [ -78.746231686399298, -7.635082540644276 ], [ -78.746233107547951, -7.634811380626522 ], [ -78.745961321589363, -7.634809962691604 ], [ -78.745964164072802, -7.634267642746993 ], [ -78.745692378508224, -7.63426622474333 ], [ -78.745696642356577, -7.633452744951818 ], [ -78.745424857356966, -7.633451326930383 ], [ -78.745437647634006, -7.631010887816945 ], [ -78.745165864225044, -7.631009470083502 ], [ -78.745168706278889, -7.630467150342213 ], [ -78.744896923263767, -7.630465732540144 ], [ -78.744899765451478, -7.629923412886153 ], [ -78.744627982830181, -7.629921995015484 ], [ -78.74464787471311, -7.626125757741761 ], [ -78.744376094535923, -7.626124340414185 ], [ -78.744377515165539, -7.625853180632486 ], [ -78.742203276987212, -7.625841836284192 ], [ -78.742204698931303, -7.625570676906836 ], [ -78.741661140248766, -7.625567839217535 ], [ -78.741662562482418, -7.625296679938585 ], [ -78.738944773902645, -7.625282481777462 ], [ -78.738943349960962, -7.625553640545744 ], [ -78.738399792528753, -7.625550798766335 ], [ -78.738401216812036, -7.625279640100261 ], [ -78.737585881567199, -7.625275376306358 ], [ -78.737587306310729, -7.625004217789987 ], [ -78.737315528170882, -7.625002796235655 ], [ -78.73731695303303, -7.62473163776676 ], [ -78.737045175116151, -7.62473021609316 ], [ -78.737046600096917, -7.624459057671745 ], [ -78.736774822402992, -7.624457635878886 ], [ -78.736776247502362, -7.624186477504964 ], [ -78.736504470031377, -7.624185055592859 ], [ -78.736505895249351, -7.623913897266434 ], [ -78.73623411800132, -7.623912475235099 ], [ -78.736235543337884, -7.623641316956168 ], [ -78.735963766312793, -7.623639894805612 ], [ -78.735965191767917, -7.623368736574191 ], [ -78.735693414965795, -7.623367314304426 ], [ -78.735694840539466, -7.62309615612052 ], [ -78.735423063960297, -7.623094733731559 ], [ -78.735424489652516, -7.622823575595173 ], [ -78.734880936992283, -7.622820730408525 ], [ -78.734882362973778, -7.622549572370851 ], [ -78.733795258962971, -7.622543880158087 ], [ -78.733796685575143, -7.62227272232156 ], [ -78.733253134224668, -7.622269875295517 ], [ -78.733254561126046, -7.621998717557774 ], [ -78.732711010326028, -7.62199586995282 ], [ -78.732712437516597, -7.621724712313888 ], [ -78.730810012558408, -7.621714740689752 ], [ -78.730811440891657, -7.621443583405979 ], [ -78.730539666277551, -7.621442158258207 ], [ -78.730543951475553, -7.620628686538814 ], [ -78.730272177425846, -7.620627261374588 ], [ -78.730273605891227, -7.620356104178772 ], [ -78.730001832064531, -7.620354678895537 ], [ -78.73000326064826, -7.620083521747362 ], [ -78.729731487044589, -7.62008209634513 ], [ -78.729732915746652, -7.619810939244606 ], [ -78.729189369037655, -7.619808088031885 ], [ -78.729192226967442, -7.619265774025111 ], [ -78.728920454032775, -7.619264348265962 ], [ -78.728921883089797, -7.618993191308415 ], [ -78.728650110378155, -7.618991765430318 ], [ -78.728651539553454, -7.618720608520441 ], [ -78.728379767064823, -7.61871918252341 ], [ -78.728381196358399, -7.618448025661213 ], [ -78.728109424092779, -7.61844659954526 ], [ -78.728110853504617, -7.618175442730747 ], [ -78.727839081461994, -7.618174016495883 ], [ -78.727840510992095, -7.617902859729059 ], [ -78.727568739172483, -7.617901433375296 ], [ -78.727570168820819, -7.617630276656168 ], [ -78.727841940469816, -7.617631702958584 ], [ -78.727847657856913, -7.616547075840151 ], [ -78.727575886890321, -7.616545649743138 ], [ -78.727578745610771, -7.616003336264703 ], [ -78.727306975037749, -7.616001910100188 ], [ -78.72730840448996, -7.615730753406853 ], [ -78.727036634139921, -7.615729327123501 ], [ -78.727039493228304, -7.615187013828586 ], [ -78.726767723271792, -7.61518558747778 ], [ -78.726769152907949, -7.614914430876211 ], [ -78.726225613493227, -7.614911577766812 ], [ -78.726227043418092, -7.614640421264342 ], [ -78.725955273959912, -7.61463899450577 ], [ -78.725956704002897, -7.614367838051039 ], [ -78.725684934767671, -7.61436641117369 ], [ -78.725686364928777, -7.614095254766698 ], [ -78.725414595916533, -7.614093827770584 ], [ -78.725416026195731, -7.613822671411336 ], [ -78.724600719985204, -7.6138183895563 ], [ -78.724602150723555, -7.613547233347633 ], [ -78.72405861385316, -7.61354437802972 ], [ -78.72406004488009, -7.613273221920251 ], [ -78.723788276694108, -7.613271794057518 ], [ -78.723789707839089, -7.613000637995833 ], [ -78.723517939876103, -7.612999210014404 ], [ -78.723519371139119, -7.612728054000509 ], [ -78.723247603399102, -7.612726625900396 ], [ -78.723249034780125, -7.612455469934297 ], [ -78.72352080234964, -7.61245689798296 ], [ -78.723532250144743, -7.610287649711124 ], [ -78.723260483939001, -7.610286222074033 ], [ -78.723263345703899, -7.609743910072456 ], [ -78.722991579891513, -7.609742482368201 ], [ -78.722998734237407, -7.60838670255764 ], [ -78.722726969329585, -7.608385274940621 ], [ -78.722738414916719, -7.606216027465586 ], [ -78.722466651424412, -7.606214600090256 ], [ -78.722470943164481, -7.605401132381296 ], [ -78.722199180235705, -7.605399704990401 ], [ -78.722200610881075, -7.605128549131587 ], [ -78.721928848175125, -7.605127121622209 ], [ -78.721930278938302, -7.604855965811223 ], [ -78.721658516455179, -7.604854538183381 ], [ -78.721659947336178, -7.604583382420225 ], [ -78.721388185075881, -7.604581954673927 ], [ -78.721391047020916, -7.604039643239646 ], [ -78.72111928515379, -7.604038215426395 ], [ -78.721120716217811, -7.603767059755278 ], [ -78.720848954573498, -7.603765631823602 ], [ -78.720854678985475, -7.602681009308653 ], [ -78.720582918074825, -7.60267958141308 ], [ -78.72059150413827, -7.601052647840252 ], [ -78.720319744301648, -7.601051220083862 ], [ -78.720324037134773, -7.600237753402745 ], [ -78.72005227786137, -7.600236325631048 ], [ -78.720059432383323, -7.598880548013836 ], [ -78.719787674013446, -7.598879120329918 ], [ -78.719791966606536, -7.598065653870409 ], [ -78.719520208799736, -7.598064226171268 ], [ -78.719521639729152, -7.597793070729005 ], [ -78.719249882145064, -7.597791642911612 ], [ -78.719251313192075, -7.597520487517236 ], [ -78.718979555830714, -7.597519059581601 ], [ -78.718986711127855, -7.596163282812741 ], [ -78.71871495466975, -7.596161854965065 ], [ -78.71873498489056, -7.592365680249147 ], [ -78.719006738967622, -7.592367107375164 ], [ -78.719009599246434, -7.591824796540065 ], [ -78.718737845509409, -7.59182336951714 ], [ -78.718742136043375, -7.591009903391805 ], [ -78.719013889270371, -7.591011330260091 ], [ -78.719032473906822, -7.587486309334727 ], [ -78.719304224976923, -7.587487735363363 ], [ -78.719314227219769, -7.585589646557113 ], [ -78.719042477338945, -7.58558822088925 ], [ -78.719048192429383, -7.584503598840318 ], [ -78.718776443280575, -7.584502173209127 ], [ -78.718777872091621, -7.584231017739336 ], [ -78.718506123165241, -7.584229591990214 ], [ -78.718507552093527, -7.583958436568337 ], [ -78.718235803389575, -7.583957010701291 ], [ -78.718237232435129, -7.583685855327334 ], [ -78.717965483953577, -7.583684429342386 ], [ -78.717966913116385, -7.583413274016345 ], [ -78.717695164857261, -7.583411847913499 ], [ -78.71769659413728, -7.583140692635395 ], [ -78.71742484610057, -7.583139266414665 ], [ -78.717426275497814, -7.582868111184496 ], [ -78.717698023364719, -7.582869537353647 ], [ -78.717700881661798, -7.582327226779236 ], [ -78.717429134134505, -7.582325800713233 ], [ -78.71743342169502, -7.581512334979048 ], [ -78.717161674729695, -7.581510908898355 ], [ -78.717164533179911, -7.580968598493866 ], [ -78.716892786606749, -7.580967172346932 ], [ -78.716894215922707, -7.580696017190817 ], [ -78.716350723273735, -7.580693164491931 ], [ -78.71635215287661, -7.580422009435371 ], [ -78.716080406800813, -7.580420582883439 ], [ -78.7160818365208, -7.580149427874845 ], [ -78.715810090667404, -7.580148001205133 ], [ -78.715812950288949, -7.579605691280252 ], [ -78.715541204827673, -7.579604264544394 ], [ -78.715542634729218, -7.579333109628115 ], [ -78.715270889490327, -7.579331682774508 ], [ -78.715273749474932, -7.578789373034277 ], [ -78.715002004628118, -7.578787946114564 ], [ -78.71500343471115, -7.578516791290622 ], [ -78.714731690086722, -7.578515364253194 ], [ -78.714733120286809, -7.578244209477248 ], [ -78.714461375884738, -7.578242782322114 ], [ -78.71446280620188, -7.577971627594174 ], [ -78.714191062022181, -7.577970200321348 ], [ -78.71419249245632, -7.577699045641415 ], [ -78.713920748498992, -7.577697618250909 ], [ -78.713922179050158, -7.577426463618995 ], [ -78.713650435315202, -7.577425036110821 ], [ -78.713651865983365, -7.577153881526928 ], [ -78.713380122470767, -7.577152453901101 ], [ -78.713382983988367, -7.576610144825729 ], [ -78.713111240867804, -7.576608717133932 ], [ -78.713112671717241, -7.576337562642462 ], [ -78.712840928819048, -7.576336134833039 ], [ -78.712842359785427, -7.576064980389609 ], [ -78.712570617109591, -7.576063552462575 ], [ -78.712572048192911, -7.575792398067192 ], [ -78.712300305739433, -7.575790970022559 ], [ -78.712304599182048, -7.574977506969655 ], [ -78.712032857290197, -7.574976078910828 ], [ -78.712034288501926, -7.574704924604283 ], [ -78.711762546832418, -7.574703496427891 ], [ -78.711763978161045, -7.574432342169407 ], [ -78.707959602702076, -7.574412330652335 ], [ -78.707961036352515, -7.574141177114685 ], [ -78.707689295813836, -7.574139746503023 ], [ -78.707690729581046, -7.573868593013532 ], [ -78.7041581095922, -7.57384998033467 ], [ -78.704156673620176, -7.574121133150287 ], [ -78.701167538746802, -7.574105361050374 ], [ -78.701166100856213, -7.574376513291342 ], [ -78.700079143630774, -7.574370772697251 ], [ -78.700077705008781, -7.574641924726758 ], [ -78.699534226374794, -7.574639053310292 ], [ -78.699535665336015, -7.574367901384735 ], [ -78.698720448291482, -7.57436359314662 ], [ -78.698721887708501, -7.574092441373394 ], [ -78.698450148969314, -7.574091005007535 ], [ -78.698451588502905, -7.573819853282672 ], [ -78.698179849986332, -7.573818416799584 ], [ -78.69818128963648, -7.573547265123087 ], [ -78.697909551342562, -7.57354582852278 ], [ -78.697910991109239, -7.57327467689466 ], [ -78.697367515019693, -7.573271803290417 ], [ -78.697368955072491, -7.5730006517627 ], [ -78.69682547953434, -7.572997777585651 ], [ -78.696826919873217, -7.572726626158368 ], [ -78.696555182353322, -7.572725188868071 ], [ -78.6965566228087, -7.572454037489193 ], [ -78.696284885511432, -7.572452600081737 ], [ -78.696286326083282, -7.572181448751272 ], [ -78.696014589008669, -7.572180011226672 ], [ -78.696016029696992, -7.571908859944622 ], [ -78.695744292845006, -7.571907422302893 ], [ -78.695745733649787, -7.571636271069268 ], [ -78.696017470332208, -7.571637708658935 ], [ -78.696020351443394, -7.571095406076642 ], [ -78.696292087839851, -7.571096843393016 ], [ -78.696294968399627, -7.570554540692054 ], [ -78.696566704510104, -7.570555977735156 ], [ -78.696571024443116, -7.569742523500278 ], [ -78.696299288841161, -7.569741086613326 ], [ -78.696313686862595, -7.567029572781109 ], [ -78.69604195300839, -7.567028136245576 ], [ -78.696043392688011, -7.566756984894405 ], [ -78.695499925477748, -7.566754111420234 ], [ -78.695501365443135, -7.566482960169557 ], [ -78.695229632087077, -7.566481523230938 ], [ -78.695231072168781, -7.566210372028693 ], [ -78.69495933903525, -7.566208934973092 ], [ -78.69496077923327, -7.565937783819296 ], [ -78.694689046322253, -7.56593634664672 ], [ -78.694690486636574, -7.565665195541371 ], [ -78.694147021312716, -7.565662320793255 ], [ -78.694148461912732, -7.565391169788459 ], [ -78.693876729499877, -7.565389732212934 ], [ -78.693878170216138, -7.565118581256607 ], [ -78.693606438025853, -7.565117143564152 ], [ -78.69360931963773, -7.56457484174481 ], [ -78.693881051489271, -7.564576279333044 ], [ -78.693885373000427, -7.563762826420424 ], [ -78.694157104396993, -7.563764263683324 ], [ -78.694161424921887, -7.562950810581673 ], [ -78.694433155863521, -7.562952247519276 ], [ -78.694438915142271, -7.561867643124454 ], [ -78.694167184877941, -7.561866206395237 ], [ -78.694181581049136, -7.55915469567474 ], [ -78.694453309620599, -7.55915613188299 ], [ -78.694459065924562, -7.558071527284658 ], [ -78.694187338030062, -7.558070091284796 ], [ -78.694188777142486, -7.557798940178225 ], [ -78.693917049470315, -7.557797504061594 ], [ -78.693918488698827, -7.557526353003493 ], [ -78.693646761249013, -7.557524916770102 ], [ -78.69365107912337, -7.556711463730331 ], [ -78.693922806065572, -7.556712899807397 ], [ -78.693930000614188, -7.555357144407922 ], [ -78.693658274517901, -7.555355708591397 ], [ -78.693661152303747, -7.554813406510399 ], [ -78.693389426598927, -7.554811970629287 ], [ -78.693393743386622, -7.553998517636893 ], [ -78.692850293151238, -7.553995645681009 ], [ -78.692853171420509, -7.553453343876415 ], [ -78.692581446720808, -7.553451907749566 ], [ -78.692584325115675, -7.55290960603471 ], [ -78.692312600807369, -7.552908169843366 ], [ -78.692314040094175, -7.55263701903263 ], [ -78.692042316008141, -7.552635582724674 ], [ -78.692043755410879, -7.552364431962453 ], [ -78.691772031547117, -7.552362995537895 ], [ -78.691773471065773, -7.552091844824193 ], [ -78.692316918508283, -7.552094717400266 ], [ -78.692318357635585, -7.551823566578636 ], [ -78.692861804952599, -7.551826438375489 ], [ -78.692863243688564, -7.551555287445959 ], [ -78.693406690880025, -7.551558158463636 ], [ -78.693408129224693, -7.551287007426231 ], [ -78.694495023568948, -7.551292747228447 ], [ -78.694496461184201, -7.551021595978996 ], [ -78.695311631992908, -7.551025898902839 ], [ -78.695313069047856, -7.550754747493516 ], [ -78.696128239827246, -7.550759048742722 ], [ -78.696129676321931, -7.550487897173574 ], [ -78.696401399852149, -7.550489330533839 ], [ -78.696402836124705, -7.550218178909012 ], [ -78.696946283006284, -7.550221045019344 ], [ -78.696947718887671, -7.549949893286803 ], [ -78.697491165643385, -7.549952758618286 ], [ -78.697492601133632, -7.549681606778052 ], [ -78.698307771157914, -7.549685903354035 ], [ -78.698309206088013, -7.549414751354135 ], [ -78.698580929366472, -7.549416183156753 ], [ -78.698582364074525, -7.54914503110122 ], [ -78.698854087236967, -7.549146462683162 ], [ -78.698855521722976, -7.548875310572003 ], [ -78.699127244769414, -7.54887674193328 ], [ -78.699131547402317, -7.548063285422073 ], [ -78.698859824862907, -7.548061854216765 ], [ -78.698861259136862, -7.547790702091097 ], [ -78.698589536819455, -7.547789270769139 ], [ -78.698590971209399, -7.547518118691841 ], [ -78.698047527071637, -7.547515255645997 ], [ -78.698048961746522, -7.547244103669078 ], [ -78.697777239926182, -7.547242671945216 ], [ -78.697778674717, -7.546971520016687 ], [ -78.697506953118662, -7.546970088176211 ], [ -78.697508388025426, -7.546698936296075 ], [ -78.697236666649104, -7.546697504339004 ], [ -78.697238101671786, -7.546426352507267 ], [ -78.69696638051748, -7.546424920433606 ], [ -78.696967815656066, -7.546153768650275 ], [ -78.696696094723791, -7.546152336460044 ], [ -78.696698965179692, -7.545610032986579 ], [ -78.696427244638372, -7.545608600731827 ], [ -78.696430115219883, -7.545066297347947 ], [ -78.69670183542334, -7.545067729498608 ], [ -78.696706140390873, -7.544254274239456 ], [ -78.69697786014062, -7.54425570606542 ], [ -78.696982164123881, -7.54344225061752 ], [ -78.69725388341999, -7.543443682118826 ], [ -78.697258186419106, -7.542630226482204 ], [ -78.697529905261604, -7.54263165765889 ], [ -78.697532773324696, -7.542089353778961 ], [ -78.697804491882508, -7.542090784683085 ], [ -78.697811660267817, -7.540735024659738 ], [ -78.697539942554258, -7.540733594015713 ], [ -78.697549977247917, -7.538835530194956 ], [ -78.697821693779829, -7.538836960474852 ], [ -78.697823126926536, -7.538565808433949 ], [ -78.698094843342702, -7.538567238493391 ], [ -78.69809627626762, -7.538296086396849 ], [ -78.698367992568024, -7.538297516235849 ], [ -78.698369425271125, -7.538026364083679 ], [ -78.698641141455795, -7.538027793702248 ], [ -78.698644006365427, -7.537485489283042 ], [ -78.698915722265568, -7.537486918629201 ], [ -78.698917154472113, -7.537215766362173 ], [ -78.700004017927668, -7.537221481854787 ], [ -78.700005449406234, -7.53695032937622 ], [ -78.700277165233842, -7.536951757776397 ], [ -78.700278596490676, -7.536680605242246 ], [ -78.70082202796732, -7.536683461433492 ], [ -78.700834903858095, -7.534243087528022 ], [ -78.700563189611685, -7.53424165998415 ], [ -78.700568911527483, -7.533157049473163 ], [ -78.700297198008712, -7.533155621968775 ], [ -78.700301489395343, -7.532342164203391 ], [ -78.7000297764355, -7.532340736686574 ], [ -78.700031206960389, -7.532069584142837 ], [ -78.699759494222164, -7.532068156509693 ], [ -78.699763785984857, -7.531254699012663 ], [ -78.699492073805473, -7.53125327136715 ], [ -78.699493504455688, -7.530982118912875 ], [ -78.699221792497895, -7.530980691151071 ], [ -78.699223223263715, -7.53070953874516 ], [ -78.69895151152754, -7.530708110867078 ], [ -78.698955804012797, -7.529894653783582 ], [ -78.698684092835379, -7.529893225893215 ], [ -78.698685523726368, -7.529622073576808 ], [ -78.698413812770553, -7.529620645570199 ], [ -78.698415243777106, -7.529349493302169 ], [ -78.698143533042881, -7.529348065179332 ], [ -78.698144964164996, -7.529076912959686 ], [ -78.697873253652347, -7.529075484720634 ], [ -78.697884702068734, -7.526906267249285 ], [ -78.698156411233072, -7.52690769507226 ], [ -78.698170715296442, -7.524196172387408 ], [ -78.697899007816901, -7.524194745084528 ], [ -78.697904728631485, -7.523110136117363 ], [ -78.698176435437261, -7.523111563212211 ], [ -78.698189302652622, -7.520671192356504 ], [ -78.698461007995846, -7.520672618815245 ], [ -78.698468153751492, -7.519316856842218 ], [ -78.698739858305956, -7.519318282872948 ], [ -78.69874271590048, -7.518775977954449 ], [ -78.699014420171281, -7.5187774037132 ], [ -78.699030131300361, -7.515794725831232 ], [ -78.698758428880765, -7.51579330064436 ], [ -78.698759857015503, -7.515522148139951 ], [ -78.698216452671829, -7.515519297366438 ], [ -78.698217881090073, -7.515248144962412 ], [ -78.697674477294939, -7.51524529362126 ], [ -78.697675905996647, -7.514974141317642 ], [ -78.697132502750094, -7.5149712894089 ], [ -78.697133931735252, -7.514700137205713 ], [ -78.696318827767925, -7.514695858239452 ], [ -78.696320257204718, -7.514424706188765 ], [ -78.694418350982474, -7.514414716422309 ], [ -78.694419781543758, -7.514143564732486 ], [ -78.693876380580207, -7.514140709106695 ], [ -78.693877811424827, -7.513869557517449 ], [ -78.692791010807994, -7.513863844459744 ], [ -78.692792442272307, -7.51359269307534 ], [ -78.69224904261911, -7.513589835643503 ], [ -78.692250474366702, -7.513318684359754 ], [ -78.691435375790121, -7.513314397109427 ], [ -78.691436807989135, -7.513043245978507 ], [ -78.690078312265896, -7.513036097464922 ], [ -78.690079745252703, -7.512764946591246 ], [ -78.68926464896164, -7.512760655625426 ], [ -78.689266082399783, -7.512489504904729 ], [ -78.688994383910696, -7.512488074299299 ], [ -78.688995817463791, -7.512216923627194 ], [ -78.688452420981648, -7.512214062017249 ], [ -78.688453854817851, -7.511942911445965 ], [ -78.688182156824794, -7.511941480441466 ], [ -78.6881850246738, -7.511399179392519 ], [ -78.687913327070319, -7.511397748324658 ], [ -78.687916195042632, -7.510855447365724 ], [ -78.687644497828671, -7.510854016234521 ], [ -78.687647365924278, -7.510311715365614 ], [ -78.687103972328657, -7.510308852808786 ], [ -78.68710540663281, -7.510037702473413 ], [ -78.68656201358651, -7.510034839349937 ], [ -78.686563448173644, -7.50976368911547 ], [ -78.685748359508111, -7.509759393328694 ], [ -78.685749794546282, -7.509488243247437 ], [ -78.685478098599134, -7.509486811035242 ], [ -78.685480968851806, -7.508944510966473 ], [ -78.685209273294163, -7.50894307869109 ], [ -78.685210708508635, -7.50867192870358 ], [ -78.684939013172382, -7.508670496312738 ], [ -78.684941883777554, -7.508128196431481 ], [ -78.684670188830793, -7.508126763977497 ], [ -78.684671624221465, -7.507855614083756 ], [ -78.68412823482403, -7.507852748777188 ], [ -78.684129670497526, -7.507581598984469 ], [ -78.683857976046866, -7.507580166131905 ], [ -78.683859411835087, -7.507309016387897 ], [ -78.683587717605818, -7.507307583419935 ], [ -78.683590589358332, -7.506765284025737 ], [ -78.683318895518525, -7.506763850994727 ], [ -78.68332033148279, -7.506492701344547 ], [ -78.683048637864374, -7.506491268198169 ], [ -78.683050073943335, -7.506220118596718 ], [ -78.682778380546296, -7.506218685334983 ], [ -78.68277981673991, -7.505947535782271 ], [ -78.682508123564261, -7.505946102405192 ], [ -78.682509559872543, -7.505674952901223 ], [ -78.682237866918285, -7.505673519408814 ], [ -78.68223930334122, -7.505402369953591 ], [ -78.681695917928849, -7.505399502570454 ], [ -78.681697354634409, -7.505128353216361 ], [ -78.681425662176309, -7.505126919325654 ], [ -78.681424225302734, -7.505398068627369 ], [ -78.680609147744804, -7.505393765792045 ], [ -78.680610585122395, -7.505122616647499 ], [ -78.680338892877913, -7.505121182086105 ], [ -78.680340330370086, -7.504850032990355 ], [ -78.680068638347009, -7.504848598313697 ], [ -78.680071513507102, -7.504306300216174 ], [ -78.679799821873431, -7.504304865476684 ], [ -78.679801259541321, -7.504033716474918 ], [ -78.679529568129055, -7.504032281620194 ], [ -78.6795310059115, -7.503761132667241 ], [ -78.679259314720639, -7.503759697697297 ], [ -78.679262190461131, -7.503217399885412 ], [ -78.678990499659648, -7.503215964852698 ], [ -78.678993375522253, -7.502673667131233 ], [ -78.678721685110133, -7.502672232035765 ], [ -78.678723123129217, -7.502401083222056 ], [ -78.678451432938488, -7.502399648011418 ], [ -78.678454309152144, -7.501857350478063 ], [ -78.677910929602817, -7.501854479763774 ], [ -78.677912367965291, -7.501583331096589 ], [ -78.677640678438763, -7.501581895540514 ], [ -78.677642116915678, -7.501310746922178 ], [ -78.677370427610541, -7.501309311250983 ], [ -78.677374743224163, -7.50049586553173 ], [ -78.677103054476206, -7.500494429850378 ], [ -78.67711168526661, -7.49886753862926 ], [ -78.676839997579407, -7.498866103095228 ], [ -78.676842874417332, -7.498323806097607 ], [ -78.676571187119322, -7.49832237050102 ], [ -78.67657262562588, -7.498051222049284 ], [ -78.676300938549218, -7.498049786337674 ], [ -78.676303815737484, -7.497507489528362 ], [ -78.676032129049986, -7.497506053754238 ], [ -78.676033567731693, -7.497234905396665 ], [ -78.675761881265529, -7.49723346950755 ], [ -78.675766197492962, -7.496420024570706 ], [ -78.675494511583764, -7.496418588671633 ], [ -78.675504582082326, -7.494520550726946 ], [ -78.675776266817095, -7.494521986258444 ], [ -78.675780581438943, -7.493708541213363 ], [ -78.676052265723968, -7.493709976419918 ], [ -78.676056579360974, -7.49289653118486 ], [ -78.676328263196339, -7.492897966066509 ], [ -78.676331138351358, -7.492355669120109 ], [ -78.676059454851426, -7.492354234343455 ], [ -78.67606233012782, -7.491811937487625 ], [ -78.675790647016782, -7.491810502648598 ], [ -78.675792084742412, -7.491539354267777 ], [ -78.675520401852594, -7.491537919313894 ], [ -78.675523277478661, -7.490995622646454 ], [ -78.675251594977723, -7.490994187630236 ], [ -78.675255908518409, -7.490180742759581 ], [ -78.674984226573997, -7.490179307733581 ], [ -78.674987102335436, -7.489637011240162 ], [ -78.674715420779862, -7.489635576151885 ], [ -78.674729798051118, -7.486924093993762 ], [ -78.674458118225218, -7.486922659263504 ], [ -78.67445955582545, -7.4866515110804 ], [ -78.673916196669424, -7.486648641223191 ], [ -78.673917634551259, -7.486377493141569 ], [ -78.673645955221147, -7.486376058014638 ], [ -78.673647393216982, -7.486104909981963 ], [ -78.673375714108005, -7.486103474740349 ], [ -78.673382904121496, -7.484747734785704 ], [ -78.67311122590381, -7.484746299639668 ], [ -78.673112663913329, -7.484475151690492 ], [ -78.67284098591675, -7.484473716429816 ], [ -78.672842424040212, -7.484202568529607 ], [ -78.672570746264725, -7.484201133154306 ], [ -78.67257218450213, -7.483929985303067 ], [ -78.672300506947749, -7.483928549813151 ], [ -78.672301945299068, -7.483657402010892 ], [ -78.67175859068611, -7.48365453063468 ], [ -78.671760029318847, -7.483383382933998 ], [ -78.671216675255309, -7.483380510994261 ], [ -78.67121811416942, -7.48310936339518 ], [ -78.670131407355797, -7.483103617720078 ], [ -78.670129967771715, -7.483374765108672 ], [ -78.669858291034899, -7.483373328219335 ], [ -78.669861170484424, -7.482831033543819 ], [ -78.670132846886247, -7.482832470327882 ], [ -78.670142922097355, -7.480934438481626 ], [ -78.670414597380599, -7.480935874730111 ], [ -78.67042898430573, -7.478224399831548 ], [ -78.670157310696595, -7.478222964109354 ], [ -78.670158749261489, -7.477951816652322 ], [ -78.669887075873376, -7.477950380815705 ], [ -78.669889953176991, -7.477408085996104 ], [ -78.669618280177261, -7.477406650097716 ], [ -78.669625473334222, -7.476050913248909 ], [ -78.669353801224844, -7.47604947744672 ], [ -78.669355239862611, -7.475778330118803 ], [ -78.669083567974226, -7.475776894202259 ], [ -78.669086445423403, -7.475234599640935 ], [ -78.668814773923316, -7.475233163662702 ], [ -78.668817651492446, -7.474690869192298 ], [ -78.668545980380642, -7.474689433152405 ], [ -78.668547419251993, -7.474418285964471 ], [ -78.66827574836114, -7.474416849810271 ], [ -78.668288697293377, -7.471976525430914 ], [ -78.668017027961568, -7.471975089583838 ], [ -78.668018466630642, -7.471703942465257 ], [ -78.66774679751974, -7.471702506503943 ], [ -78.667748236302359, -7.471431359434451 ], [ -78.667476567412379, -7.471429923358917 ], [ -78.667478006308528, -7.471158776338512 ], [ -78.666934669024101, -7.471155903792129 ], [ -78.666943303279652, -7.469529022226521 ], [ -78.667214970891834, -7.469530458266955 ], [ -78.667216409579268, -7.469259311274059 ], [ -78.667488077077977, -7.469260747094936 ], [ -78.667489515544545, -7.468989600045752 ], [ -78.66776118292978, -7.468991035647088 ], [ -78.667768373621399, -7.467635300083753 ], [ -78.668040040224597, -7.467636735254831 ], [ -78.668041478034709, -7.467365588078692 ], [ -78.668313144524461, -7.467367023030271 ], [ -78.66831601964941, -7.466824728561856 ], [ -78.668587685858583, -7.466826163241284 ], [ -78.668590560434609, -7.466283868653143 ], [ -78.668862226363245, -7.466285303060444 ], [ -78.668869411028638, -7.464929566263851 ], [ -78.669141076175492, -7.46493100024108 ], [ -78.669148258664052, -7.46357526309133 ], [ -78.668876594352469, -7.463573829377387 ], [ -78.668888084880166, -7.461404650172142 ], [ -78.669159747855616, -7.461406083464836 ], [ -78.669169798081356, -7.459508051102996 ], [ -78.66944145994168, -7.459509483860464 ], [ -78.669448636230072, -7.45815374608813 ], [ -78.669176975204422, -7.458152313593911 ], [ -78.669178410468078, -7.457881166081316 ], [ -78.669450071326821, -7.457882598522887 ], [ -78.669452941359367, -7.45734030338163 ], [ -78.669724601937943, -7.457341735551317 ], [ -78.669727471422121, -7.456799440290408 ], [ -78.669999131720559, -7.456800872188232 ], [ -78.670000566215307, -7.456529724499755 ], [ -78.670272226400513, -7.456531156178372 ], [ -78.670276529062335, -7.455717712933502 ], [ -78.670548188800538, -7.455719144287684 ], [ -78.670556791675239, -7.454092257385264 ], [ -78.670828450466018, -7.454093688257185 ], [ -78.670829883923972, -7.453822540374932 ], [ -78.671101542601548, -7.453823971027727 ], [ -78.671107275230042, -7.452739379252382 ], [ -78.671378933293994, -7.452740809528247 ], [ -78.671380366150316, -7.452469661522835 ], [ -78.671652024101078, -7.452471091579619 ], [ -78.671653456737033, -7.452199943518017 ], [ -78.671925114574606, -7.452201373355728 ], [ -78.671929411660543, -7.451387928991621 ], [ -78.672201069051397, -7.451389358505098 ], [ -78.672202501139438, -7.451118210323965 ], [ -78.672474158417103, -7.45111963961841 ], [ -78.672475590284819, -7.450848491381112 ], [ -78.672747247449323, -7.450849920456535 ], [ -78.672748679096728, -7.450578772163076 ], [ -78.673020336148028, -7.45058020101949 ], [ -78.673021767575122, -7.450309052669871 ], [ -78.673293424513247, -7.450310481307286 ], [ -78.673294855720044, -7.450039332901521 ], [ -78.673838169423504, -7.450042189571957 ], [ -78.673839600243298, -7.449771041057499 ], [ -78.674111257008605, -7.449772469090539 ], [ -78.674112687608115, -7.449501320519951 ], [ -78.674384344260247, -7.449502748334034 ], [ -78.674385774639518, -7.449231599707325 ], [ -78.67465743117846, -7.449233027302465 ], [ -78.674658861337491, -7.448961878619635 ], [ -78.674930517763244, -7.448963305995846 ], [ -78.674931947702035, -7.448692157256906 ], [ -78.675475260380679, -7.44869501140509 ], [ -78.675479548875828, -7.447881564851667 ], [ -78.675751204795347, -7.447882991518652 ], [ -78.675755492308937, -7.447069544775443 ], [ -78.676027147781923, -7.447070971118547 ], [ -78.676031434314083, -7.446257524185576 ], [ -78.676303089340593, -7.446258950204845 ], [ -78.676307374891451, -7.445445503082128 ], [ -78.676579029471526, -7.445446928777596 ], [ -78.676580457714891, -7.445175779677038 ], [ -78.676852112181834, -7.4451772051537 ], [ -78.676854968174879, -7.444634906836866 ], [ -78.677126622362067, -7.444636332042267 ], [ -78.677128050111776, -7.444365182825997 ], [ -78.677399704185817, -7.444366607812626 ], [ -78.67740969577082, -7.442468562831151 ], [ -78.677681348732236, -7.442469987284246 ], [ -78.677691336532121, -7.440571941759996 ], [ -78.677962988381239, -7.440573365679644 ], [ -78.677964414829475, -7.440302216252254 ], [ -78.678236066565518, -7.440303639953244 ], [ -78.678240345090103, -7.439490191492241 ], [ -78.678511996380067, -7.439491614869695 ], [ -78.678520550987628, -7.437864717536355 ], [ -78.6787922013322, -7.437866140433002 ], [ -78.678793626746682, -7.437594990812475 ], [ -78.679065276978221, -7.43759641349054 ], [ -78.679068127314025, -7.437054114133893 ], [ -78.679339777266108, -7.437055536540962 ], [ -78.679356872797271, -7.433801739471346 ], [ -78.678813576940087, -7.433798895749313 ], [ -78.678815001553247, -7.433527746075105 ], [ -78.678543353871135, -7.433526324017433 ], [ -78.678544778597228, -7.433255174392082 ], [ -78.678273131134901, -7.433253752220796 ], [ -78.678275980759494, -7.432711453064246 ], [ -78.678004333683276, -7.432710030831808 ], [ -78.678005758581747, -7.432438881300612 ], [ -78.6774624649223, -7.432436036442551 ], [ -78.677465315224239, -7.43189373757925 ], [ -78.677193668807334, -7.431892315006109 ], [ -78.677196519228076, -7.43135001623343 ], [ -78.676924873197251, -7.431348593599215 ], [ -78.676927723736753, -7.430806294917172 ], [ -78.677199369435002, -7.430807717446442 ], [ -78.677200794458273, -7.430536568047588 ], [ -78.677472440043687, -7.430537990358404 ], [ -78.677473864847229, -7.430266840903503 ], [ -78.677745510319795, -7.430268262995873 ], [ -78.677746934903624, -7.429997113484937 ], [ -78.67801858026337, -7.429998535358875 ], [ -78.678022853195358, -7.42918508664725 ], [ -78.677751208334413, -7.429183664930669 ], [ -78.677755481284237, -7.428370216344214 ], [ -78.677483836975455, -7.428368794619057 ], [ -78.677485261351421, -7.428097645135545 ], [ -78.677213617262311, -7.428096223296913 ], [ -78.677215041751055, -7.427825073862296 ], [ -78.67612846659415, -7.427819385058392 ], [ -78.676129891694302, -7.427548235830114 ], [ -78.675858248204975, -7.427546813266823 ], [ -78.675859673417861, -7.427275664087468 ], [ -78.674773100660332, -7.427269972385177 ], [ -78.674771674782605, -7.427541121354492 ], [ -78.67422838839245, -7.427538274402828 ], [ -78.674229814602597, -7.427267125538568 ], [ -78.67368652875895, -7.427264278028322 ], [ -78.673687955247985, -7.426993129265568 ], [ -78.67341631257267, -7.426991705314129 ], [ -78.673417739174369, -7.426720556600352 ], [ -78.672602811968289, -7.426716283908299 ], [ -78.672601384867974, -7.426987432464392 ], [ -78.671514815344921, -7.426981733008766 ], [ -78.671516243110005, -7.426710584663008 ], [ -78.670972959002356, -7.426707734044985 ], [ -78.670974387046243, -7.42643658580086 ], [ -78.669072895521396, -7.426426603780466 ], [ -78.669071466314179, -7.426697751656184 ], [ -78.667713258860289, -7.426690616401618 ], [ -78.667714688898442, -7.426419468789234 ], [ -78.667443047734835, -7.426418041293323 ], [ -78.667445907982483, -7.425875746163187 ], [ -78.667174267204928, -7.425874318606767 ], [ -78.667177127570199, -7.425332023567707 ], [ -78.666905487178653, -7.425330595950808 ], [ -78.666908347661519, -7.424788301002831 ], [ -78.666636707655954, -7.424786873325474 ], [ -78.666639568256329, -7.424244578468598 ], [ -78.66636792863676, -7.42424315073081 ], [ -78.666369359022539, -7.423972003349715 ], [ -78.666097719622783, -7.423970575498801 ], [ -78.666100580565498, -7.423428280831315 ], [ -78.665828941551695, -7.423426852920013 ], [ -78.665830372108601, -7.423155705633626 ], [ -78.664472178676007, -7.423148563853515 ], [ -78.664473610009736, -7.422877416827249 ], [ -78.663930333345078, -7.422874559060038 ], [ -78.663933196515657, -7.422332265207817 ], [ -78.663661558596147, -7.42233083618104 ], [ -78.6636629902669, -7.422059689302334 ], [ -78.663391352567245, -7.42205826016254 ], [ -78.663392784350307, -7.421787113333036 ], [ -78.663121146870495, -7.421785684080233 ], [ -78.663122578765865, -7.421514537299936 ], [ -78.662850941505909, -7.421513107934143 ], [ -78.662852373513559, -7.421241961203052 ], [ -78.662580736473444, -7.421240531724277 ], [ -78.662583600659531, -7.420698238356962 ], [ -78.66204032740491, -7.420695379113321 ], [ -78.662041759749371, -7.420424232529904 ], [ -78.661498487042024, -7.420421372728867 ], [ -78.661499919664777, -7.420150226247502 ], [ -78.661228283557861, -7.420148796151185 ], [ -78.661229716292823, -7.419877649719071 ], [ -78.660958080405777, -7.41987621950984 ], [ -78.660960946046302, -7.419333926740547 ], [ -78.660689310545123, -7.419332496471251 ], [ -78.660690743450672, -7.419061350134078 ], [ -78.660419108169322, -7.419059919751898 ], [ -78.660420541187051, -7.418788773463993 ], [ -78.660148906125556, -7.418787342968944 ], [ -78.660151772331517, -7.418245050488103 ], [ -78.659880137655861, -7.418243619933052 ], [ -78.659884437058935, -7.417430181343539 ], [ -78.66042770546818, -7.417433041970836 ], [ -78.660429138162911, -7.417161895661481 ], [ -78.660700772282325, -7.417163325673765 ], [ -78.660702204757243, -7.416892179307996 ], [ -78.660973838764519, -7.416893609101769 ], [ -78.660975271019652, -7.416622462679585 ], [ -78.66124690491479, -7.41662389225486 ], [ -78.661248336950138, -7.416352745776275 ], [ -78.661519970733139, -7.41635417513306 ], [ -78.661521402548743, -7.416083028598079 ], [ -78.661793036219592, -7.416084457736389 ], [ -78.661795899357486, -7.41554216455007 ], [ -78.662067532750271, -7.415543593417111 ], [ -78.662070395341104, -7.415001300110875 ], [ -78.662342028455825, -7.415002728706663 ], [ -78.662344890499654, -7.414460435280525 ], [ -78.662616523336339, -7.414461863605092 ], [ -78.662619384833192, -7.413919570059067 ], [ -78.662891017391857, -7.413920998112432 ], [ -78.662892447893725, -7.41364985128127 ], [ -78.663435712840595, -7.413652706785619 ], [ -78.663437142956909, -7.41338155984532 ], [ -78.663708775345114, -7.413382987296326 ], [ -78.66371020524177, -7.413111840299679 ], [ -78.663981837517852, -7.413113267532327 ], [ -78.663988985365563, -7.411757532231687 ], [ -78.663717353918798, -7.411756105262874 ], [ -78.663727359808874, -7.409858076061367 ], [ -78.663455729576626, -7.409856649296415 ], [ -78.663460017506281, -7.409043208314816 ], [ -78.663188387825187, -7.409041781542686 ], [ -78.663196963227534, -7.407414899799778 ], [ -78.662925334594789, -7.407413473178863 ], [ -78.662926763806084, -7.407142326262004 ], [ -78.662655135392853, -7.407140899528425 ], [ -78.662656564716102, -7.406869752660784 ], [ -78.6623849365224, -7.406868325814551 ], [ -78.662386365957602, -7.406597178996139 ], [ -78.662114737983401, -7.406595752037263 ], [ -78.662113308382459, -7.406866898802872 ], [ -78.661570052263983, -7.406864044283184 ], [ -78.661568622277784, -7.4071351909396 ], [ -78.65912397091698, -7.407122336935958 ], [ -78.659125402394807, -7.406851190755154 ], [ -78.658853774900777, -7.40684976175816 ], [ -78.658856638026265, -7.406307469491595 ], [ -78.658585010917548, -7.406306040434922 ], [ -78.658589305698925, -7.405492602166948 ], [ -78.658317679141206, -7.405491173103512 ], [ -78.658319110792959, -7.405220027059936 ], [ -78.658047484454798, -7.405218597883984 ], [ -78.658048916218362, -7.404947451889732 ], [ -78.657777290099801, -7.404946022601274 ], [ -78.657778721975163, -7.404674876656356 ], [ -78.657507096076159, -7.404673447255408 ], [ -78.657508528063303, -7.404402301359823 ], [ -78.657236902383886, -7.404400871846394 ], [ -78.657238334482798, -7.404129726000154 ], [ -78.656966709022953, -7.40412829637426 ], [ -78.656968141233634, -7.40385715057737 ], [ -78.656696515993346, -7.403855720839018 ], [ -78.656697948315795, -7.403584575091482 ], [ -78.656426323295079, -7.403583145240688 ], [ -78.656427755729254, -7.403311999542519 ], [ -78.656156130928125, -7.403310569579291 ], [ -78.656158995965995, -7.402768278278113 ], [ -78.655887371550065, -7.402766848255412 ], [ -78.655888804153761, -7.402495702652414 ], [ -78.655617179957389, -7.402494272517313 ], [ -78.655618612672768, -7.402223126963692 ], [ -78.655346988695968, -7.402221696716206 ], [ -78.65534842152303, -7.401950551211975 ], [ -78.655076797765787, -7.401949120852111 ], [ -78.655079663589305, -7.401406829938861 ], [ -78.654808040217233, -7.401405399519605 ], [ -78.654810906156143, -7.400863108698013 ], [ -78.654539283169214, -7.400861678219383 ], [ -78.654542149223474, -7.400319387489469 ], [ -78.654270526621687, -7.40031795695149 ], [ -78.654271959733435, -7.400046811634162 ], [ -78.654000337351206, -7.400045380983877 ], [ -78.654001770574567, -7.399774235715962 ], [ -78.653730148411867, -7.399772804953383 ], [ -78.653733015027797, -7.399230514512835 ], [ -78.653461393250197, -7.39922908369097 ], [ -78.653462826642738, -7.39895793851834 ], [ -78.653191205084681, -7.398956507584212 ], [ -78.653192638588777, -7.398685362461014 ], [ -78.652106153558663, -7.398679637283965 ], [ -78.652107587670912, -7.398408492369276 ], [ -78.651021104167228, -7.398402764760323 ], [ -78.651019669392824, -7.398673909462843 ], [ -78.650476427634118, -7.39867104456076 ], [ -78.650477862739606, -7.398399899964365 ], [ -78.650206242106862, -7.398398467318512 ], [ -78.650207677323806, -7.398127322771618 ], [ -78.649392816246575, -7.39812302400183 ], [ -78.649394251906045, -7.397851879610614 ], [ -78.649122631820632, -7.397850446409966 ], [ -78.649121195995662, -7.398121590748086 ], [ -78.645046898725383, -7.398100072113167 ], [ -78.645045460363391, -7.398371215650568 ], [ -78.642057648290717, -7.398355411103785 ], [ -78.642056208053717, -7.39862655405216 ], [ -78.641512969868955, -7.398623678243516 ], [ -78.641511529246614, -7.398894821081794 ], [ -78.640968290947825, -7.39889194450561 ], [ -78.640969731901222, -7.398620801773882 ], [ -78.640698112998763, -7.398619363291193 ], [ -78.640699554063417, -7.398348220609184 ], [ -78.640427935380785, -7.398346782014538 ], [ -78.640429376556682, -7.398075639382245 ], [ -78.639071284785445, -7.398068444196944 ], [ -78.639072726734653, -7.397797301827627 ], [ -78.638257872820191, -7.397792982893633 ], [ -78.638259315211613, -7.397521840680745 ], [ -78.637987697514291, -7.397520400758969 ], [ -78.637989140016884, -7.397249258595856 ], [ -78.637717522539404, -7.397247818562211 ], [ -78.637718965153155, -7.396976676448879 ], [ -78.637447347895517, -7.396975236303377 ], [ -78.637450233290949, -7.39643295217272 ], [ -78.637178616418652, -7.396431511968736 ], [ -78.637180059200318, -7.396160369951416 ], [ -78.636365209406009, -7.396156048508407 ], [ -78.636366652629732, -7.395884906647643 ], [ -78.635823420036346, -7.395882024966476 ], [ -78.635824863536627, -7.395610883208922 ], [ -78.635010015550861, -7.39560655960851 ], [ -78.635008571554195, -7.395877701205841 ], [ -78.634193723561722, -7.395873375958561 ], [ -78.634192279014229, -7.39614451739205 ], [ -78.633649046960429, -7.396141632961074 ], [ -78.633654826147492, -7.395057067633214 ], [ -78.633383210864082, -7.395055625383737 ], [ -78.633391879004108, -7.393428777605542 ], [ -78.633120264767726, -7.393427335511632 ], [ -78.633123154042991, -7.392885052997252 ], [ -78.632851540191865, -7.392883610845137 ], [ -78.632852984913214, -7.39261246963605 ], [ -78.63258137128193, -7.392611027372287 ], [ -78.632584260892045, -7.392068745050347 ], [ -78.631769421317301, -7.392064417589283 ], [ -78.631767976043321, -7.392335558591602 ], [ -78.630681523378243, -7.392329786118181 ], [ -78.630680077388234, -7.392600926902924 ], [ -78.629865237965546, -7.392596595653733 ], [ -78.629863791424867, -7.392867736274345 ], [ -78.62850572598397, -7.392860513955832 ], [ -78.628507173351608, -7.392589373602951 ], [ -78.627692335237867, -7.392585038391215 ], [ -78.627693783047107, -7.392313898195479 ], [ -78.62687894592068, -7.392309561658558 ], [ -78.626880394171479, -7.392038421620016 ], [ -78.626608782070562, -7.392036975831112 ], [ -78.626610230432149, -7.391765835842602 ], [ -78.625795394953116, -7.391761497646182 ], [ -78.625793946095428, -7.392032637473854 ], [ -78.624979110611847, -7.392028297630767 ], [ -78.624977661203388, -7.392299437293974 ], [ -78.624434437490081, -7.392296543132497 ], [ -78.624432987696238, -7.392567682684835 ], [ -78.623618152039995, -7.392563340043409 ], [ -78.623616701695326, -7.392834479431187 ], [ -78.622530254257512, -7.392828686716439 ], [ -78.622528803196602, -7.393099825885914 ], [ -78.621713967696294, -7.393095479455099 ], [ -78.6217125160845, -7.393366618459884 ], [ -78.620626068855159, -7.393360820692298 ], [ -78.62062461652701, -7.393631959478602 ], [ -78.619538169511841, -7.393626158854095 ], [ -78.619536716467309, -7.393897297421822 ], [ -78.618450269666667, -7.393891493940218 ], [ -78.618448815905722, -7.394162632289265 ], [ -78.617633980884236, -7.394158277782799 ], [ -78.617635435141437, -7.393887139595146 ], [ -78.617363823742622, -7.393885687816526 ], [ -78.617365278110427, -7.393614549679111 ], [ -78.616278833725005, -7.393608741128649 ], [ -78.616277378695557, -7.393879879050764 ], [ -78.615190934525884, -7.393874067642935 ], [ -78.615192390216961, -7.393602929936216 ], [ -78.614920779477089, -7.393601476725305 ], [ -78.614922235278712, -7.393330339068875 ], [ -78.614379014294386, -7.393327432259432 ], [ -78.614380470371941, -7.393056294707176 ], [ -78.613294029723463, -7.393050479322468 ], [ -78.613292572984321, -7.393321616659152 ], [ -78.609218425898817, -7.393299784629313 ], [ -78.609222803393919, -7.3924863750363 ], [ -78.608951194524138, -7.392484918408734 ], [ -78.60895411290997, -7.391942645436852 ], [ -78.608682504425929, -7.391941188752204 ], [ -78.608683963701679, -7.391670052314904 ], [ -78.60841235543802, -7.391668595519183 ], [ -78.60841527415522, -7.391126322741885 ], [ -78.608143666277272, -7.391124865889127 ], [ -78.608145125718707, -7.390853729549135 ], [ -78.607873518061112, -7.390852272585335 ], [ -78.607876437109553, -7.390310000002669 ], [ -78.607604829837655, -7.390308542981875 ], [ -78.607606289444661, -7.390037406739212 ], [ -78.607334682393116, -7.390035949607405 ], [ -78.607336142110412, -7.389764813415205 ], [ -78.606792928503083, -7.389761898764567 ], [ -78.606795848433762, -7.38921962658562 ], [ -78.606524242043307, -7.389218169120861 ], [ -78.606527162084362, -7.388675897035724 ], [ -78.606255556079532, -7.388674439514068 ], [ -78.606257016182767, -7.388403303520199 ], [ -78.604627382302084, -7.388394555249598 ], [ -78.604628843341928, -7.388123419576643 ], [ -78.60435723805324, -7.388121961008145 ], [ -78.604358699203246, -7.387850825385717 ], [ -78.60408709413494, -7.387849366706334 ], [ -78.604088555395109, -7.387578231134439 ], [ -78.60381695054717, -7.387576772344183 ], [ -78.603818411917487, -7.387305636822832 ], [ -78.601102368123378, -7.387291040387844 ], [ -78.601100905100495, -7.387562175367717 ], [ -78.59892807271595, -7.387550485908038 ], [ -78.598926608315793, -7.387821620450712 ], [ -78.597840192787828, -7.38781577154444 ], [ -78.597841657849031, -7.387544637218724 ], [ -78.597570054270435, -7.387543174633954 ], [ -78.59757444961825, -7.386729771798122 ], [ -78.597302846590665, -7.386728309211158 ], [ -78.597305776876709, -7.386186040744583 ], [ -78.596762571648256, -7.386183115292858 ], [ -78.596764037038824, -7.385911981162749 ], [ -78.59649243467274, -7.385910518243746 ], [ -78.596493900173243, -7.385639384164343 ], [ -78.5954074919227, -7.385633531056118 ], [ -78.595408958028756, -7.385362397190317 ], [ -78.594865754565745, -7.38535946975523 ], [ -78.594867220946895, -7.385088335994482 ], [ -78.594324018035579, -7.385085408008339 ], [ -78.594325484691794, -7.384814274352665 ], [ -78.594053883484349, -7.384812810166547 ], [ -78.59406121676129, -7.383457142106229 ], [ -78.594332817142856, -7.383458606020679 ], [ -78.594335749735919, -7.382916338662863 ], [ -78.594064149684655, -7.382914874857085 ], [ -78.594067082386687, -7.382372607593644 ], [ -78.593795482721063, -7.382371143731671 ], [ -78.593796949154182, -7.382100010148928 ], [ -78.59352534970904, -7.382098546176447 ], [ -78.593526816251952, -7.381827412644475 ], [ -78.592983617857982, -7.381824484313658 ], [ -78.592985084675789, -7.381553350886825 ], [ -78.592441886833527, -7.381550422005358 ], [ -78.592443353926186, -7.381279288683687 ], [ -78.592171755253219, -7.381277824050072 ], [ -78.592173222455614, -7.381006690779202 ], [ -78.591901624003157, -7.381005226035136 ], [ -78.591903091315274, -7.380734092815074 ], [ -78.591631493083298, -7.38073262796057 ], [ -78.591632960505109, -7.380461494791323 ], [ -78.591089764537557, -7.380458564696646 ], [ -78.591091232234149, -7.38018743163262 ], [ -78.590276439193644, -7.380183035417733 ], [ -78.590280843436673, -7.379369636693933 ], [ -78.590009246362584, -7.379368171122631 ], [ -78.590016586484381, -7.378012506783629 ], [ -78.589744990290967, -7.378011041319691 ], [ -78.589746458314053, -7.377739908495601 ], [ -78.58947486234112, -7.377738442921342 ], [ -78.589483670305569, -7.376111646228417 ], [ -78.589212075378128, -7.376110180816061 ], [ -78.589213543343135, -7.375839048075848 ], [ -78.588398759388483, -7.375834651013848 ], [ -78.588397290928512, -7.376105783590696 ], [ -78.587854101572773, -7.376102851283546 ], [ -78.587852632727333, -7.376373983747887 ], [ -78.586223065001889, -7.376365182546339 ], [ -78.586224534837271, -7.376094050408963 ], [ -78.585681346369512, -7.376091115466396 ], [ -78.585679876204139, -7.376362247494735 ], [ -78.584865093424014, -7.376357843681936 ], [ -78.584863622708113, -7.376628975543097 ], [ -78.581876088311247, -7.37661281494587 ], [ -78.581874615724786, -7.376883946203115 ], [ -78.581331428045416, -7.376881005662076 ], [ -78.581329955073301, -7.377152136806512 ], [ -78.580243579722136, -7.377146253529149 ], [ -78.580242106034348, -7.37741738445147 ], [ -78.579427324610293, -7.377412970099771 ], [ -78.579425850371805, -7.377684100854547 ], [ -78.578067881620186, -7.377676740033522 ], [ -78.578066406500881, -7.377947870511318 ], [ -78.576980031842155, -7.377941978670253 ], [ -78.576981507621554, -7.377670848411288 ], [ -78.575351948295662, -7.377662006035616 ], [ -78.575353425009425, -7.377390876101515 ], [ -78.574810239343563, -7.377387927434537 ], [ -78.574808762299767, -7.377659057259111 ], [ -78.572636020547918, -7.377647255563384 ], [ -78.572637498911831, -7.377376126177162 ], [ -78.572365906609051, -7.377374650278679 ], [ -78.57236738508216, -7.377103520943707 ], [ -78.571824200974092, -7.377100568762198 ], [ -78.571825679721371, -7.376829439533308 ], [ -78.569381355485334, -7.376816147056229 ], [ -78.569382835661713, -7.376545018317544 ], [ -78.568839653442922, -7.376542062731607 ], [ -78.568841133893386, -7.376270934099144 ], [ -78.568569543032851, -7.376269456114009 ], [ -78.568571023592355, -7.375998327532872 ], [ -78.568299432952728, -7.375996849437945 ], [ -78.5683009136213, -7.375725720908148 ], [ -78.56802932320258, -7.375724242703436 ], [ -78.568032284701857, -7.375181985742949 ], [ -78.567760694669005, -7.375180507483392 ], [ -78.567763656274451, -7.374638250618452 ], [ -78.567492066627437, -7.374636772304076 ], [ -78.567500951090793, -7.373010001953022 ], [ -78.567229362489286, -7.373008523803597 ], [ -78.567235285005523, -7.371924010384464 ], [ -78.567506872947433, -7.371925488314143 ], [ -78.567508353271748, -7.371654359895489 ], [ -78.567779941104732, -7.371655837605625 ], [ -78.567785861183012, -7.370571323675533 ], [ -78.567514274009497, -7.370569846185117 ], [ -78.567517234042697, -7.370027589308489 ], [ -78.567245647254822, -7.370026111763364 ], [ -78.567247127352346, -7.369754983374625 ], [ -78.566975540785236, -7.369753505719878 ], [ -78.566977020991658, -7.369482377382505 ], [ -78.566705434645357, -7.369480899618146 ], [ -78.566706914960619, -7.369209771332152 ], [ -78.566435328835098, -7.36920829345819 ], [ -78.56643680925923, -7.368937165223577 ], [ -78.566165223354503, -7.368935687240029 ], [ -78.566166703887475, -7.368664559056799 ], [ -78.565623532575557, -7.36866160270602 ], [ -78.56562501338216, -7.368390474629157 ], [ -78.565081842623812, -7.368387517730197 ], [ -78.56508332370403, -7.368116389759724 ], [ -78.561824305837078, -7.368098635205885 ], [ -78.561825788838789, -7.367827507892131 ], [ -78.561282620308631, -7.367824546606658 ], [ -78.56128410358383, -7.367553419399467 ], [ -78.561012519567655, -7.367551938565039 ], [ -78.561014002951566, -7.367280811409348 ], [ -78.56047083541705, -7.367277849357134 ], [ -78.560473802675659, -7.366735595255373 ], [ -78.560202219322079, -7.366734114092703 ], [ -78.560203703031988, -7.366462987091557 ], [ -78.559932119899273, -7.366461505819497 ], [ -78.559933603717823, -7.366190378869877 ] ] ] } }
]
}
